matchStatus,equipment,muscleGroup,normalizedName,candidates,reason,fileName,storageKey,sha256
UNMATCHED,halteres,abdominais,dumbbell russian twist with legs floor off,,sem exercício correspondente no catálogo,Dumbbell-Russian-Twist-with-Legs-Floor-Off-(VERSIO_converted.gif,exercises/halteres/abdominais/Dumbbell-Russian-Twist-with-Legs-Floor-Off-(VERSIO_converted.gif,33e8ec54e5a9f901e26ab884c22f77fb4b53e8d32331d63e2093b37e7d088dda
UNMATCHED,halteres,abdominais,dumbbell side bend,,sem exercício correspondente no catálogo,Dumbbell-Side-Bend-(female)_Waist_converted.gif,exercises/halteres/abdominais/Dumbbell-Side-Bend-(female)_Waist_converted.gif,07141951e967783971fb4f53370b8829f86b8796704f0705b272a30b6756fad3
UNMATCHED,halteres,abdominais,dumbbell v up,,sem exercício correspondente no catálogo,Dumbbell-V-up-(female)_Waist__converted.gif,exercises/halteres/abdominais/Dumbbell-V-up-(female)_Waist__converted.gif,33d26b903abb6a9fd97e1fbb6a9c2ab86f7500a41c234a4ec6e0f603259c44ef
UNMATCHED,halteres,abdominais,dumbbell wood chop,,sem exercício correspondente no catálogo,Dumbbell-Wood-Chop-(female)_Waist__converted.gif,exercises/halteres/abdominais/Dumbbell-Wood-Chop-(female)_Waist__converted.gif,78f700100f8e4ab9f2536d5801c891c8aefe4f98f899f1b1cfae6d5b3a5573b2
UNMATCHED,halteres,abdominais,otis up,,sem exercício correspondente no catálogo,Otis-Up-(female)_waist_converted.gif,exercises/halteres/abdominais/Otis-Up-(female)_waist_converted.gif,5f24caa39b67bbc3151a97d581d7979d053ef72a4e54949ddef57f1e407509ae
REVIEW,halteres,abdominais,push up row,Flexão de braço,variação/parente de um exercício do catálogo — confirmar,Push-up-Row-(female)_Back__converted.gif,exercises/halteres/abdominais/Push-up-Row-(female)_Back__converted.gif,51ab95e9ac9f5b313cd6885f027c89b4ad0acb0df1efc7a9fd3cd427e85f1a8c
UNMATCHED,halteres,abdominais,spell caster,,sem exercício correspondente no catálogo,Spell-Caster-(female)_converted.gif,exercises/halteres/abdominais/Spell-Caster-(female)_converted.gif,8a663bee1631dd5867a658fd2536c17385554c51d2ad3a3a764a38195d4ed085
UNMATCHED,halteres,abdominais,weighted counterbalanced squat,,sem exercício correspondente no catálogo,Weighted-Counterbalanced-Squat-(female)_Thighs__converted.gif,exercises/halteres/abdominais/Weighted-Counterbalanced-Squat-(female)_Thighs__converted.gif,4a9c7258b43e0d81274c40ebc1e31c58f90717e14678c567e5dcbd5cc167a1a2
UNMATCHED,halteres,abdominais,weighted crunch,,sem exercício correspondente no catálogo,Weighted-Crunch-(female)_Waist__converted.gif,exercises/halteres/abdominais/Weighted-Crunch-(female)_Waist__converted.gif,aabd063f46aca8c97954ed4e81ada8ecafb57c31cdfe61e65536d8bc2360d5db
UNMATCHED,halteres,abdominais,weighted dumbbell lying flat hip raise,,sem exercício correspondente no catálogo,Weighted-Dumbbell-Lying-Flat-Hip-Raise-(female)_Wa_converted.gif,exercises/halteres/abdominais/Weighted-Dumbbell-Lying-Flat-Hip-Raise-(female)_Wa_converted.gif,603c0681048416c65a57199f25882821c52ea0813b0428762339ea0a5460a9ee
UNMATCHED,halteres,abdominais,weighted dumbbell table top bridge,,sem exercício correspondente no catálogo,Weighted-Dumbbell-Table-Top-Bridge-(female)_Hips__converted.gif,exercises/halteres/abdominais/Weighted-Dumbbell-Table-Top-Bridge-(female)_Hips__converted.gif,d352d0c132c17e7ba8499bc5c4cc04bb92bc1f8ac5b1e0f2b43f75b801e20716
UNMATCHED,halteres,abdominais,weighted standing twist,,sem exercício correspondente no catálogo,Weighted-Standing-Twist_Waist-FIX__converted.gif,exercises/halteres/abdominais/Weighted-Standing-Twist_Waist-FIX__converted.gif,9dc04e9bdbcb1730d0b27bba1e76f82694421b9f1d5d9954acedae19b19a4825
UNMATCHED,halteres,abdominais,weighted twisting crunch on bench,,sem exercício correspondente no catálogo,Weighted-Twisting-Crunch-(on-bench)_Waist_converted.gif,exercises/halteres/abdominais/Weighted-Twisting-Crunch-(on-bench)_Waist_converted.gif,3ade1b15e1242ee20b8c40222dd72419b93fe74eff5d0b62785f4456079189d8
UNMATCHED,halteres,antebraco,dumbbell behind back finger curl,,sem exercício correspondente no catálogo,Dumbbell-Behind-Back-Finger-Curl-(female)_Forearms_converted.gif,exercises/halteres/antebraco/Dumbbell-Behind-Back-Finger-Curl-(female)_Forearms_converted.gif,462961fba1ca222cffb02890610e488c3722a0b4842ed889ad2ab0068520e22d
UNMATCHED,halteres,antebraco,dumbbell finger curls,,sem exercício correspondente no catálogo,Dumbbell-Finger-Curls_Forearms__converted.gif,exercises/halteres/antebraco/Dumbbell-Finger-Curls_Forearms__converted.gif,eff7ebbe16ce367a078b73df8521e6459215d330d610dac8ba71aa2705bf92ac
UNMATCHED,halteres,antebraco,dumbbell one arm reverse wrist curl,,sem exercício correspondente no catálogo,Dumbbell-One-Arm-Reverse-Wrist-Curl-(female)_Forea_converted.gif,exercises/halteres/antebraco/Dumbbell-One-Arm-Reverse-Wrist-Curl-(female)_Forea_converted.gif,2b40d215e330fc9c5a0f1ced304f35f8ecaf3998dd50b1f1cccac1241400b1b2
UNMATCHED,halteres,antebraco,dumbbell one arm seated neutral wrist curl,,sem exercício correspondente no catálogo,Dumbbell-One-Arm-Seated-Neutral-Wrist-Curl_Forearm_converted.gif,exercises/halteres/antebraco/Dumbbell-One-Arm-Seated-Neutral-Wrist-Curl_Forearm_converted.gif,eaf8703abd24e53ce7a54f7206cde89a4afaee5b3a5d1782dd4392d49c65368e
UNMATCHED,halteres,antebraco,dumbbell one arm wrist curl,,sem exercício correspondente no catálogo,Dumbbell-One-Arm-Wrist-Curl-(female)_Forearms__converted.gif,exercises/halteres/antebraco/Dumbbell-One-Arm-Wrist-Curl-(female)_Forearms__converted.gif,1dd94e25513577d34ecec7adbe0169f0e54576256085f4c08b70894c151c99d7
UNMATCHED,halteres,antebraco,dumbbell over bench one arm neutral wrist curl,,sem exercício correspondente no catálogo,Dumbbell-Over-Bench-One-Arm-Neutral-Wrist-Curl_For_converted.gif,exercises/halteres/antebraco/Dumbbell-Over-Bench-One-Arm-Neutral-Wrist-Curl_For_converted.gif,e8ecfd0a9862a6d81a4459db624c8a5d42b7613a791608002eb1a2e8c4c380c1
UNMATCHED,halteres,antebraco,dumbbell over bench revers wrist curl,,sem exercício correspondente no catálogo,Dumbbell-Over-Bench-Revers-Wrist-Curl_Forearms__converted.gif,exercises/halteres/antebraco/Dumbbell-Over-Bench-Revers-Wrist-Curl_Forearms__converted.gif,1a6e46ef0bd21311dd851df2de9d1367b84dbb5d755455ce4566fc5f6763e316
UNMATCHED,halteres,antebraco,dumbbell over bench wrist curl,,sem exercício correspondente no catálogo,Dumbbell-Over-Bench-Wrist-Curl-(female)_Forearms_converted.gif,exercises/halteres/antebraco/Dumbbell-Over-Bench-Wrist-Curl-(female)_Forearms_converted.gif,dc59933c2e45ef3b9eac324769a62ac1924458718ff1d83bd4b0d5cd77952139
UNMATCHED,halteres,antebraco,dumbbell over bench wrist curl,,sem exercício correspondente no catálogo,Dumbbell-Over-Bench-Wrist-Curl_Forearms_converted.gif,exercises/halteres/antebraco/Dumbbell-Over-Bench-Wrist-Curl_Forearms_converted.gif,241a8d32e924264c3dea5ffb884f9c2a09a69bbe58014c2425557866fdac0090
UNMATCHED,halteres,antebraco,dumbbell over the bench supination,,sem exercício correspondente no catálogo,Dumbbell-Over-the-Bench-Supination_Forearms__converted.gif,exercises/halteres/antebraco/Dumbbell-Over-the-Bench-Supination_Forearms__converted.gif,5ad505eeccfb8122533e9b6a179046a792e0aa25f51f1d0cd87a0e8b7611f60d
UNMATCHED,halteres,antebraco,dumbbell reverse wrist curl,,sem exercício correspondente no catálogo,Dumbbell-Reverse-Wrist-Curl_Forearms__converted.gif,exercises/halteres/antebraco/Dumbbell-Reverse-Wrist-Curl_Forearms__converted.gif,9f023890bfc5472e9d7e17c8e42dc88ab3677707d3f7fc750a62f84ff592d5ba
UNMATCHED,halteres,antebraco,dumbbell seated external rotation,,sem exercício correspondente no catálogo,Dumbbell-Seated-External-Rotation-(male)_Shoulders_converted.gif,exercises/halteres/antebraco/Dumbbell-Seated-External-Rotation-(male)_Shoulders_converted.gif,3a1ed8f944a5e5c8001916d5466bcbe2fb6b783ba71d6eec70b8214be8ae1e69
UNMATCHED,halteres,antebraco,dumbbell seated neutral wrist curl,,sem exercício correspondente no catálogo,Dumbbell-Seated-Neutral-Wrist-Curl-(female)_Forearms_converted.gif,exercises/halteres/antebraco/Dumbbell-Seated-Neutral-Wrist-Curl-(female)_Forearms_converted.gif,26d3e57220aa3308d49a941ac50fe0068dee98a494fa6a5ac0775562b85e87d6
UNMATCHED,halteres,antebraco,dumbbell seated palms up wrist curl,,sem exercício correspondente no catálogo,Dumbbell-Seated-Palms-Up-Wrist-Curl-(female)_Forea_converted.gif,exercises/halteres/antebraco/Dumbbell-Seated-Palms-Up-Wrist-Curl-(female)_Forea_converted.gif,40336a1646f6c7280290ced574d331e093e48195d91896921b34c3677a039bef
UNMATCHED,halteres,antebraco,dumbbell seated revers grip concentration curl,,sem exercício correspondente no catálogo,Dumbbell-Seated-Revers-grip-Concentration-Curl_Forearms__converted.gif,exercises/halteres/antebraco/Dumbbell-Seated-Revers-grip-Concentration-Curl_Forearms__converted.gif,5c7ac06b81f696e6d70b57599b2d7c36dc0453b05041466860216c2ee2440ad5
UNMATCHED,halteres,antebraco,dumbbell standing arms rotate,,sem exercício correspondente no catálogo,Dumbbell-Standing-Arms-Rotate_Forearms__converted.gif,exercises/halteres/antebraco/Dumbbell-Standing-Arms-Rotate_Forearms__converted.gif,f00c55b1b93aa6121d09ea9eec994816eafbabb68a6036cf58e51bd732f95fa9
UNMATCHED,halteres,antebraco,dumbbell standing back wrist curl,,sem exercício correspondente no catálogo,Dumbbell-Standing-Back-Wrist-Curl_Forearms__converted.gif,exercises/halteres/antebraco/Dumbbell-Standing-Back-Wrist-Curl_Forearms__converted.gif,7ab126b7f6c84774ede220faae3ec901ccab46f2c442aa2e515c40fa383bda2f
UNMATCHED,halteres,antebraco,dumbbell standing wrist curl,,sem exercício correspondente no catálogo,Dumbbell-Standing-Wrist-Curl_Forearms_ 1_converted.gif,exercises/halteres/antebraco/Dumbbell-Standing-Wrist-Curl_Forearms_ 1_converted.gif,77486b059d15e7dc63baa17c8d8b1223dbc5b1bc0b2e684c88a4e6a6602b3d1c
UNMATCHED,halteres,antebraco,dumbbell standing wrist curl,,sem exercício correspondente no catálogo,Dumbbell-Standing-Wrist-Curl_Forearms__converted.gif,exercises/halteres/antebraco/Dumbbell-Standing-Wrist-Curl_Forearms__converted.gif,c9199199445eacac889cfc37f385609fe9092fdccf53bf34a421c8f7b157d918
UNMATCHED,halteres,antebraco,dumbbell standing wrist reverse curl,,sem exercício correspondente no catálogo,Dumbbell-Standing-Wrist-Reverse-Curl_Forearms__converted.gif,exercises/halteres/antebraco/Dumbbell-Standing-Wrist-Reverse-Curl_Forearms__converted.gif,3628c260b1a00cb2da36a711186cca196fe3e482c2bd80e714b711bf3ba984f6
UNMATCHED,halteres,antebraco,weighted standing curl,,sem exercício correspondente no catálogo,Weighted-Standing-Curl-(female)_Forearms_converted.gif,exercises/halteres/antebraco/Weighted-Standing-Curl-(female)_Forearms_converted.gif,3b68f7f020b6029e92b0b6a34a680ba671f09511c9a813fdaba375a96ae3e811
UNMATCHED,halteres,antebraco,weighted standing hand squeeze,,sem exercício correspondente no catálogo,Weighted-Standing-Hand-Squeeze_Forearms__converted.gif,exercises/halteres/antebraco/Weighted-Standing-Hand-Squeeze_Forearms__converted.gif,4d8c028a2064cdc7fbed5de0152894eb059b5c9c6ef2c37bac879aa244f98b93
UNMATCHED,halteres,biceps,dumbbell alternate biceps curl,,sem exercício correspondente no catálogo,Dumbbell-Alternate-Biceps-Curl-(female)_Upper-Arms_converted.gif,exercises/halteres/biceps/Dumbbell-Alternate-Biceps-Curl-(female)_Upper-Arms_converted.gif,076689e84f19b4e245611b372837c401edf0dd57fee01865008ceea8bf46b8f3
UNMATCHED,halteres,biceps,dumbbell alternate biceps curl,,sem exercício correspondente no catálogo,Dumbbell-Alternate-Biceps-Curl_Upper-Arms-FIX__converted.gif,exercises/halteres/biceps/Dumbbell-Alternate-Biceps-Curl_Upper-Arms-FIX__converted.gif,7b104e49cfc816c037b9fb942a15688e6fdb5cd5ab4d0c382f97a2ed9acd5598
UNMATCHED,halteres,biceps,dumbbell alternate hammer srtict curl,,sem exercício correspondente no catálogo,Dumbbell-Alternate-Hammer-Srtict-Curl_Upper-Arms__converted.gif,exercises/halteres/biceps/Dumbbell-Alternate-Hammer-Srtict-Curl_Upper-Arms__converted.gif,f836418d185053d228801de2a0e3feb33b4a0e48b3875c7da9ac22d4d72c521d
UNMATCHED,halteres,biceps,dumbbell alternate seated hammer curl,,sem exercício correspondente no catálogo,Dumbbell-Alternate-Seated-Hammer-Curl_Upper-Arms__converted.gif,exercises/halteres/biceps/Dumbbell-Alternate-Seated-Hammer-Curl_Upper-Arms__converted.gif,296c0efb7633896c8a1467cb726bbda8145f12f493ef4650c3da27369195d7c9
UNMATCHED,halteres,biceps,dumbbell biceps curl,,sem exercício correspondente no catálogo,Dumbbell-Biceps-Curl-(female)_Upper-Arms_converted.gif,exercises/halteres/biceps/Dumbbell-Biceps-Curl-(female)_Upper-Arms_converted.gif,6bfe24241077b9d53b45f78893b13b61518754237471cf57a519ff8c60ba1c24
UNMATCHED,halteres,biceps,dumbbell biceps curl,,sem exercício correspondente no catálogo,Dumbbell-Biceps-Curl-(VERSION-3)-(female)_Upper-Ar_converted.gif,exercises/halteres/biceps/Dumbbell-Biceps-Curl-(VERSION-3)-(female)_Upper-Ar_converted.gif,d1988ff890f5b3c659069a3f7e1f2c9a9bfec11f0844f3dd7b7963e5f9db42ee
UNMATCHED,halteres,biceps,dumbbell biceps curl with overhead extension on st,,sem exercício correspondente no catálogo,Dumbbell-Biceps-Curl-with-Overhead-Extension-on-St_converted.gif,exercises/halteres/biceps/Dumbbell-Biceps-Curl-with-Overhead-Extension-on-St_converted.gif,d4614afa8f5815a06a573b56b4c4956084c7119ee09798330db8be334ee0e1d2
UNMATCHED,halteres,biceps,dumbbell concentration curl,,sem exercício correspondente no catálogo,Dumbbell-Concentration-Curl-(female)_Upper-Arms_converted.gif,exercises/halteres/biceps/Dumbbell-Concentration-Curl-(female)_Upper-Arms_converted.gif,9dbb0c829d20cb6cb8f3960c5c42181d6c024141ac656a244f3421b9a220b250
UNMATCHED,halteres,biceps,dumbbell concentration curl,,sem exercício correspondente no catálogo,Dumbbell-Concentration-Curl_Upper-Arms-FIX__converted.gif,exercises/halteres/biceps/Dumbbell-Concentration-Curl_Upper-Arms-FIX__converted.gif,d1e13998d0cfc710f7920fc0aa5ac4c72fca5209ab0c87885a216735d8fe02e3
UNMATCHED,halteres,biceps,dumbbell cross body hammer curl,,sem exercício correspondente no catálogo,Dumbbell-Cross-Body-Hammer-Curl-(Version-2)-(female)_Upper-Arms_converted.gif,exercises/halteres/biceps/Dumbbell-Cross-Body-Hammer-Curl-(Version-2)-(female)_Upper-Arms_converted.gif,05e8ff5c6ce467c530bcffc6254ef80a816960908993d594896390cb75c0f9fa
UNMATCHED,halteres,biceps,dumbbell curl to press,,sem exercício correspondente no catálogo,Dumbbell-Curl-to-Press_Shoulders_converted.gif,exercises/halteres/biceps/Dumbbell-Curl-to-Press_Shoulders_converted.gif,6dd0a766ea82c7c4109354321ebd2f59d124dead2d9fb62b22cfbc577bd31cfe
UNMATCHED,halteres,biceps,dumbbell external rotation,,sem exercício correspondente no catálogo,Dumbbell-External-Rotation_Back__converted.gif,exercises/halteres/biceps/Dumbbell-External-Rotation_Back__converted.gif,d260d8599bee6277afb7647ef00c8da34fa7c861c44167aa5862d5d2e511303d
UNMATCHED,halteres,biceps,dumbbell hammer curl,,sem exercício correspondente no catálogo,Dumbbell-Hammer-Curl-(female)_Upper-Arms 1_converted.gif,exercises/halteres/biceps/Dumbbell-Hammer-Curl-(female)_Upper-Arms 1_converted.gif,2e28c1701ebbb3bc33c597cd7f36d1cdffdf50f61662924f155feacc6aec349a
UNMATCHED,halteres,biceps,dumbbell hammer curl,,sem exercício correspondente no catálogo,Dumbbell-Hammer-Curl-(female)_Upper-Arms_converted.gif,exercises/halteres/biceps/Dumbbell-Hammer-Curl-(female)_Upper-Arms_converted.gif,37582da5c8d257ea45fac6dfb0b0d52a8b0b1cf1b2e2affcd763b4f4831570c2
UNMATCHED,halteres,biceps,dumbbell hammer preacher curl,,sem exercício correspondente no catálogo,Dumbbell-Hammer-Preacher-Curl-(female)_Forearms__converted.gif,exercises/halteres/biceps/Dumbbell-Hammer-Preacher-Curl-(female)_Forearms__converted.gif,c4abdcefb00127908a796a166d92c1bca33654eb2a205dfd18424325ab9f20b1
UNMATCHED,halteres,biceps,dumbbell hammer srtict curl,,sem exercício correspondente no catálogo,Dumbbell-Hammer-Srtict-Curl_Upper-Arms__converted.gif,exercises/halteres/biceps/Dumbbell-Hammer-Srtict-Curl_Upper-Arms__converted.gif,63c7626073e7ff463283d4cea1fa5e38923c9d3f5964d5ae63fd8079e086e2ac
UNMATCHED,halteres,biceps,dumbbell high curl,,sem exercício correspondente no catálogo,Dumbbell-High-Curl-(female)_Upper-Arms__converted.gif,exercises/halteres/biceps/Dumbbell-High-Curl-(female)_Upper-Arms__converted.gif,3cb361b51bdeaa57230cc9d80de2ed9a8bd692512f07f0283dc5cdd39aad2357
UNMATCHED,halteres,biceps,dumbbell incline alternate bicep curl,,sem exercício correspondente no catálogo,Dumbbell-Incline-Alternate-Bicep-Curl_Upper-Arms__converted.gif,exercises/halteres/biceps/Dumbbell-Incline-Alternate-Bicep-Curl_Upper-Arms__converted.gif,d059f9b9158ce01dc504e93cf53bc6a78b718991d1a0faa971f5759626de13d4
UNMATCHED,halteres,biceps,dumbbell incline alternate hammer curl,,sem exercício correspondente no catálogo,Dumbbell-Incline-Alternate-Hammer-Curl_Upper-Arms__converted.gif,exercises/halteres/biceps/Dumbbell-Incline-Alternate-Hammer-Curl_Upper-Arms__converted.gif,e43146e16a5103909e857f3466a1555aed85adb54e6da9da6be27487e13d1686
UNMATCHED,halteres,biceps,dumbbell incline biceps curl,,sem exercício correspondente no catálogo,Dumbbell-Incline-Biceps-Curl-(female)_Upper-Arms 1_converted.gif,exercises/halteres/biceps/Dumbbell-Incline-Biceps-Curl-(female)_Upper-Arms 1_converted.gif,d8a2e309f05a5189be0f4ff76a13910c29d5f6cc2f1cd8d196d385d8a2648b52
UNMATCHED,halteres,biceps,dumbbell incline biceps curl,,sem exercício correspondente no catálogo,Dumbbell-Incline-Biceps-Curl-(female)_Upper-Arms_converted.gif,exercises/halteres/biceps/Dumbbell-Incline-Biceps-Curl-(female)_Upper-Arms_converted.gif,1afc2f40d2738585bd2482305e37a713ee02fa1762bee0a9f5f8b46294191da4
UNMATCHED,halteres,biceps,dumbbell incline curl,,sem exercício correspondente no catálogo,Dumbbell-Incline-Curl_Upper-Arms-FIX__converted.gif,exercises/halteres/biceps/Dumbbell-Incline-Curl_Upper-Arms-FIX__converted.gif,8246c5f1452c28a793a4e77457b65b9a2bc7c602f15917586370fdf68c35cc8f
UNMATCHED,halteres,biceps,dumbbell incline hammer curl,,sem exercício correspondente no catálogo,Dumbbell-Incline-Hammer-Curl-(female)_Upper-Arms_converted.gif,exercises/halteres/biceps/Dumbbell-Incline-Hammer-Curl-(female)_Upper-Arms_converted.gif,4744c7a786295d95579fc890041684cb903f6b5de224beb34a0de558e5acb2a7
UNMATCHED,halteres,biceps,dumbbell incline inner biceps curl,,sem exercício correspondente no catálogo,Dumbbell-Incline-Inner-Biceps-Curl_Upper-Arms-FIX__converted.gif,exercises/halteres/biceps/Dumbbell-Incline-Inner-Biceps-Curl_Upper-Arms-FIX__converted.gif,8add53b9f793347e122825523206b5a071b1b4189cb9721dfd0045579203da59
UNMATCHED,halteres,biceps,dumbbell lying supine curl,,sem exercício correspondente no catálogo,Dumbbell-Lying-Supine-Curl-(female)_Forearms_converted.gif,exercises/halteres/biceps/Dumbbell-Lying-Supine-Curl-(female)_Forearms_converted.gif,4b64943ce319ba714ea27878b66ef3dadba625df2604c985a634fe13a60df95f
UNMATCHED,halteres,biceps,dumbbell one arm hammer preacher curl,,sem exercício correspondente no catálogo,Dumbbell-One-Arm-Hammer-Preacher-Curl_Upper-Arms__converted.gif,exercises/halteres/biceps/Dumbbell-One-Arm-Hammer-Preacher-Curl_Upper-Arms__converted.gif,dca23c510b2464883bc73dab88a6eb571692ea263b34bcb093f03b02d0667dc7
UNMATCHED,halteres,biceps,dumbbell one arm reverse preacher curl,,sem exercício correspondente no catálogo,Dumbbell-One-Arm-Reverse-Preacher-Curl_Forearms__converted.gif,exercises/halteres/biceps/Dumbbell-One-Arm-Reverse-Preacher-Curl_Forearms__converted.gif,70c82713cf8b8d3fc63c6ef5ae4f4071b66641468a2ee37bcb85b0b2a2786fec
UNMATCHED,halteres,biceps,dumbbell one arm upright row,,sem exercício correspondente no catálogo,Dumbbell-One-Arm-Upright-Row_Shoulders__converted.gif,exercises/halteres/biceps/Dumbbell-One-Arm-Upright-Row_Shoulders__converted.gif,d90b98a127d1602851990bc7ad6a66363bdd5a5ea6f9e5d61a77b50958f9275b
UNMATCHED,halteres,biceps,dumbbell one arm zottman preacher curl,,sem exercício correspondente no catálogo,Dumbbell-One-Arm-Zottman-Preacher-Curl-(female)_Upper-Arms_converted.gif,exercises/halteres/biceps/Dumbbell-One-Arm-Zottman-Preacher-Curl-(female)_Upper-Arms_converted.gif,0de1896b2d0eb3eb5b966aaef83087bbcaa472981c618b798239f7737bc0939c
UNMATCHED,halteres,biceps,dumbbell one arm zottman preacher curl,,sem exercício correspondente no catálogo,Dumbbell-One-Arm-Zottman-Preacher-Curl_Upper-Arms_converted.gif,exercises/halteres/biceps/Dumbbell-One-Arm-Zottman-Preacher-Curl_Upper-Arms_converted.gif,66c9a94a008e0a8d912d23875a83270b62c17156a69a0e95f3937572fee3c3a5
UNMATCHED,halteres,biceps,dumbbell peacher hammer curl,,sem exercício correspondente no catálogo,Dumbbell-Peacher-Hammer-Curl-(female)_Forearms__converted.gif,exercises/halteres/biceps/Dumbbell-Peacher-Hammer-Curl-(female)_Forearms__converted.gif,9fed06ee63c8b903b01add08fa6f1f1a697177301a980dd39128a9ea956b1739
UNMATCHED,halteres,biceps,dumbbell preacher curl,,sem exercício correspondente no catálogo,Dumbbell-Preacher-Curl-(female)_Upper-Arms__converted.gif,exercises/halteres/biceps/Dumbbell-Preacher-Curl-(female)_Upper-Arms__converted.gif,711c71de083c682cf6c09aca24187d65ae7a6bc168c3d2bcb2af0ec3cb833dbc
UNMATCHED,halteres,biceps,dumbbell preacher curl turned torso,,sem exercício correspondente no catálogo,Dumbbell-Preacher-Curl-(Turned-Torso)_Upper-Arms__converted.gif,exercises/halteres/biceps/Dumbbell-Preacher-Curl-(Turned-Torso)_Upper-Arms__converted.gif,744a85fbdf831cc487bb2c8ccaa18d54f5f71345c8e1334e7e69f2130cbc374f
UNMATCHED,halteres,biceps,dumbbell preacher curl over exercise ball converted 2,,sem exercício correspondente no catálogo,Dumbbell-Preacher-Curl-over-Exercise-Ball-(female)_Upper-Arms_converted 2.gif,exercises/halteres/biceps/Dumbbell-Preacher-Curl-over-Exercise-Ball-(female)_Upper-Arms_converted 2.gif,729aa9f747ea207d2d66c5cb014d89aa3dac18f4d1e3f4686d8e1890a3d2a769
UNMATCHED,halteres,biceps,dumbbell preacher curl over exercise ball,,sem exercício correspondente no catálogo,Dumbbell-Preacher-Curl-over-Exercise-Ball-(female)_Upper-Arms_converted.gif,exercises/halteres/biceps/Dumbbell-Preacher-Curl-over-Exercise-Ball-(female)_Upper-Arms_converted.gif,729aa9f747ea207d2d66c5cb014d89aa3dac18f4d1e3f4686d8e1890a3d2a769
UNMATCHED,halteres,biceps,dumbbell preacher curl,,sem exercício correspondente no catálogo,Dumbbell-Preacher-Curl_Upper-Arms_converted.gif,exercises/halteres/biceps/Dumbbell-Preacher-Curl_Upper-Arms_converted.gif,2766f6697e4b80ad14311163b8d6414ea19fcdd7307eec7ff5e25a44045e0256
UNMATCHED,halteres,biceps,dumbbell prone incline curl,,sem exercício correspondente no catálogo,Dumbbell-Prone-Incline-Curl-(female)_Upper-Arms_converted.gif,exercises/halteres/biceps/Dumbbell-Prone-Incline-Curl-(female)_Upper-Arms_converted.gif,5530638f641ac4f79aab9f910b1bdde0b03ee9b08c864aef55da007e193de3ce
UNMATCHED,halteres,biceps,dumbbell prone incline hammer curl,,sem exercício correspondente no catálogo,Dumbbell-Prone-Incline-Hammer-Curl-(female)_Upper-_converted.gif,exercises/halteres/biceps/Dumbbell-Prone-Incline-Hammer-Curl-(female)_Upper-_converted.gif,11e8322730c71cc5745bf92d8b9b6ab821942373c134af1b50fffd78b2bdebe6
UNMATCHED,halteres,biceps,dumbbell reverse grip biceps curl,,sem exercício correspondente no catálogo,Dumbbell-Reverse-grip-Biceps-Curl-(female)_Forearm_converted.gif,exercises/halteres/biceps/Dumbbell-Reverse-grip-Biceps-Curl-(female)_Forearm_converted.gif,add0eb49bef208aaa09b88ac3e35a73361b473b468f6c26eb4b13d9f5964b58b
UNMATCHED,halteres,biceps,dumbbell seated alternate biceps curl,,sem exercício correspondente no catálogo,Dumbbell-Seated-Alternate-Biceps-Curl-(female)_Upper-Arms_converted.gif,exercises/halteres/biceps/Dumbbell-Seated-Alternate-Biceps-Curl-(female)_Upper-Arms_converted.gif,c8eb98664bce6cb09d8f31d09764221e98199fdee5432cf23e1f709d06491c61
UNMATCHED,halteres,biceps,dumbbell seated curl,,sem exercício correspondente no catálogo,Dumbbell-Seated-Curl-(female)_Upper-Arms__converted.gif,exercises/halteres/biceps/Dumbbell-Seated-Curl-(female)_Upper-Arms__converted.gif,eeb3c224c548276ae401c00aa20396f7ea38f6e586b13f41d2229e03a92d1736
UNMATCHED,halteres,biceps,dumbbell seated hammer curl,,sem exercício correspondente no catálogo,Dumbbell-Seated-Hammer-Curl-(female)_Upper-Arms__converted.gif,exercises/halteres/biceps/Dumbbell-Seated-Hammer-Curl-(female)_Upper-Arms__converted.gif,d22bdc8b49a7852aa39c6974d2223f22a4944d91f321428b5ffb0655424f5cd6
UNMATCHED,halteres,biceps,dumbbell single arm preacher curl,,sem exercício correspondente no catálogo,Dumbbell-Single-Arm-Preacher-Curl-(female)_Upper-Arms_converted.gif,exercises/halteres/biceps/Dumbbell-Single-Arm-Preacher-Curl-(female)_Upper-Arms_converted.gif,caaafaf3fb4f90f699eb3b0eba26626b3bff8d2b21f6862853016bb105469561
UNMATCHED,halteres,biceps,dumbbell srtict curl,,sem exercício correspondente no catálogo,Dumbbell-Srtict-Curl_Upper-Arms__converted.gif,exercises/halteres/biceps/Dumbbell-Srtict-Curl_Upper-Arms__converted.gif,f157945d5997d7725667ea8c87743a9c9345b80718f9769cb5ec8fb59b5c82b5
UNMATCHED,halteres,biceps,dumbbell standing alternate reverse curl,,sem exercício correspondente no catálogo,Dumbbell-Standing-Alternate-Reverse-Curl_Forearms__converted.gif,exercises/halteres/biceps/Dumbbell-Standing-Alternate-Reverse-Curl_Forearms__converted.gif,672825d73e0b4d6d45e862647ad6e23138d7d238e514f211f09dc334e4c3174e
UNMATCHED,halteres,biceps,dumbbell standing concentration curl,,sem exercício correspondente no catálogo,Dumbbell-Standing-Concentration-Curl_Upper-Arms-FI_converted.gif,exercises/halteres/biceps/Dumbbell-Standing-Concentration-Curl_Upper-Arms-FI_converted.gif,20235ccef4b0e8f5951b1d22d1374b46ce3cd8aa27c4d9d69a4cb9c6ff615fe6
UNMATCHED,halteres,biceps,dumbbell standing hammer curl,,sem exercício correspondente no catálogo,Dumbbell-Standing-Hammer-Curl_Upper-Arms__converted.gif,exercises/halteres/biceps/Dumbbell-Standing-Hammer-Curl_Upper-Arms__converted.gif,e98cbc1cfb06d968692cc2b783892858be6b020205b1764ed7183742e656772f
UNMATCHED,halteres,biceps,dumbbell standing inner biceps curl f,,sem exercício correspondente no catálogo,Dumbbell-Standing-Inner-Biceps-Curl-(version-2)-(f_converted 2.gif,exercises/halteres/biceps/Dumbbell-Standing-Inner-Biceps-Curl-(version-2)-(f_converted 2.gif,afa66ce6b7513e2ca1e7c2039d0facf4cf3bb1f663ed1fc42df652138041b051
UNMATCHED,halteres,biceps,dumbbell standing inner biceps curl f,,sem exercício correspondente no catálogo,Dumbbell-Standing-Inner-Biceps-Curl-(version-2)-(f_converted.gif,exercises/halteres/biceps/Dumbbell-Standing-Inner-Biceps-Curl-(version-2)-(f_converted.gif,afa66ce6b7513e2ca1e7c2039d0facf4cf3bb1f663ed1fc42df652138041b051
UNMATCHED,halteres,biceps,dumbbell standing inner biceps curl,,sem exercício correspondente no catálogo,Dumbbell-Standing-Inner-Biceps-Curl_Upper-Arms__converted.gif,exercises/halteres/biceps/Dumbbell-Standing-Inner-Biceps-Curl_Upper-Arms__converted.gif,696d42d63aa8cd7396e0b4327d0198d67d9202612e4208515f6fe87742ea6e20
UNMATCHED,halteres,biceps,dumbbell standing one arm concentration curl,,sem exercício correspondente no catálogo,Dumbbell-Standing-One-Arm-Concentration-Curl_Upper_converted.gif,exercises/halteres/biceps/Dumbbell-Standing-One-Arm-Concentration-Curl_Upper_converted.gif,3c766fccc0abf687bdfde7fd731f8cd414f92271b6e364abf82f8e4f7f1afc40
UNMATCHED,halteres,biceps,dumbbell standing one arm curl over incline bench,,sem exercício correspondente no catálogo,Dumbbell-Standing-One-Arm-Curl-(over-incline-bench)_Upper-Arms_converted.gif,exercises/halteres/biceps/Dumbbell-Standing-One-Arm-Curl-(over-incline-bench)_Upper-Arms_converted.gif,accf5b4c0c2d1cdda835f77819a0e6e6f7f0c80c4c4d26f42be67d98c815ca10
UNMATCHED,halteres,biceps,dumbbell standing one arm curl over incline bench,,sem exercício correspondente no catálogo,Dumbbell-Standing-One-Arm-Curl-Over-Incline-Bench__converted.gif,exercises/halteres/biceps/Dumbbell-Standing-One-Arm-Curl-Over-Incline-Bench__converted.gif,05bbaecbcbff4ebce86a53fe2095cf14ca121cebb09f6bb9d8e2257bb1f5be9c
UNMATCHED,halteres,biceps,dumbbell standing preacher curl,,sem exercício correspondente no catálogo,Dumbbell-Standing-Preacher-Curl_Upper-Arms_converted.gif,exercises/halteres/biceps/Dumbbell-Standing-Preacher-Curl_Upper-Arms_converted.gif,5d050c5776aee059febfa483056b444eb9a0458d78682f855208c753be7af919
UNMATCHED,halteres,biceps,dumbbell standing single arm biceps curl,,sem exercício correspondente no catálogo,Dumbbell-Standing-Single-Arm-Biceps-Curl-(female)__converted 2.gif,exercises/halteres/biceps/Dumbbell-Standing-Single-Arm-Biceps-Curl-(female)__converted 2.gif,3215e74eddf4c06caa4d6302030ec24ff3c562cd633d5585145bab01bd9b58b2
UNMATCHED,halteres,biceps,dumbbell standing single arm biceps curl,,sem exercício correspondente no catálogo,Dumbbell-Standing-Single-Arm-Biceps-Curl-(female)__converted.gif,exercises/halteres/biceps/Dumbbell-Standing-Single-Arm-Biceps-Curl-(female)__converted.gif,3215e74eddf4c06caa4d6302030ec24ff3c562cd633d5585145bab01bd9b58b2
UNMATCHED,halteres,biceps,dumbbell waiter biceps curl,,sem exercício correspondente no catálogo,Dumbbell-Waiter-Biceps-Curl_Upper-Arms__converted.gif,exercises/halteres/biceps/Dumbbell-Waiter-Biceps-Curl_Upper-Arms__converted.gif,33f803e9d163593ed7cdaa77e8acde39b7ddb6001b8dcd24fccd3611e3688db0
UNMATCHED,halteres,biceps,dumbbell zottman curl,,sem exercício correspondente no catálogo,Dumbbell-Zottman-Curl-(female)_Upper-Arms__converted.gif,exercises/halteres/biceps/Dumbbell-Zottman-Curl-(female)_Upper-Arms__converted.gif,b442edc6acfaf19f303dbb4241d32ab629dc00eb481c7c6a05a629f7b6629396
UNMATCHED,halteres,biceps,dumbbell zottman preacher curl,,sem exercício correspondente no catálogo,Dumbbell-Zottman-Preacher-Curl-(female)_Upper-Arms_converted.gif,exercises/halteres/biceps/Dumbbell-Zottman-Preacher-Curl-(female)_Upper-Arms_converted.gif,4e045818bab977805e0a9584061d593ac0118abfdcf0092b8461de949e17884b
UNMATCHED,halteres,biceps,weighted plate standing biceps curl,,sem exercício correspondente no catálogo,Weighted-Plate-Standing-Biceps-Curl-(male)_Forearm_converted.gif,exercises/halteres/biceps/Weighted-Plate-Standing-Biceps-Curl-(male)_Forearm_converted.gif,25c455d02a433b3db1dfdb028b4deac60494843d69a51383dbaeabdb743756f0
UNMATCHED,halteres,costas,dumbbell bent over curl,,sem exercício correspondente no catálogo,Dumbbell-Bent-Over-Curl-(male)_Upper-Arms__converted.gif,exercises/halteres/costas/Dumbbell-Bent-Over-Curl-(male)_Upper-Arms__converted.gif,288d01f889f9dc44d6a86f4020daf3ccc3ac86eb5dcbdab7f723e89144620ff0
UNMATCHED,halteres,costas,dumbbell bent over face pull,,sem exercício correspondente no catálogo,Dumbbell-Bent-Over-Face-Pull_Shoulders__converted.gif,exercises/halteres/costas/Dumbbell-Bent-Over-Face-Pull_Shoulders__converted.gif,e27329505423d83dfd25a6032ae2f7ef6c3cb683be21e38a1a00ea7f4d0d792f
REVIEW,halteres,costas,dumbbell bent over reverse fly to hammer curl,Crucifixo com halteres,variação/parente de um exercício do catálogo — confirmar,Dumbbell-Bent-Over-Reverse-Fly-to-Hammer-Curl-(mal_converted.gif,exercises/halteres/costas/Dumbbell-Bent-Over-Reverse-Fly-to-Hammer-Curl-(mal_converted.gif,abbb6fee3d527f619b08d750c78f0a24c97220d6aeb11de0e8e3ab45c8c6cacb
UNMATCHED,halteres,costas,dumbbell bent over reverse raise skier,,sem exercício correspondente no catálogo,Dumbbell-Bent-Over-Reverse-Raise-(skier)-(male)_Shoulders__converted.gif,exercises/halteres/costas/Dumbbell-Bent-Over-Reverse-Raise-(skier)-(male)_Shoulders__converted.gif,032737a591d5a83ba9fa649f8825f9d2a62b953c5c6aec1f72cfb994b5d1adaf
REVIEW,halteres,costas,dumbbell bent over reverse row,Remada curvada com barra,variação/parente de um exercício do catálogo — confirmar,Dumbbell-Bent-Over-Reverse-Row_Back_converted.gif,exercises/halteres/costas/Dumbbell-Bent-Over-Reverse-Row_Back_converted.gif,937b9698b11c06aa5c764d2c7a4d86f87119c8511c540a723e1b8ad866e0d5b5
REVIEW,halteres,costas,dumbbell bent over row,Remada curvada com barra,variação/parente de um exercício do catálogo — confirmar,Dumbbell-Bent-Over-Row-(female)_Back_converted.gif,exercises/halteres/costas/Dumbbell-Bent-Over-Row-(female)_Back_converted.gif,abe48a2376c0d929594267c4fe28dfbbe2d0685c2db6d3618725cb84520b91b2
REVIEW,halteres,costas,dumbbell bent over row against wall,Remada curvada com barra,variação/parente de um exercício do catálogo — confirmar,Dumbbell-Bent-Over-Row-against-Wall_Back__converted.gif,exercises/halteres/costas/Dumbbell-Bent-Over-Row-against-Wall_Back__converted.gif,6ec5b8adb9cba8d52362a1af5f6ccdf537f65bd9404c09ba23ff507bc5d13b61
REVIEW,halteres,costas,dumbbell bent over row,Remada curvada com barra,variação/parente de um exercício do catálogo — confirmar,Dumbbell-Bent-over-Row_Back-FIX_ 1_converted.gif,exercises/halteres/costas/Dumbbell-Bent-over-Row_Back-FIX_ 1_converted.gif,9007fc7ce0566357e664a559ce8f3796d595c371b50881723172b329ed55dbab
REVIEW,halteres,costas,dumbbell bent over row,Remada curvada com barra,variação/parente de um exercício do catálogo — confirmar,Dumbbell-Bent-Over-Row_Back-FIX__converted.gif,exercises/halteres/costas/Dumbbell-Bent-Over-Row_Back-FIX__converted.gif,b2bb3caf400c33b3b05b9ea9a9434dabb0e9b7fcdc64fb538757880f0f09bf16
REVIEW,halteres,costas,dumbbell bent over scapula row,Remada curvada com barra,variação/parente de um exercício do catálogo — confirmar,Dumbbell-Bent-Over-Scapula-Row-(male)_Back__converted.gif,exercises/halteres/costas/Dumbbell-Bent-Over-Scapula-Row-(male)_Back__converted.gif,b25e5f766ea74c52c904496d417d613333c6be1997d9d6d8ddd67288dd28ef30
REVIEW,halteres,costas,dumbbell bent over single arm row,Remada curvada com barra,variação/parente de um exercício do catálogo — confirmar,Dumbbell-Bent-Over-Single-Arm-Row-(female)_Back__converted.gif,exercises/halteres/costas/Dumbbell-Bent-Over-Single-Arm-Row-(female)_Back__converted.gif,bc057b1aab26c5386fcfba7b171860517cf95baa5af8d9677cffe9fc8940d4f1
REVIEW,halteres,costas,dumbbell bent over twisting row,Remada curvada com barra,variação/parente de um exercício do catálogo — confirmar,Dumbbell-Bent-over-Twisting-Row-(male)_Back__converted.gif,exercises/halteres/costas/Dumbbell-Bent-over-Twisting-Row-(male)_Back__converted.gif,3efe3b57fa539ed301a50901991f9331e621644b720d53af4a5930df6566f68d
REVIEW,halteres,costas,dumbbell bent over wide row,Remada curvada com barra,variação/parente de um exercício do catálogo — confirmar,Dumbbell-Bent-Over-Wide-Row-(male)_Shoulders__converted.gif,exercises/halteres/costas/Dumbbell-Bent-Over-Wide-Row-(male)_Shoulders__converted.gif,778a0c4d0033c7e1304d06c1da3bee62dd3cce83cd956846b6501f1473c1b975
UNMATCHED,halteres,costas,dumbbell bent over y raise,,sem exercício correspondente no catálogo,Dumbbell-Bent-over-Y-Raise-(female)_Shoulders__converted.gif,exercises/halteres/costas/Dumbbell-Bent-over-Y-Raise-(female)_Shoulders__converted.gif,ae65e2fb025f08d1f613faa670273da9ef6180fb73fda4befd35bd75ad3f7b04
UNMATCHED,halteres,costas,dumbbell bent over y raise,,sem exercício correspondente no catálogo,Dumbbell-Bent-over-Y-Raise-(male)_Shoulders__converted.gif,exercises/halteres/costas/Dumbbell-Bent-over-Y-Raise-(male)_Shoulders__converted.gif,f187739d2bb1273cd632520cdfb79560b618ebc32d6860c7dfd3d35b363cdb76
UNMATCHED,halteres,costas,dumbbell chest supported lateral raises,,sem exercício correspondente no catálogo,Dumbbell-Chest-Supported-Lateral-Raises_Shoulders__converted.gif,exercises/halteres/costas/Dumbbell-Chest-Supported-Lateral-Raises_Shoulders__converted.gif,37f8dd36fb8afd9014fdf31f6ab01e68d9d525c54f39a64d3e68cb17a6797521
UNMATCHED,halteres,costas,dumbbell hammer grip incline bench two arm row,,sem exercício correspondente no catálogo,Dumbbell-Hammer-Grip-Incline-Bench-Two-Arm-Row-(female)_Back_converted.gif,exercises/halteres/costas/Dumbbell-Hammer-Grip-Incline-Bench-Two-Arm-Row-(female)_Back_converted.gif,571b89f798704a340fd2918489ecc96f669790cfea25fe12c287cf225712d5c9
UNMATCHED,halteres,costas,dumbbell hammer grip incline bench two arm row,,sem exercício correspondente no catálogo,Dumbbell-Hammer-Grip-Incline-Bench-Two-Arm-Row_Back_converted.gif,exercises/halteres/costas/Dumbbell-Hammer-Grip-Incline-Bench-Two-Arm-Row_Back_converted.gif,35367b67c382d334d6b3b1e7c5ae489dab6c20d49d2883ccc4828475b843e024
UNMATCHED,halteres,costas,dumbbell head supported row,,sem exercício correspondente no catálogo,Dumbbell-Head-Supported-Row_Back__converted.gif,exercises/halteres/costas/Dumbbell-Head-Supported-Row_Back__converted.gif,c74e108173fd1bd1416dd68d0e10c22ff040680692515bb66a415a7679f55fff
REVIEW,halteres,costas,dumbbell incline rear fly,Crucifixo com halteres,variação/parente de um exercício do catálogo — confirmar,Dumbbell-Incline-Rear-Fly-(female)_Shoulders_converted.gif,exercises/halteres/costas/Dumbbell-Incline-Rear-Fly-(female)_Shoulders_converted.gif,311689210da7b9e4c4728b88e32e04d389d0e3d1c4a749117bb5c9c6ff1dc8b5
REVIEW,halteres,costas,dumbbell incline rear lateral raise,Elevação lateral,variação/parente de um exercício do catálogo — confirmar,Dumbbell-Incline-Rear-Lateral-Raise_Shoulders-FIX__converted.gif,exercises/halteres/costas/Dumbbell-Incline-Rear-Lateral-Raise_Shoulders-FIX__converted.gif,b8be57ebe3cd7346be3ca1fcc051855071694f0c7b7d3cf46be2034765382e3c
UNMATCHED,halteres,costas,dumbbell incline reverse raise with chest supported skier,,sem exercício correspondente no catálogo,Dumbbell-Incline-Reverse-Raise-with-Chest-Supported-(skier)-(male)_Shoulders__converted.gif,exercises/halteres/costas/Dumbbell-Incline-Reverse-Raise-with-Chest-Supported-(skier)-(male)_Shoulders__converted.gif,1e1726eca7e4e68cdcd1ea1b50c54e32db8f2cc7a723d9563b1d619fb6adc7f3
UNMATCHED,halteres,costas,dumbbell incline row,,sem exercício correspondente no catálogo,Dumbbell-Incline-Row-(female)_Back_converted.gif,exercises/halteres/costas/Dumbbell-Incline-Row-(female)_Back_converted.gif,98627e1e2ac5d0a473964bba78060f461a1c5fbe7430800f1c03259a70243c9d
UNMATCHED,halteres,costas,dumbbell incline row,,sem exercício correspondente no catálogo,Dumbbell-Incline-Row_Back-FIX2__converted.gif,exercises/halteres/costas/Dumbbell-Incline-Row_Back-FIX2__converted.gif,403ea5614161150319fb8c7d65c861d9729da8bae47c7d48292bce1aa9eef398
UNMATCHED,halteres,costas,dumbbell incline t raise,,sem exercício correspondente no catálogo,Dumbbell-Incline-T-Raise_Shoulders__converted.gif,exercises/halteres/costas/Dumbbell-Incline-T-Raise_Shoulders__converted.gif,847c75e3384412cc8b4590b1263f66dfa16a8f8a2ca0e112125fbf9ca7a141c8
UNMATCHED,halteres,costas,dumbbell incline y raise,,sem exercício correspondente no catálogo,Dumbbell-Incline-Y-Raise-(female)_Shoulders__converted.gif,exercises/halteres/costas/Dumbbell-Incline-Y-Raise-(female)_Shoulders__converted.gif,0e4128280242628fd82b36b7e12b8cc956298db46c758205d3951f8ae5bea4fa
UNMATCHED,halteres,costas,dumbbell incline y raise,,sem exercício correspondente no catálogo,Dumbbell-Incline-Y-Raise_Shoulders__converted.gif,exercises/halteres/costas/Dumbbell-Incline-Y-Raise_Shoulders__converted.gif,c3dcad3ef160a5d42d8cc009d143985dd0ce88af1ac9a57e022b775482fa4481
UNMATCHED,halteres,costas,dumbbell lying neutral grip row on rack,,sem exercício correspondente no catálogo,Dumbbell-Lying-Neutral-Grip-Row-on-Rack_Back__converted.gif,exercises/halteres/costas/Dumbbell-Lying-Neutral-Grip-Row-on-Rack_Back__converted.gif,4b78ed5f619a2a32dd6366f5ce7a4dde1e20ae444fabe91c4e8cab2d21e3d040
UNMATCHED,halteres,costas,dumbbell lying on floor rear delt raise,,sem exercício correspondente no catálogo,Dumbbell-Lying-on-Floor-Rear-Delt-Raise_Shoulders__converted.gif,exercises/halteres/costas/Dumbbell-Lying-on-Floor-Rear-Delt-Raise_Shoulders__converted.gif,33c75bf492b8911a3d963d404338b7632604ceb447bd053cd40b2d5bc7a538f5
UNMATCHED,halteres,costas,dumbbell lying one arm deltoid rear,,sem exercício correspondente no catálogo,Dumbbell-Lying-One-Arm-Deltoid-Rear_Shoulders__converted.gif,exercises/halteres/costas/Dumbbell-Lying-One-Arm-Deltoid-Rear_Shoulders__converted.gif,e47832fd5c063b9a3206a9bc03c4cf41cd7f482b9b925588109e3dfc17b3ddde
REVIEW,halteres,costas,dumbbell lying one arm rear lateral raise,Elevação lateral,variação/parente de um exercício do catálogo — confirmar,Dumbbell-Lying-One-Arm-Rear-Lateral-Raise_shoulder_converted.gif,exercises/halteres/costas/Dumbbell-Lying-One-Arm-Rear-Lateral-Raise_shoulder_converted.gif,c3fb78e87713796343c136c65abbcdf5050fd6ae51ea9da16c6dace8f7b1108b
UNMATCHED,halteres,costas,dumbbell lying rear delt row,,sem exercício correspondente no catálogo,Dumbbell-Lying-Rear-Delt-Row_Back_converted.gif,exercises/halteres/costas/Dumbbell-Lying-Rear-Delt-Row_Back_converted.gif,88ec1c66bdaed1efb08b43d883671a3a01672ab2df36c50a7bb5b6da454a2972
REVIEW,halteres,costas,dumbbell lying rear lateral raise,Elevação lateral,variação/parente de um exercício do catálogo — confirmar,Dumbbell-Lying-Rear-Lateral-Raise-(female)_Shoulde_converted.gif,exercises/halteres/costas/Dumbbell-Lying-Rear-Lateral-Raise-(female)_Shoulde_converted.gif,1e1e175631469352795a58ccfa7c9aff9144ced6b44b2be302f38d6e2052ecbf
REVIEW,halteres,costas,dumbbell one arm bent over row,Remada curvada com barra,variação/parente de um exercício do catálogo — confirmar,Dumbbell-One-Arm-Bent-over-Row-(female)_Shoulders_converted.gif,exercises/halteres/costas/Dumbbell-One-Arm-Bent-over-Row-(female)_Shoulders_converted.gif,908d4756a325a92869f8effc6cc5f765bba4602a826ad53d60c5366058959b18
UNMATCHED,halteres,costas,dumbbell one arm row rack support,,sem exercício correspondente no catálogo,Dumbbell-One-Arm-Row-(rack-support)-(female)_Back__converted.gif,exercises/halteres/costas/Dumbbell-One-Arm-Row-(rack-support)-(female)_Back__converted.gif,534f2ce740dc10ebe23405b41befb39d6e05c1e0006bc2923d2d0efdfaf1a858
REVIEW,halteres,costas,dumbbell palm rotational bent over row,Remada curvada com barra,variação/parente de um exercício do catálogo — confirmar,Dumbbell-Palm-Rotational-Bent-Over-Row-(female)_Back_converted.gif,exercises/halteres/costas/Dumbbell-Palm-Rotational-Bent-Over-Row-(female)_Back_converted.gif,bc9d156ae86126004d01ea09047feff781490508060007331af1dd70ccca45ca
UNMATCHED,halteres,costas,dumbbell pronated to neutral grip row,,sem exercício correspondente no catálogo,Dumbbell-Pronated-to-Neutral-Grip-Row-(female)_Bac_converted.gif,exercises/halteres/costas/Dumbbell-Pronated-to-Neutral-Grip-Row-(female)_Bac_converted.gif,8bcc3d048551eb6eb1e7b9fcc6c54ccf82407071a7941547ece9a9141353e979
REVIEW,halteres,costas,dumbbell rear delt fly,Crucifixo com halteres,variação/parente de um exercício do catálogo — confirmar,Dumbbell-Rear-Delt-Fly-(female)_Shoulders_converted.gif,exercises/halteres/costas/Dumbbell-Rear-Delt-Fly-(female)_Shoulders_converted.gif,1671cd1e26869aa727a1de81b77c0dfdc2982cf8ea1bae6616415a91a32f111b
UNMATCHED,halteres,costas,dumbbell rear delt row,,sem exercício correspondente no catálogo,Dumbbell-Rear-Delt-Row-(female)_Back_converted.gif,exercises/halteres/costas/Dumbbell-Rear-Delt-Row-(female)_Back_converted.gif,b6120abf15611cf11dccffad1f9641df671647e277c713dbcf04c7a4bed821ef
REVIEW,halteres,costas,dumbbell rear fly,Crucifixo com halteres,variação/parente de um exercício do catálogo — confirmar,Dumbbell-Rear-Fly-(female)_Shoulders_converted.gif,exercises/halteres/costas/Dumbbell-Rear-Fly-(female)_Shoulders_converted.gif,3fa5f8738e97ff3881fe4251f10b32bb4bcfe4ed57b79693bf8a5c769883a040
UNMATCHED,halteres,costas,dumbbell renegade row,,sem exercício correspondente no catálogo,Dumbbell-Renegade-Row-(female)_Back__converted.gif,exercises/halteres/costas/Dumbbell-Renegade-Row-(female)_Back__converted.gif,c9cd1a53778ae3ccf4814d484e78ba9cb96254afdb088849d1316780f2feef43
UNMATCHED,halteres,costas,dumbbell reverse grip incline row,,sem exercício correspondente no catálogo,Dumbbell-Reverse-Grip-Incline-Row-(female)_Back_converted.gif,exercises/halteres/costas/Dumbbell-Reverse-Grip-Incline-Row-(female)_Back_converted.gif,7ed184eabeca55d58091be553d7599eacd6daf841b1b5377d13570e304d37ff8
UNMATCHED,halteres,costas,dumbbell reverse grip row,,sem exercício correspondente no catálogo,Dumbbell-Reverse-Grip-Row-(female)_Back_converted.gif,exercises/halteres/costas/Dumbbell-Reverse-Grip-Row-(female)_Back_converted.gif,9211d735290483621453c66d060cc9692ba07a7e1eb804d1bc80c3531e5f05fa
REVIEW,halteres,costas,dumbbell seated bent arm lateral raise,Elevação lateral,variação/parente de um exercício do catálogo — confirmar,Dumbbell-Seated-Bent-Arm-Lateral-Raise-(female)_Sh_converted.gif,exercises/halteres/costas/Dumbbell-Seated-Bent-Arm-Lateral-Raise-(female)_Sh_converted.gif,5ed3e724794178d8b91649021cba5e472b12737bfb6045e7673a43b3c6b798ae
UNMATCHED,halteres,costas,dumbbell standing scapular external rotation,,sem exercício correspondente no catálogo,Dumbbell-Standing-Scapular-External-Rotation-(back-POV)-(female)_Back__converted.gif,exercises/halteres/costas/Dumbbell-Standing-Scapular-External-Rotation-(back-POV)-(female)_Back__converted.gif,6485dc5fbde50deeb6fa88d05d20868eb1040471b5182fe6cc627b6c341570ec
UNMATCHED,halteres,costas,dumbbell standing scapular external rotation,,sem exercício correspondente no catálogo,Dumbbell-Standing-Scapular-External-Rotation-(back-POV)-(male)_Back__converted.gif,exercises/halteres/costas/Dumbbell-Standing-Scapular-External-Rotation-(back-POV)-(male)_Back__converted.gif,4a620fedb3c0a1357094c0f0096514de37ee8f8f49fefa83ea87998a38275a70
UNMATCHED,halteres,costas,dumbbell standing scapular external rotation,,sem exercício correspondente no catálogo,Dumbbell-Standing-Scapular-External-Rotation-(female)_Back__converted.gif,exercises/halteres/costas/Dumbbell-Standing-Scapular-External-Rotation-(female)_Back__converted.gif,64efd3d1db76f136e72b8eb95e6ec3d6150b33c9537d5aa576e9843af6808fb8
UNMATCHED,halteres,costas,dumbbell standing scapular external rotation,,sem exercício correspondente no catálogo,Dumbbell-Standing-Scapular-External-Rotation-(front-POV)-(female)_Back__converted.gif,exercises/halteres/costas/Dumbbell-Standing-Scapular-External-Rotation-(front-POV)-(female)_Back__converted.gif,f9892271c77488493a2d17c0abd33aae8dded00c5fde7928d5ee5169f8b0c703
UNMATCHED,halteres,costas,dumbbell standing scapular external rotation,,sem exercício correspondente no catálogo,Dumbbell-Standing-Scapular-External-Rotation-(front-POV)-(male)_Back_ 1_converted.gif,exercises/halteres/costas/Dumbbell-Standing-Scapular-External-Rotation-(front-POV)-(male)_Back_ 1_converted.gif,dddb6a49b3739cc7eb30d31c2b667e6aa79ccc32963a1af9ac5c1f0247edd5dc
UNMATCHED,halteres,costas,dumbbell standing scapular external rotation,,sem exercício correspondente no catálogo,Dumbbell-Standing-Scapular-External-Rotation-(male)_Back__converted.gif,exercises/halteres/costas/Dumbbell-Standing-Scapular-External-Rotation-(male)_Back__converted.gif,e4d69024f2495f20076ea4e4ca2453e5f078c5215266c2b9cfb723e16e32a831
UNMATCHED,halteres,costas,dumbbell unilateral scapula raise,,sem exercício correspondente no catálogo,Dumbbell-Unilateral-Scapula-Raise-(male)_Back__converted.gif,exercises/halteres/costas/Dumbbell-Unilateral-Scapula-Raise-(male)_Back__converted.gif,7b3f4cefc23a21f5c9bdab54e4bbc22acee77f2cf73c1482c9525d477f5b30c8
UNMATCHED,halteres,costas,dumbbell upright shoulder external rotation,,sem exercício correspondente no catálogo,Dumbbell-Upright-Shoulder-External-Rotation_Back_converted.gif,exercises/halteres/costas/Dumbbell-Upright-Shoulder-External-Rotation_Back_converted.gif,ca62dd84d0cd29e2533f3197be78e1f9397dfde68504f4a4245e9b8165ed625d
UNMATCHED,halteres,ombro,dumbbel seated arnold press,,sem exercício correspondente no catálogo,Dumbbel-Seated-Arnold-Press-(female)_Shoulders__converted.gif,exercises/halteres/ombro/Dumbbel-Seated-Arnold-Press-(female)_Shoulders__converted.gif,a34a3d74cd426bd77c81c4b63f8590d3fecf05409c05e1e98bab3841b9cadd55
UNMATCHED,halteres,ombro,dumbbell alternate front raise,,sem exercício correspondente no catálogo,Dumbbell-Alternate-Front-Raise-(female)_Shoulders__converted.gif,exercises/halteres/ombro/Dumbbell-Alternate-Front-Raise-(female)_Shoulders__converted.gif,15eeff1fc2232d8c4b4454beb2b8ce31c34324a6f4dbb2471f865a0c575bcf4e
REVIEW,halteres,ombro,dumbbell alternate shoulder press,Desenvolvimento militar,variação/parente de um exercício do catálogo — confirmar,Dumbbell-Alternate-Shoulder-Press-(female)_Shoulders_converted.gif,exercises/halteres/ombro/Dumbbell-Alternate-Shoulder-Press-(female)_Shoulders_converted.gif,d3ee2c095c343b757f5766a49e0e60854429db064318a1148d76c904099099d7
REVIEW,halteres,ombro,dumbbell alternate shoulder press,Desenvolvimento militar,variação/parente de um exercício do catálogo — confirmar,Dumbbell-Alternate-Shoulder-Press-(male)_Shoulders_converted.gif,exercises/halteres/ombro/Dumbbell-Alternate-Shoulder-Press-(male)_Shoulders_converted.gif,f7debef18d065fb2c946dde872ae3c50835f9579dc5d8e9658a77272552b5f06
UNMATCHED,halteres,ombro,dumbbell alternate side press,,sem exercício correspondente no catálogo,Dumbbell-Alternate-Side-Press-(female)_Shoulders__converted.gif,exercises/halteres/ombro/Dumbbell-Alternate-Side-Press-(female)_Shoulders__converted.gif,fd50977816a315a9e65851fc2e83abc7a3dafe5ada74cc9f57ccefeb97bf2b52
UNMATCHED,halteres,ombro,dumbbell arnold press,,sem exercício correspondente no catálogo,Dumbbell-Arnold-Press-(female)_Shoulders_converted.gif,exercises/halteres/ombro/Dumbbell-Arnold-Press-(female)_Shoulders_converted.gif,77d261bbfc93f0622d8b880e31c51df94200927c4daacce6e6026fd5ec352236
UNMATCHED,halteres,ombro,dumbbell bench seated press,,sem exercício correspondente no catálogo,Dumbbell-Bench-Seated-Press-(female)_Shoulders__converted.gif,exercises/halteres/ombro/Dumbbell-Bench-Seated-Press-(female)_Shoulders__converted.gif,b67958dddcd0775ec443d2bf2bf1496cde47394d98b9decc7b7ed5b02615d0ec
UNMATCHED,halteres,ombro,dumbbell decline shrug,,sem exercício correspondente no catálogo,Dumbbell-Decline-Shrug-(female)_Back__converted.gif,exercises/halteres/ombro/Dumbbell-Decline-Shrug-(female)_Back__converted.gif,4dc8354a7214e0264d36905ac4af8c7ac209fc44150fbbba2abf231afd49232b
UNMATCHED,halteres,ombro,dumbbell front raise,,sem exercício correspondente no catálogo,Dumbbell-Front-Raise-(female)_Shoulders_converted.gif,exercises/halteres/ombro/Dumbbell-Front-Raise-(female)_Shoulders_converted.gif,a3fc66cb17cbff246dbf40b12cb5f9cc491ccc32dd333e32b797c5759f646e3a
UNMATCHED,halteres,ombro,dumbbell incline front raise,,sem exercício correspondente no catálogo,Dumbbell-Incline-Front-Raise-(female)_Shoulders__converted.gif,exercises/halteres/ombro/Dumbbell-Incline-Front-Raise-(female)_Shoulders__converted.gif,7d58a0fdae1a5f4283fb716eebb37685a57988f1f321da7cb1b74b781f160ded
REVIEW,halteres,ombro,dumbbell incline one arm lateral raise,Elevação lateral,variação/parente de um exercício do catálogo — confirmar,Dumbbell-Incline-One-Arm-Lateral-Raise_Shoulders-F_converted.gif,exercises/halteres/ombro/Dumbbell-Incline-One-Arm-Lateral-Raise_Shoulders-F_converted.gif,fd2e6317ed4bda8e52ddec4a28a81b8a7d1d0e51b1d561f048a242fd4725e120
UNMATCHED,halteres,ombro,dumbbell incline powell raise,,sem exercício correspondente no catálogo,Dumbbell-Incline-Powell-Raise-(male)_Shoulders__converted.gif,exercises/halteres/ombro/Dumbbell-Incline-Powell-Raise-(male)_Shoulders__converted.gif,ca146a9b897cb92f462f3c448677b3fe2337236447acb5d7a4c29424c5386cb9
UNMATCHED,halteres,ombro,dumbbell incline shrug,,sem exercício correspondente no catálogo,Dumbbell-Incline-Shrug-(female)_Back_converted.gif,exercises/halteres/ombro/Dumbbell-Incline-Shrug-(female)_Back_converted.gif,c9ea8987af5ab5fcaac771bd8bf7d852a711c9ecb6fc84fceb0ff7faeda21c88
REVIEW,halteres,ombro,dumbbell kneeling opposite shoulder press,Desenvolvimento militar,variação/parente de um exercício do catálogo — confirmar,Dumbbell-Kneeling-Opposite-Shoulder-Press-(male)_S_converted.gif,exercises/halteres/ombro/Dumbbell-Kneeling-Opposite-Shoulder-Press-(male)_S_converted.gif,32bb49809e1c35683b33038e8729a6dab4a188e4d6b9ecce793d38362553c0a1
REVIEW,halteres,ombro,dumbbell lateral to front raise,Elevação lateral,variação/parente de um exercício do catálogo — confirmar,Dumbbell-Lateral-to-Front-Raise-(female)_Shoulders_converted.gif,exercises/halteres/ombro/Dumbbell-Lateral-to-Front-Raise-(female)_Shoulders_converted.gif,a2c5dbf551f2341bee1c4800ca9602ce997629beeaff35521afbac182f9b75ce
UNMATCHED,halteres,ombro,dumbbell learning front raise,,sem exercício correspondente no catálogo,Dumbbell-Learning-Front-Raise-(male)_Shoulders__converted.gif,exercises/halteres/ombro/Dumbbell-Learning-Front-Raise-(male)_Shoulders__converted.gif,5c76f38af1affb1557ac684ccdd3b1adcc19e7adf74bdf2c0401562a6bf54af8
UNMATCHED,halteres,ombro,dumbbell lying external shoulder rotation,,sem exercício correspondente no catálogo,Dumbbell-Lying-External-Shoulder-Rotation-(female)_converted.gif,exercises/halteres/ombro/Dumbbell-Lying-External-Shoulder-Rotation-(female)_converted.gif,b2c2de99ec6586c0016cae632c88e5adc017514dcb829cf1394c94b0c446be98
UNMATCHED,halteres,ombro,dumbbell lying front raise,,sem exercício correspondente no catálogo,Dumbbell-Lying-Front-Raise-(female)_Shoulders__converted.gif,exercises/halteres/ombro/Dumbbell-Lying-Front-Raise-(female)_Shoulders__converted.gif,5bb4a82cb64a57009cbae42bf0f0672d97c1132b39d37f7dc7dbafd945efe185
UNMATCHED,halteres,ombro,dumbbell one arm front raise,,sem exercício correspondente no catálogo,Dumbbell-One-Arm-Front-Raise-(female)_Shoulders__converted.gif,exercises/halteres/ombro/Dumbbell-One-Arm-Front-Raise-(female)_Shoulders__converted.gif,b9299f567c29ab14ba10faf19e3036f90e13b2b99b9eeee25b02939f8cee7e59
UNMATCHED,halteres,ombro,dumbbell one arm front raise,,sem exercício correspondente no catálogo,Dumbbell-One-Arm-Front-Raise_Shoulders__converted.gif,exercises/halteres/ombro/Dumbbell-One-Arm-Front-Raise_Shoulders__converted.gif,078373d90b1074e010fb7971a49b4d3cb2f1edb99fe778ceb140acb07f2fcff5
REVIEW,halteres,ombro,dumbbell one arm lateral raise,Elevação lateral,variação/parente de um exercício do catálogo — confirmar,Dumbbell-One-Arm-Lateral-Raise-(female)_Shoulder_converted.gif,exercises/halteres/ombro/Dumbbell-One-Arm-Lateral-Raise-(female)_Shoulder_converted.gif,16dee456fd910b2a840cfd17435d04d30f7b445c53ee039e83d7da58c77e9be7
REVIEW,halteres,ombro,dumbbell one arm lateral raise,Elevação lateral,variação/parente de um exercício do catálogo — confirmar,Dumbbell-One-Arm-Lateral-Raise_Shoulder_converted.gif,exercises/halteres/ombro/Dumbbell-One-Arm-Lateral-Raise_Shoulder_converted.gif,04511fcf6d52f3144f04a303fb1aab9270aedfc81237daefa04c7d9b34deb54d
REVIEW,halteres,ombro,dumbbell one arm shoulder press,Desenvolvimento militar,variação/parente de um exercício do catálogo — confirmar,Dumbbell-One-Arm-Shoulder-Press-(version-2)-(femal_converted.gif,exercises/halteres/ombro/Dumbbell-One-Arm-Shoulder-Press-(version-2)-(femal_converted.gif,5ad423d414e40368487ca7439a48878da0f6c822701f6a204ed634c8740cf502
REVIEW,halteres,ombro,dumbbell one arm shoulder press,Desenvolvimento militar,variação/parente de um exercício do catálogo — confirmar,Dumbbell-One-Arm-Shoulder-Press-(VERSION-2)_Should_converted.gif,exercises/halteres/ombro/Dumbbell-One-Arm-Shoulder-Press-(VERSION-2)_Should_converted.gif,e59eac15f24a9d33b4ed8b441ac75b41ce5c01d3ac8913ab628405c69b54a010
UNMATCHED,halteres,ombro,dumbbell rear delt raise,,sem exercício correspondente no catálogo,Dumbbell-Rear-Delt-Raise-(female)_Shoulders__converted.gif,exercises/halteres/ombro/Dumbbell-Rear-Delt-Raise-(female)_Shoulders__converted.gif,02041bef2d9f1edc0c4c5856eaabd58610f9e86f6c8c76cd920e0710728b47f9
UNMATCHED,halteres,ombro,dumbbell seated front raise,,sem exercício correspondente no catálogo,Dumbbell-Seated-Front-Raise-(female)_Shoulders_converted.gif,exercises/halteres/ombro/Dumbbell-Seated-Front-Raise-(female)_Shoulders_converted.gif,edfcc2c9c369e95d65396d84005c9f60a7843540cf33708f3909965085653839
REVIEW,halteres,ombro,dumbbell seated lateral raise,Elevação lateral,variação/parente de um exercício do catálogo — confirmar,Dumbbell-Seated-Lateral-Raise-(female)_Shoulders_converted.gif,exercises/halteres/ombro/Dumbbell-Seated-Lateral-Raise-(female)_Shoulders_converted.gif,b7565c28bd0d6dde2f9b79a736a4e8a5def8e56cd2896f68da8d058ce34a1f35
REVIEW,halteres,ombro,dumbbell seated lateral raise,Elevação lateral,variação/parente de um exercício do catálogo — confirmar,Dumbbell-Seated-Lateral-Raise-(female)_Shoulders__converted.gif,exercises/halteres/ombro/Dumbbell-Seated-Lateral-Raise-(female)_Shoulders__converted.gif,1c3a1657ee3d405093b79eaf568b68a4bca4545d060700057da1356249a65981
REVIEW,halteres,ombro,dumbbell seated shoulder press,Desenvolvimento militar,variação/parente de um exercício do catálogo — confirmar,Dumbbell-Seated-Shoulder-Press-(female)_Shoulders_converted.gif,exercises/halteres/ombro/Dumbbell-Seated-Shoulder-Press-(female)_Shoulders_converted.gif,75a91b0c140435181a2e6a9561d4a6a7e1f395eba89855e0a5c23701111d7fdc
UNMATCHED,halteres,ombro,dumbbell shoulder external rotation in support,,sem exercício correspondente no catálogo,Dumbbell-Shoulder-External-Rotation-in-Support-(fe_converted.gif,exercises/halteres/ombro/Dumbbell-Shoulder-External-Rotation-in-Support-(fe_converted.gif,e3f53851180bb6fbe9952ebe4624d465e9c155b1ae192e7477ba3ad776e378a8
UNMATCHED,halteres,ombro,dumbbell shoulder internal rotation at 90 abductio,,sem exercício correspondente no catálogo,Dumbbell-Shoulder-Internal-Rotation-at-90-Abductio_converted.gif,exercises/halteres/ombro/Dumbbell-Shoulder-Internal-Rotation-at-90-Abductio_converted.gif,7c5297a398d63435739cafa2a7ad4c2c0f3cca03b2fb9527d9ba184dc3b83a15
UNMATCHED,halteres,ombro,dumbbell shrug,,sem exercício correspondente no catálogo,Dumbbell-Shrug-(female)_Back_converted.gif,exercises/halteres/ombro/Dumbbell-Shrug-(female)_Back_converted.gif,43284e308a075063e417ce74074eebcbfc159996a6ea911ffcb1afc1643e5e3a
UNMATCHED,halteres,ombro,dumbbell side lying raises on floor,,sem exercício correspondente no catálogo,Dumbbell-Side-Lying-Raises-on-Floor-(female)_Shoul_converted.gif,exercises/halteres/ombro/Dumbbell-Side-Lying-Raises-on-Floor-(female)_Shoul_converted.gif,9177387ac4986dc6ec7468933242b084edf3311872b3afd7003eea7971497096
REVIEW,halteres,ombro,dumbbell single arm leaning lateral raise,Elevação lateral,variação/parente de um exercício do catálogo — confirmar,Dumbbell-Single-arm-Leaning-Lateral-Raise-(female)_converted.gif,exercises/halteres/ombro/Dumbbell-Single-arm-Leaning-Lateral-Raise-(female)_converted.gif,770655d03a93e1883b77ecec5e8e2b75f8257f2ea1e4cf87624607621d512b25
UNMATCHED,halteres,ombro,dumbbell single arm neutral grip front raise,,sem exercício correspondente no catálogo,Dumbbell-Single-Arm-Neutral-Grip-Front-Raise_Shoul_converted.gif,exercises/halteres/ombro/Dumbbell-Single-Arm-Neutral-Grip-Front-Raise_Shoul_converted.gif,05bd41783788678e3ad2ca15176a8ad48d695597a9f05364b587d325903d11ec
REVIEW,halteres,ombro,dumbbell split stance single arm overhead press,Desenvolvimento militar,variação/parente de um exercício do catálogo — confirmar,Dumbbell-Split-Stance-Sigle-Arm-Overhead-Press-(ma_converted.gif,exercises/halteres/ombro/Dumbbell-Split-Stance-Sigle-Arm-Overhead-Press-(ma_converted.gif,f056e5eefcdc151370f36e69c70716ded4c95af88f5f4bf0128093400bbc616c
REVIEW,halteres,ombro,dumbbell standing bent arm lateral raise,Elevação lateral,variação/parente de um exercício do catálogo — confirmar,Dumbbell-Standing-Bent-Arm-Lateral-raise-(female)_Shoulders_converted.gif,exercises/halteres/ombro/Dumbbell-Standing-Bent-Arm-Lateral-raise-(female)_Shoulders_converted.gif,facb78d24509d2c442938fe8d6a9b77b76d49e65f07e022951859c0cb8551233
REVIEW,halteres,ombro,dumbbell standing overhead press,Desenvolvimento militar,variação/parente de um exercício do catálogo — confirmar,Dumbbell-Standing-Overhead-Press-(female)_Shoulders__converted.gif,exercises/halteres/ombro/Dumbbell-Standing-Overhead-Press-(female)_Shoulders__converted.gif,19ce5ff4722636cf1f0067698ca8bca72dfc3aff44ec7cde09f497adfc97a68f
UNMATCHED,halteres,ombro,dumbbell standing palms in press,,sem exercício correspondente no catálogo,Dumbbell-Standing-Palms-In-Press-(female)_Shoulder_converted.gif,exercises/halteres/ombro/Dumbbell-Standing-Palms-In-Press-(female)_Shoulder_converted.gif,956854053b5c8b6a5ddbe20cf72c298ae2f32e5c8677748bbab46aa8a487364e
UNMATCHED,halteres,ombro,dumbbell standing palms in press,,sem exercício correspondente no catálogo,Dumbbell-Standing-Palms-In-Press_Shoulders-FIX__converted.gif,exercises/halteres/ombro/Dumbbell-Standing-Palms-In-Press_Shoulders-FIX__converted.gif,694f7b55b382b558d1866b8b88811c6e04b5d380afd11db208c635b00ced01ff
UNMATCHED,halteres,ombro,dumbbell standing reverse butterfly,,sem exercício correspondente no catálogo,Dumbbell-Standing-Reverse-Butterfly-(female)_Shoul_converted.gif,exercises/halteres/ombro/Dumbbell-Standing-Reverse-Butterfly-(female)_Shoul_converted.gif,d375e4920fad026e1e51d0b2a5617c325a7381fbfe19a880fa8fc9d5d2895168
UNMATCHED,halteres,ombro,dumbbell standing shoulder external rotation at 90,,sem exercício correspondente no catálogo,Dumbbell-Standing-Shoulder-External-Rotation-at-90_converted.gif,exercises/halteres/ombro/Dumbbell-Standing-Shoulder-External-Rotation-at-90_converted.gif,64ecc1b088dfcc8daaa1db8379a0354629d70f56da6bbcd1139f5dc44f54b143
UNMATCHED,halteres,ombro,dumbbell upright row,,sem exercício correspondente no catálogo,Dumbbell-Upright-Row-(female)_Shoulder_converted.gif,exercises/halteres/ombro/Dumbbell-Upright-Row-(female)_Shoulder_converted.gif,907ab87cbdb9ce0cc5a1ed1ce916b12a7cadf46270e33a00fcd683e72c31b725
UNMATCHED,halteres,ombro,weighted front raise,,sem exercício correspondente no catálogo,Weighted-Front-Raise-(female)_Shoulders__converted.gif,exercises/halteres/ombro/Weighted-Front-Raise-(female)_Shoulders__converted.gif,2f3e9e2f6f49c3b199bfac2da4f36d52a08f91f71a5157504ca6e9966ec9308e
UNMATCHED,halteres,ombro,weighted front raise hold,,sem exercício correspondente no catálogo,Weighted-Front-Raise-Hold_Shoulders__converted.gif,exercises/halteres/ombro/Weighted-Front-Raise-Hold_Shoulders__converted.gif,b8d98f7a9e9db40bf8edc469af89cf8f94a76d024d67d158ef15f4bae1c86231
UNMATCHED,halteres,ombro,weighted plate standing around the world,,sem exercício correspondente no catálogo,Weighted-Plate-Standing-Around-the-World-(female)__converted.gif,exercises/halteres/ombro/Weighted-Plate-Standing-Around-the-World-(female)__converted.gif,236449c09fed35f1bb912a87ab71a208ac6519f1e0939896078bc4ada0d8996d
UNMATCHED,halteres,ombro,weighted svend press,,sem exercício correspondente no catálogo,Weighted-Svend-Press-(female)_Chest__converted.gif,exercises/halteres/ombro/Weighted-Svend-Press-(female)_Chest__converted.gif,11d456ef0a1df906af300f64f7cec37e9729059b9b268b1b16a2319426c3eead
UNMATCHED,halteres,panturrilhas,dumbbell seated calf raise,,sem exercício correspondente no catálogo,Dumbbell-Seated-Calf-Raise_Calves_converted.gif,exercises/halteres/panturrilhas/Dumbbell-Seated-Calf-Raise_Calves_converted.gif,ce92b6311fbb9601226295aeab657936043457d5f7fe7afb48f478172c4c5727
UNMATCHED,halteres,panturrilhas,dumbbell seated one leg calf raise hammer grip,,sem exercício correspondente no catálogo,Dumbbell-Seated-One-Leg-Calf-Raise---Hammer-Grip_C_converted.gif,exercises/halteres/panturrilhas/Dumbbell-Seated-One-Leg-Calf-Raise---Hammer-Grip_C_converted.gif,d572fdbdd1e8a1f288a74ab550e60e8071368dc8566e3c23fc55126cd0c96b39
UNMATCHED,halteres,panturrilhas,dumbbell single leg calf raise,,sem exercício correspondente no catálogo,Dumbbell-Single-Leg-Calf-Raise_Calves-V2_converted.gif,exercises/halteres/panturrilhas/Dumbbell-Single-Leg-Calf-Raise_Calves-V2_converted.gif,60457b90a3a31e645cc6500947d965f43ff1829b6d3c881c9c655d9f7ed9dce3
UNMATCHED,halteres,panturrilhas,dumbbell single leg calf raise,,sem exercício correspondente no catálogo,Dumbbell-Single-Leg-Calf-Raise_Calves_converted.gif,exercises/halteres/panturrilhas/Dumbbell-Single-Leg-Calf-Raise_Calves_converted.gif,f247099268a337646592fddf9ad687a88a3e195049403ef957413294c06f8422
REVIEW,halteres,panturrilhas,dumbbell standing calf raise,Panturrilha em pé,variação/parente de um exercício do catálogo — confirmar,Dumbbell-Standing-Calf-Raise_Calves-FIX__converted.gif,exercises/halteres/panturrilhas/Dumbbell-Standing-Calf-Raise_Calves-FIX__converted.gif,7c95c635d6234b7cc9761d32196dbfbf0ab117f6f2856db30e49eb71d069b228
REVIEW,halteres,panturrilhas,dumbbell standing single leg calf raise,Panturrilha em pé,variação/parente de um exercício do catálogo — confirmar,Dumbbell-Standing-Single-Leg-Calf-Raise_Calves__converted.gif,exercises/halteres/panturrilhas/Dumbbell-Standing-Single-Leg-Calf-Raise_Calves__converted.gif,3d5404aa368fb4c6da946187e76d862855f5705bab7f02438e784135da4cf182
REVIEW,halteres,peito,deep push up,Flexão de braço,variação/parente de um exercício do catálogo — confirmar,Deep-Push-Up_Chest_converted.gif,exercises/halteres/peito/Deep-Push-Up_Chest_converted.gif,68e977d84a1d0fc4a5dded68b2bcf52db7f65d327af18ea4e5ad6777d6e1644b
UNMATCHED,halteres,peito,dumbbell 3 point bench press,,sem exercício correspondente no catálogo,Dumbbell-3-Point-Bench-Press-(male)_Chest__converted.gif,exercises/halteres/peito/Dumbbell-3-Point-Bench-Press-(male)_Chest__converted.gif,7d385d4ffb1fc8c046ffcfec98d1a5cc71ea2feeb121610656ce91cfccd47ecb
UNMATCHED,halteres,peito,dumbbell alternate bench press high start,,sem exercício correspondente no catálogo,Dumbbell-Alternate-Bench-Press-(high-start)_Chest__converted.gif,exercises/halteres/peito/Dumbbell-Alternate-Bench-Press-(high-start)_Chest__converted.gif,9e50fcd260656c0d930c538afe773c0769e791fd077be6e903067b7345373383
UNMATCHED,halteres,peito,dumbbell alternating floor press,,sem exercício correspondente no catálogo,Dumbbell-Alternating-Floor-Press-(female)_Chest__converted.gif,exercises/halteres/peito/Dumbbell-Alternating-Floor-Press-(female)_Chest__converted.gif,815bc9bfed5dc6070ecf139a4b8720a3169a9b92d4921154a769a93049a05929
UNMATCHED,halteres,peito,dumbbell alternating floor press,,sem exercício correspondente no catálogo,Dumbbell-Alternating-Floor-Press_Chest__converted.gif,exercises/halteres/peito/Dumbbell-Alternating-Floor-Press_Chest__converted.gif,3a81a663eb384dd166e3e401bdcc67d7a08f075cd025642307e6811498a113ae
REVIEW,halteres,peito,dumbbell alternative fly,Crucifixo com halteres,variação/parente de um exercício do catálogo — confirmar,Dumbbell-Alternative-Fly-(male)_Chest__converted.gif,exercises/halteres/peito/Dumbbell-Alternative-Fly-(male)_Chest__converted.gif,43d1d097afcf927a83ac5d89f28aa5dc5dffcec470a2d9f0e35bbcc055f859b7
UNMATCHED,halteres,peito,dumbbell around pullover,,sem exercício correspondente no catálogo,Dumbbell-Around-Pullover_Chest_converted.gif,exercises/halteres/peito/Dumbbell-Around-Pullover_Chest_converted.gif,764ba175180c8cbd4f574da6afa0c56aced03c52a1823eb1ca256ffdc46c0c38
REVIEW,halteres,peito,dumbbell bear crawl push up,Flexão de braço,variação/parente de um exercício do catálogo — confirmar,Dumbbell-Bear-Crawl-Push-up-(male)_Chest__converted.gif,exercises/halteres/peito/Dumbbell-Bear-Crawl-Push-up-(male)_Chest__converted.gif,9ce08ffe765618294dddea8532f160c8dc37dcdd5866d5fff5a57e563ccbd2f1
UNMATCHED,halteres,peito,dumbbell bench press,,sem exercício correspondente no catálogo,Dumbbell-Bench-Press-(female)_Chest_converted.gif,exercises/halteres/peito/Dumbbell-Bench-Press-(female)_Chest_converted.gif,b77f05b76516945d9ebe4e8aef49a8e89715811c5f180419a08c6fcf2e1e43f9
UNMATCHED,halteres,peito,dumbbell bench press,,sem exercício correspondente no catálogo,Dumbbell-Bench-Press_Chest-FIX__converted.gif,exercises/halteres/peito/Dumbbell-Bench-Press_Chest-FIX__converted.gif,d03f8a1d32f19af6a7666db604b828a0ceb7c2925ddcdbb2bc610a0c6a6d0141
UNMATCHED,halteres,peito,dumbbell chest supported lateral raises,,sem exercício correspondente no catálogo,Dumbbell-Chest-Supported-Lateral-Raises_Shoulders-_converted.gif,exercises/halteres/peito/Dumbbell-Chest-Supported-Lateral-Raises_Shoulders-_converted.gif,9a8ca8b11385117eef3450f9747ee9035214141750c5f55c36680f64aefec682
UNMATCHED,halteres,peito,dumbbell close grip press,,sem exercício correspondente no catálogo,Dumbbell-Close-Grip-Press-(female)_Upper-Arms_converted.gif,exercises/halteres/peito/Dumbbell-Close-Grip-Press-(female)_Upper-Arms_converted.gif,8f2fb3b2e7d2fe702b68b8f77ffb35752659061ee5f43cbaff5815cecbc91cdb
UNMATCHED,halteres,peito,dumbbell close grip press,,sem exercício correspondente no catálogo,Dumbbell-Close-grip-Press_Upper-Arms 1_converted.gif,exercises/halteres/peito/Dumbbell-Close-grip-Press_Upper-Arms 1_converted.gif,9d3889b84c692d0af964d6e228e1e3517a7df5989a7f802a096d04f4721c88a1
UNMATCHED,halteres,peito,dumbbell close grip press,,sem exercício correspondente no catálogo,Dumbbell-Close-Grip-Press_Upper-Arms_converted.gif,exercises/halteres/peito/Dumbbell-Close-Grip-Press_Upper-Arms_converted.gif,128cfa79816dfbadf8b5b3155aa4579a2683702496584d667d3b7fb09df910b6
UNMATCHED,halteres,peito,dumbbell contralateral glute bridge single arm che,,sem exercício correspondente no catálogo,Dumbbell-Contralateral-Glute-Bridge-Single-Arm-Che_converted.gif,exercises/halteres/peito/Dumbbell-Contralateral-Glute-Bridge-Single-Arm-Che_converted.gif,6e0f299eb1a2bb73b0a8e8707be61fc23e9e1d9f33864c5f671beacfd4dc254a
UNMATCHED,halteres,peito,dumbbell decline bench press,,sem exercício correspondente no catálogo,Dumbbell-Decline-Bench-Press-(female)_Chest_converted.gif,exercises/halteres/peito/Dumbbell-Decline-Bench-Press-(female)_Chest_converted.gif,56a108d149939b9e3e81a81a2c8f1ac8a2764a4d4a96cb01f5756ed394481842
UNMATCHED,halteres,peito,dumbbell decline bench press,,sem exercício correspondente no catálogo,Dumbbell-Decline-Bench-Press_Chest-FIX__converted.gif,exercises/halteres/peito/Dumbbell-Decline-Bench-Press_Chest-FIX__converted.gif,4fd0b9bda25bf67857ab6342b26ae860c7984ad0d6c916525dcf32a564e04153
REVIEW,halteres,peito,dumbbell decline fly,Crucifixo com halteres,variação/parente de um exercício do catálogo — confirmar,Dumbbell-Decline-Fly-(female)_Chest__converted.gif,exercises/halteres/peito/Dumbbell-Decline-Fly-(female)_Chest__converted.gif,08b0618bbfecf26f6ffc62c6adbee8a60444dbd519c52ab9cb4ca0ad3a10a75a
REVIEW,halteres,peito,dumbbell decline fly,Crucifixo com halteres,variação/parente de um exercício do catálogo — confirmar,Dumbbell-Decline-Fly_Chest-FIX__converted.gif,exercises/halteres/peito/Dumbbell-Decline-Fly_Chest-FIX__converted.gif,cc90ee19fd04ddc672d36476fa72439121ed03544e6a719dd0ca2d7fa6249598
UNMATCHED,halteres,peito,dumbbell decline hammer press,,sem exercício correspondente no catálogo,Dumbbell-Decline-Hammer-Press_Chest__converted.gif,exercises/halteres/peito/Dumbbell-Decline-Hammer-Press_Chest__converted.gif,55beeb6e27315674f38e77928d679b0d4c51cccb6387001078dcd38b37dcc4d7
UNMATCHED,halteres,peito,dumbbell decline one arm hammer press,,sem exercício correspondente no catálogo,Dumbbell-Decline-One-Arm-Hammer-Press_Upper-Arms__converted.gif,exercises/halteres/peito/Dumbbell-Decline-One-Arm-Hammer-Press_Upper-Arms__converted.gif,4e3ef3d14ca3ac5e8d85f645a6f55daa199ac7833e2f81278b1e7b14dc2f9eec
UNMATCHED,halteres,peito,dumbbell decline overhead sit up,,sem exercício correspondente no catálogo,Dumbbell-Decline-Overhead-Sit-up_Waist__converted.gif,exercises/halteres/peito/Dumbbell-Decline-Overhead-Sit-up_Waist__converted.gif,5714a7c4b5a4c4bd85d08790d27fd4743e05dd096b91107e99481df672bbd7c0
UNMATCHED,halteres,peito,dumbbell decline pullover,,sem exercício correspondente no catálogo,Dumbbell-Decline-Pullover-(male)_Back__converted.gif,exercises/halteres/peito/Dumbbell-Decline-Pullover-(male)_Back__converted.gif,09784080494ebf1994625366bf8c747824aa49f75d33f0e20d59a5b7955f6e92
REVIEW,halteres,peito,dumbbell decline twist fly,Crucifixo com halteres,variação/parente de um exercício do catálogo — confirmar,Dumbbell-Decline-Twist-Fly-(female)_Chest_converted.gif,exercises/halteres/peito/Dumbbell-Decline-Twist-Fly-(female)_Chest_converted.gif,4cf16bf10611964d1fb3ca93798f9f20965ed939f2940c6eab1f62f86678d00a
REVIEW,halteres,peito,dumbbell decline twist fly,Crucifixo com halteres,variação/parente de um exercício do catálogo — confirmar,Dumbbell-Decline-Twist-Fly_Chest__converted.gif,exercises/halteres/peito/Dumbbell-Decline-Twist-Fly_Chest__converted.gif,feb4e97db332ba9fabe74b69ac3b15961a53a3d53cdb9daceb3a9f7d484e217b
REVIEW,halteres,peito,dumbbell deep push up and renegade row,Flexão de braço,variação/parente de um exercício do catálogo — confirmar,Dumbbell-Deep-Push-up-and-Renegade-Row_Chest__converted.gif,exercises/halteres/peito/Dumbbell-Deep-Push-up-and-Renegade-Row_Chest__converted.gif,d8a10389c82305125f2eb861cb88f375599eb179f791b71ed79c783465314baf
UNMATCHED,halteres,peito,dumbbell devils press,,sem exercício correspondente no catálogo,Dumbbell-Devils-Press_Plyometrics__converted.gif,exercises/halteres/peito/Dumbbell-Devils-Press_Plyometrics__converted.gif,6b64350299a6ea95520442284065aaa2e24f09cb50e3cab0b9504e129474082a
REVIEW,halteres,peito,dumbbell floor fly,Crucifixo com halteres,variação/parente de um exercício do catálogo — confirmar,Dumbbell-Floor-Fly_Chest_converted.gif,exercises/halteres/peito/Dumbbell-Floor-Fly_Chest_converted.gif,2c78a8696055117d12c64a10a59040c2efccaaa5e4fbdb7f3de7cb12d298c64f
REVIEW,halteres,peito,dumbbell fly on exercise ball,Crucifixo com halteres,variação/parente de um exercício do catálogo — confirmar,Dumbbell-Fly-on-Exercise-Ball-(female)_Chest_converted.gif,exercises/halteres/peito/Dumbbell-Fly-on-Exercise-Ball-(female)_Chest_converted.gif,285904cedceb760a0c69504d48dca9b7ab9aaeb624d9ae6b6a22ec5ce574c02b
REVIEW,halteres,peito,dumbbell fly on exercise ball,Crucifixo com halteres,variação/parente de um exercício do catálogo — confirmar,Dumbbell-Fly-on-Exercise-Ball_Chest_converted.gif,exercises/halteres/peito/Dumbbell-Fly-on-Exercise-Ball_Chest_converted.gif,ee1cba5d01b10fa4d732a07013ff2cf6182d568f9b88087cdfb0c010b2e06bb1
UNMATCHED,halteres,peito,dumbbell glute bridge chest press,,sem exercício correspondente no catálogo,Dumbbell-Glute-Bridge-Chest-Press-(male)_Chest__converted.gif,exercises/halteres/peito/Dumbbell-Glute-Bridge-Chest-Press-(male)_Chest__converted.gif,e99c17a0d443db5aa1b3bc38901ffdacd2fab2d96bf9f50170c422935dafd531
UNMATCHED,halteres,peito,dumbbell glute bridge single arm chest press,,sem exercício correspondente no catálogo,Dumbbell-Glute-Bridge-Single-Arm-Chest-Press-(male_converted.gif,exercises/halteres/peito/Dumbbell-Glute-Bridge-Single-Arm-Chest-Press-(male_converted.gif,edd3f7680504a5f772a184a4470147bddd02d6744382ef96728fc3b223570edb
REVIEW,halteres,peito,dumbbell incline alternate fly,Crucifixo com halteres,variação/parente de um exercício do catálogo — confirmar,Dumbbell-Incline-Alternate-Fly_Chest__converted.gif,exercises/halteres/peito/Dumbbell-Incline-Alternate-Fly_Chest__converted.gif,fb65cfc08912c5ac83c0f62e798338fcfa5c96c2c7642063369daeef0db7a5c2
REVIEW,halteres,peito,dumbbell incline alternate press,Supino inclinado com halteres,variação/parente de um exercício do catálogo — confirmar,Dumbbell-Incline-Alternate-Press_Chest__converted.gif,exercises/halteres/peito/Dumbbell-Incline-Alternate-Press_Chest__converted.gif,e7b3a4b2f236fd5d289ba9576dc0405ba253bc1bbfd11a8e69eb7e98e63ea55a
REVIEW,halteres,peito,dumbbell incline alternative fly,Crucifixo com halteres,variação/parente de um exercício do catálogo — confirmar,Dumbbell-Incline-Alternative-Fly-(male)_Chest__converted.gif,exercises/halteres/peito/Dumbbell-Incline-Alternative-Fly-(male)_Chest__converted.gif,f25c75d058e6d5e8948f079b91583ec2d720ba1faf9355fd11657980c3a7db35
UNMATCHED,halteres,peito,dumbbell incline breeding,,sem exercício correspondente no catálogo,Dumbbell-Incline-Breeding_Chest_converted.gif,exercises/halteres/peito/Dumbbell-Incline-Breeding_Chest_converted.gif,7056ac572ba15d43115e4ddcde50fa4f0c625579c16143677852d6bf7b31c04b
REVIEW,halteres,peito,dumbbell incline close grip press variation,Supino inclinado com halteres,variação/parente de um exercício do catálogo — confirmar,Dumbbell-Incline-Close-grip-Press-Variation_Upper-_converted.gif,exercises/halteres/peito/Dumbbell-Incline-Close-grip-Press-Variation_Upper-_converted.gif,f8994093c3f5d5274b08972da2f9962e3cb048a31da09dbcc6444a2695f1a52b
REVIEW,halteres,peito,dumbbell incline fly,Crucifixo com halteres,variação/parente de um exercício do catálogo — confirmar,Dumbbell-Incline-Fly-(female)_Chest_converted.gif,exercises/halteres/peito/Dumbbell-Incline-Fly-(female)_Chest_converted.gif,b3a6119183e4e752a0a0cee197db2c0f13421ec9921bd05b9667d8c91ca42dfe
REVIEW,halteres,peito,dumbbell incline fly on exercise ball,Crucifixo com halteres,variação/parente de um exercício do catálogo — confirmar,Dumbbell-Incline-Fly-on-Exercise-Ball-(female)_Chest_converted.gif,exercises/halteres/peito/Dumbbell-Incline-Fly-on-Exercise-Ball-(female)_Chest_converted.gif,9b32656179fd36f1645ea1101307b7cdcabd0c26fd22938ff1b338b20c344ca4
REVIEW,halteres,peito,dumbbell incline fly on exercise ball,Crucifixo com halteres,variação/parente de um exercício do catálogo — confirmar,Dumbbell-Incline-Fly-on-Exercise-Ball_Chest_converted.gif,exercises/halteres/peito/Dumbbell-Incline-Fly-on-Exercise-Ball_Chest_converted.gif,0584280faeccc38736fc5a5db113ccf3d076a29d9b6f58920ae6cef5a2664ee4
REVIEW,halteres,peito,dumbbell incline hammer press,Supino inclinado com halteres,variação/parente de um exercício do catálogo — confirmar,Dumbbell-Incline-Hammer-Press-(female)_Chest_converted.gif,exercises/halteres/peito/Dumbbell-Incline-Hammer-Press-(female)_Chest_converted.gif,c87ea1ef8104924e3f3501426367ae0d074e374f81e4a54c1702d53086c02d82
REVIEW,halteres,peito,dumbbell incline hammer press,Supino inclinado com halteres,variação/parente de um exercício do catálogo — confirmar,Dumbbell-Incline-Hammer-Press_Chest_converted.gif,exercises/halteres/peito/Dumbbell-Incline-Hammer-Press_Chest_converted.gif,d30f9b2b7620a344ac0a084eb0a4a6d2f5500e512f05e43da12a1406cd6ee662
REVIEW,halteres,peito,dumbbell incline low fly,Crucifixo com halteres,variação/parente de um exercício do catálogo — confirmar,Dumbbell-Incline-Low-Fly_Chest__converted.gif,exercises/halteres/peito/Dumbbell-Incline-Low-Fly_Chest__converted.gif,06784a45681e9cde4f97526ccd82d2b2b8d1bf686d889c3fc25201ae82828c4d
REVIEW,halteres,peito,dumbbell incline one arm hammer press,Supino inclinado com halteres,variação/parente de um exercício do catálogo — confirmar,Dumbbell-Incline-One-Arm-Hammer-Press_Upper-Arms__converted.gif,exercises/halteres/peito/Dumbbell-Incline-One-Arm-Hammer-Press_Upper-Arms__converted.gif,40daabf12fb946d5259ea525dc1c93746f0a3eb08684a639d173f33511179cee
REVIEW,halteres,peito,dumbbell incline one arm press,Supino inclinado com halteres,variação/parente de um exercício do catálogo — confirmar,Dumbbell-Incline-One-Arm-Press-(female)_Chest__converted.gif,exercises/halteres/peito/Dumbbell-Incline-One-Arm-Press-(female)_Chest__converted.gif,563e403c7da3748c3d8bbc0ff6eba0bc34762da9437c9085b04e7b14b98f7872
REVIEW,halteres,peito,dumbbell incline one arm press,Supino inclinado com halteres,variação/parente de um exercício do catálogo — confirmar,Dumbbell-Incline-One-Arm-Press_Chest__converted.gif,exercises/halteres/peito/Dumbbell-Incline-One-Arm-Press_Chest__converted.gif,f9d712d15255d8e2c551357f98ff8ebb020596d6d9ec6879843f9773b1c4030a
REVIEW,halteres,peito,dumbbell incline palm in press,Supino inclinado com halteres,variação/parente de um exercício do catálogo — confirmar,Dumbbell-Incline-Palm-in-Press_Chest-FIX__converted.gif,exercises/halteres/peito/Dumbbell-Incline-Palm-in-Press_Chest-FIX__converted.gif,3c44258b00837a2b1682a5dcedfbc76e92706fd70b22ebbd1ec0eaa1672b663b
UNMATCHED,halteres,peito,dumbbell incline pullover,,sem exercício correspondente no catálogo,Dumbbell-Incline-Pullover-(male)_Back__converted.gif,exercises/halteres/peito/Dumbbell-Incline-Pullover-(male)_Back__converted.gif,003281686d871da34097b77cfc4b8361ad9abf3f05ad1820f2ba78fc177f660c
REVIEW,halteres,peito,dumbbell incline squeeze press,Supino inclinado com halteres,variação/parente de um exercício do catálogo — confirmar,Dumbbell-Incline-Squeeze-Press-(female)_Upper-Arms_converted.gif,exercises/halteres/peito/Dumbbell-Incline-Squeeze-Press-(female)_Upper-Arms_converted.gif,c1aedd90551c4cd7f5e63b745f48d1576f5674834aa83019f008f6b2fd49a5e9
REVIEW,halteres,peito,dumbbell incline squeeze press,Supino inclinado com halteres,variação/parente de um exercício do catálogo — confirmar,Dumbbell-Incline-Squeeze-Press_Upper-Arms__converted.gif,exercises/halteres/peito/Dumbbell-Incline-Squeeze-Press_Upper-Arms__converted.gif,4048cab3d9952fa028e004d7d814d74654cd0519f0dc600d3b80026f2b248079
REVIEW,halteres,peito,dumbbell incline twist press,Supino inclinado com halteres,variação/parente de um exercício do catálogo — confirmar,Dumbbell-Incline-Twist-Press_Chest__converted.gif,exercises/halteres/peito/Dumbbell-Incline-Twist-Press_Chest__converted.gif,72933672876119a7bf8ccf4435b631806bea1ef17f559c1c2829a07160b7c8ab
REVIEW,halteres,peito,dumbbell incline twisted fly,Crucifixo com halteres,variação/parente de um exercício do catálogo — confirmar,Dumbbell-Incline-Twisted-Fly_Chest__converted.gif,exercises/halteres/peito/Dumbbell-Incline-Twisted-Fly_Chest__converted.gif,85e3af75e3806dfee2b79c61adb339c5579c4c1730aaf9c5d2f2828d81093ef5
UNMATCHED,halteres,peito,dumbbell ipsilateral glute bridge single arm chest,,sem exercício correspondente no catálogo,Dumbbell-Ipsilateral-Glute-Bridge-Single-Arm-Chest_converted.gif,exercises/halteres/peito/Dumbbell-Ipsilateral-Glute-Bridge-Single-Arm-Chest_converted.gif,1e5ca74cf0194a34d57bc468686c213de20e0f3e1b1dc13a5e7fecbf9d1e7d6a
UNMATCHED,halteres,peito,dumbbell larsen press,,sem exercício correspondente no catálogo,Dumbbell-Larsen-Press-(male)_Chest__converted.gif,exercises/halteres/peito/Dumbbell-Larsen-Press-(male)_Chest__converted.gif,8673e352633fada942077832a7a8cea8d00d96c48055aac6983dee7236b9652f
REVIEW,halteres,peito,dumbbell lying fly on floor,Crucifixo com halteres,variação/parente de um exercício do catálogo — confirmar,Dumbbell-Lying-Fly-on-Floor-(female)_Chest__converted.gif,exercises/halteres/peito/Dumbbell-Lying-Fly-on-Floor-(female)_Chest__converted.gif,2672bd1e8542e8e7832c57cb10577050f5f9605d3ad9d13beeb220273f6f5023
UNMATCHED,halteres,peito,dumbbell lying hammer press,,sem exercício correspondente no catálogo,Dumbbell-Lying-Hammer-Press-(female)_Chest_converted.gif,exercises/halteres/peito/Dumbbell-Lying-Hammer-Press-(female)_Chest_converted.gif,d4b87cfe93058289b0a473cd133a8af0c47574cd97d1218e3682aa3878e5540c
UNMATCHED,halteres,peito,dumbbell lying hammer press,,sem exercício correspondente no catálogo,Dumbbell-Lying-Hammer-Press-(version-2)_converted.gif,exercises/halteres/peito/Dumbbell-Lying-Hammer-Press-(version-2)_converted.gif,8466906ca95171b77c68ccd8ae98bf2d20f55eb71393a884afdc8d12eccede15
UNMATCHED,halteres,peito,dumbbell lying hammer press,,sem exercício correspondente no catálogo,Dumbbell-Lying-Hammer-Press_Chest-FIX__converted.gif,exercises/halteres/peito/Dumbbell-Lying-Hammer-Press_Chest-FIX__converted.gif,74dfe1eb1e2ac5d5226497be32e3eddcf1041288cb2bf4ee1b72a10253c9f448
UNMATCHED,halteres,peito,dumbbell lying on floor chest press,,sem exercício correspondente no catálogo,Dumbbell-Lying-on-Floor-Chest-Press-(female)_Chest_converted.gif,exercises/halteres/peito/Dumbbell-Lying-on-Floor-Chest-Press-(female)_Chest_converted.gif,8662519aeb3a36d6877b4760f9c9fa72b222d8d20510d68ea17dd69bba147295
UNMATCHED,halteres,peito,dumbbell lying on floor chest press,,sem exercício correspondente no catálogo,Dumbbell-Lying-on-Floor-Chest-Press_Chest_converted.gif,exercises/halteres/peito/Dumbbell-Lying-on-Floor-Chest-Press_Chest_converted.gif,69a395452982db5fc92f7b9d92ea0ff9d379c9cdf13910eb4c63e4eba53ed49c
UNMATCHED,halteres,peito,dumbbell lying on floor hammer press,,sem exercício correspondente no catálogo,Dumbbell-Lying-on-Floor-Hammer-Press-(female)_Ches_converted.gif,exercises/halteres/peito/Dumbbell-Lying-on-Floor-Hammer-Press-(female)_Ches_converted.gif,fd756b9117558944cb99f036eb4add137122c6e360f5a412145e517fbb77b9b6
UNMATCHED,halteres,peito,dumbbell lying on floor hammer press,,sem exercício correspondente no catálogo,Dumbbell-Lying-on-Floor-Hammer-Press_Chest_converted.gif,exercises/halteres/peito/Dumbbell-Lying-on-Floor-Hammer-Press_Chest_converted.gif,8644a56921280920cfb660d5a5d6b78ee6edba15ae423056676b65bc274f8612
UNMATCHED,halteres,peito,dumbbell lying one arm press,,sem exercício correspondente no catálogo,Dumbbell-Lying-One-Arm-Press-(female)_Chest__converted.gif,exercises/halteres/peito/Dumbbell-Lying-One-Arm-Press-(female)_Chest__converted.gif,ae1e4e5adda3a5a514cb1fe31f08af9f204d5b4ac4079f692d2c55084f514af2
UNMATCHED,halteres,peito,dumbbell lying one arm press,,sem exercício correspondente no catálogo,Dumbbell-Lying-One-Arm-Press_Chest__converted.gif,exercises/halteres/peito/Dumbbell-Lying-One-Arm-Press_Chest__converted.gif,b06381697b22b1b5f751d6e48a19cb24b2e1945ff112f9d788454ada7166566d
UNMATCHED,halteres,peito,dumbbell lying pullover on exercise ball,,sem exercício correspondente no catálogo,Dumbbell-Lying-Pullover-on-Exercise-Ball_Chest__converted.gif,exercises/halteres/peito/Dumbbell-Lying-Pullover-on-Exercise-Ball_Chest__converted.gif,1437b53b15166a4138fa8b8a8201dfb27f4ba1141192a143795eaf3b920fa850
UNMATCHED,halteres,peito,dumbbell lying straight arm press on floor,,sem exercício correspondente no catálogo,Dumbbell-Lying-Straight-Arm-Press-on-Floor-(female_converted.gif,exercises/halteres/peito/Dumbbell-Lying-Straight-Arm-Press-on-Floor-(female_converted.gif,8abd703e5c0e2ae18e050a235940bd80ca4a144132f21557a13b2adc245c4273
REVIEW,halteres,peito,dumbbell one arm floor fly,Crucifixo com halteres,variação/parente de um exercício do catálogo — confirmar,Dumbbell-One-Arm-Floor-Fly_Chest__converted.gif,exercises/halteres/peito/Dumbbell-One-Arm-Floor-Fly_Chest__converted.gif,a3bcf84b739bce30382e3e9705f4c24fdc514b9de2a862f63d584b9c6e94c40c
REVIEW,halteres,peito,dumbbell one arm low fly,Crucifixo com halteres,variação/parente de um exercício do catálogo — confirmar,Dumbbell-One-Arm-Low-Fly_Chest_converted.gif,exercises/halteres/peito/Dumbbell-One-Arm-Low-Fly_Chest_converted.gif,ce84b856442af7c4bd45449be76b80cef86f5feaf7b026f2df4ac005ed3a8227
UNMATCHED,halteres,peito,dumbbell one arm wide grip bench press,,sem exercício correspondente no catálogo,Dumbbell-One-Arm-Wide-Grip-Bench-Press_Chest__converted.gif,exercises/halteres/peito/Dumbbell-One-Arm-Wide-Grip-Bench-Press_Chest__converted.gif,12bc3044edf49463b3ef427c00705dafec4b90aba92fb03a79124a22059f3c52
REVIEW,halteres,peito,dumbbell palms in incline bench press,Supino inclinado com halteres,variação/parente de um exercício do catálogo — confirmar,Dumbbell-Palms-In-Incline-Bench-Press_converted.gif,exercises/halteres/peito/Dumbbell-Palms-In-Incline-Bench-Press_converted.gif,65266eaab131d39eb75e98fa5ab0f439d5b1f47a6c55f10aa148d6a8699ef7c3
UNMATCHED,halteres,peito,dumbbell pullover,,sem exercício correspondente no catálogo,Dumbbell-Pullover-(VERSION-2)-(female)_Back__converted.gif,exercises/halteres/peito/Dumbbell-Pullover-(VERSION-2)-(female)_Back__converted.gif,9bb17dd3e645a9f0967bc3ea29cfeea994ebbcee8c56f0e9f3b1d7607a629ec2
UNMATCHED,halteres,peito,dumbbell pullover,,sem exercício correspondente no catálogo,Dumbbell-Pullover-(VERSION-2)_Back__converted.gif,exercises/halteres/peito/Dumbbell-Pullover-(VERSION-2)_Back__converted.gif,ff54ec873978e8a84d2e23d7fc7566b0e381cd62c5d64e6aee9526b5f3122994
UNMATCHED,halteres,peito,dumbbell pullover hip extension on exercise ball,,sem exercício correspondente no catálogo,Dumbbell-Pullover-Hip-Extension-on-Exercise-Ball_C_converted.gif,exercises/halteres/peito/Dumbbell-Pullover-Hip-Extension-on-Exercise-Ball_C_converted.gif,fec83fe89f31e169a0c6b36996b452504e70ecbe7137d3eb32513617b7f26e3b
UNMATCHED,halteres,peito,dumbbell pullover on exercise ball,,sem exercício correspondente no catálogo,Dumbbell-Pullover-on-Exercise-Ball-(female)_Chest__converted.gif,exercises/halteres/peito/Dumbbell-Pullover-on-Exercise-Ball-(female)_Chest__converted.gif,d3a21136394b42b4eeaa8390f0fd18c3bb0d8051c9458f524252f115f9665ef8
UNMATCHED,halteres,peito,dumbbell pullover on exercise ball,,sem exercício correspondente no catálogo,Dumbbell-Pullover-on-Exercise-Ball_Chest_converted.gif,exercises/halteres/peito/Dumbbell-Pullover-on-Exercise-Ball_Chest_converted.gif,7da06ca19f4072bf50715e136673329b2c78229d82249ea868011ce5a557c98c
UNMATCHED,halteres,peito,dumbbell pullover on floor,,sem exercício correspondente no catálogo,Dumbbell-Pullover-on-floor_Back_converted.gif,exercises/halteres/peito/Dumbbell-Pullover-on-floor_Back_converted.gif,805facbbeeb0eaf5c431f2ebffd0e846315ae1b68670d58a0c5ae1df4d4049be
UNMATCHED,halteres,peito,dumbbell pullover,,sem exercício correspondente no catálogo,Dumbbell-Pullover_Chest_converted.gif,exercises/halteres/peito/Dumbbell-Pullover_Chest_converted.gif,e8fa4a5d432c313cb6d663b282642d2aa7b1395fd729d4fa40f596e2780c088a
UNMATCHED,halteres,peito,dumbbell reverse bench press,,sem exercício correspondente no catálogo,Dumbbell-Reverse-Bench-Press_Chest__converted.gif,exercises/halteres/peito/Dumbbell-Reverse-Bench-Press_Chest__converted.gif,76984b8671e6104f89c7164abc53acc946b9dc21b39c12fa598b2ed6ed447f9f
UNMATCHED,halteres,peito,dumbbell reverse press on floor,,sem exercício correspondente no catálogo,Dumbbell-Reverse-Press-on-Floor_Chest__converted.gif,exercises/halteres/peito/Dumbbell-Reverse-Press-on-Floor_Chest__converted.gif,b2274fc765b62fde41ff6400e3d51cebdc76d990c193566814cd0e66e1aebf70
REVIEW,halteres,peito,dumbbell reverse push up,Flexão de braço,variação/parente de um exercício do catálogo — confirmar,Dumbbell-Reverse-Push-Up_Upper-Arms__converted.gif,exercises/halteres/peito/Dumbbell-Reverse-Push-Up_Upper-Arms__converted.gif,3bec2a23273472fb39b8877fbaeebe423cafb3a2da2e346e604743fa4af99de8
UNMATCHED,halteres,peito,dumbbell seated reverse arnold press,,sem exercício correspondente no catálogo,Dumbbell-Seated-Reverse-Arnold-Press-(male)_Should_converted.gif,exercises/halteres/peito/Dumbbell-Seated-Reverse-Arnold-Press-(male)_Should_converted.gif,e8921e747a4e78867e597f663682ed5b13874e8d428f4a6e4049f5091eb9e9c3
UNMATCHED,halteres,peito,dumbbell side lying internal rotation on a bench,,sem exercício correspondente no catálogo,Dumbbell-Side-Lying-Internal-Rotation-(on-a-bench)_converted.gif,exercises/halteres/peito/Dumbbell-Side-Lying-Internal-Rotation-(on-a-bench)_converted.gif,f663364e2af7cecdc2fa69459838ca381b8a1c7f892c2b2b9b9291520ca4f672
UNMATCHED,halteres,peito,dumbbell single arm alternate decline bench press,,sem exercício correspondente no catálogo,Dumbbell-Single-Arm-Alternate-Decline-Bench-Press__converted.gif,exercises/halteres/peito/Dumbbell-Single-Arm-Alternate-Decline-Bench-Press__converted.gif,3aebf54165d153b370177f2795b164d26c0eee71c5e4c55705359d07894af521
REVIEW,halteres,peito,dumbbell single arm alternate fly,Crucifixo com halteres,variação/parente de um exercício do catálogo — confirmar,Dumbbell-Single-Arm-Alternate-Fly_Chest__converted.gif,exercises/halteres/peito/Dumbbell-Single-Arm-Alternate-Fly_Chest__converted.gif,ac6dda61775e1ca0f2dd4ae86d32086b2d59798d4156deee2c1eeb9b61e12c64
UNMATCHED,halteres,peito,dumbbell single arm floor press,,sem exercício correspondente no catálogo,Dumbbell-Single-Arm-Floor-Press_Chest__converted.gif,exercises/halteres/peito/Dumbbell-Single-Arm-Floor-Press_Chest__converted.gif,2408f41c18d14f344df4fd95ba8b31377d6f606a9a8e5cf6ec6c16a5e6c19fdd
UNMATCHED,halteres,peito,dumbbell single arm underhand front raise,,sem exercício correspondente no catálogo,Dumbbell-Single-Arm-Underhand-Front-Raise_Shoulder_converted.gif,exercises/halteres/peito/Dumbbell-Single-Arm-Underhand-Front-Raise_Shoulder_converted.gif,aa318e2211b6a8547abdb8ff0dddfe7e780642895e7fc5a8c503137f1d5a5566
UNMATCHED,halteres,peito,dumbbell single arms pullover,,sem exercício correspondente no catálogo,Dumbbell-Single-Arms-Pullover-(male)_Back__converted.gif,exercises/halteres/peito/Dumbbell-Single-Arms-Pullover-(male)_Back__converted.gif,7b0d24b8e7502867a81c0921c204fadbc4524a16db9fb59d008a91608014c7e4
UNMATCHED,halteres,peito,dumbbell squeeze bench press,,sem exercício correspondente no catálogo,Dumbbell-Squeeze-Bench-Press-(female)_Chest__converted.gif,exercises/halteres/peito/Dumbbell-Squeeze-Bench-Press-(female)_Chest__converted.gif,e1bf0b799e033ad1da280e913e644e89f33eceb88babc087c3f098a8f53204dc
UNMATCHED,halteres,peito,dumbbell squeeze bench press,,sem exercício correspondente no catálogo,Dumbbell-Squeeze-Bench-Press_Chest-FIX__converted.gif,exercises/halteres/peito/Dumbbell-Squeeze-Bench-Press_Chest-FIX__converted.gif,84507131b458bc72088c1a1c9807b4757e0eaf9070cd2fc10f75f03908573d5d
UNMATCHED,halteres,peito,dumbbell squeeze press on floor,,sem exercício correspondente no catálogo,Dumbbell-Squeeze-Press-on-Floor_Chest__converted.gif,exercises/halteres/peito/Dumbbell-Squeeze-Press-on-Floor_Chest__converted.gif,59f8458e6ecd73b996951c9a6d6657d979863977c014b948e7be2594f88f98a3
REVIEW,halteres,peito,dumbbell standing close grip shoulder press,Desenvolvimento militar,variação/parente de um exercício do catálogo — confirmar,Dumbbell-Standing-Close-Grip-Shoulder-Press-(male)_converted.gif,exercises/halteres/peito/Dumbbell-Standing-Close-Grip-Shoulder-Press-(male)_converted.gif,a5c9e8dacd26a8de8d589918d20299da605ec22f6d0b6ccfdba4873075372294
UNMATCHED,halteres,peito,dumbbell standing single arm cross raise,,sem exercício correspondente no catálogo,Dumbbell-Standing-Single-Arm-Cross-Raise_Chest__converted.gif,exercises/halteres/peito/Dumbbell-Standing-Single-Arm-Cross-Raise_Chest__converted.gif,2944e2a244b57a33160c6e49c6ca4dc5d636f0b8830443a80063887e85d1e85f
UNMATCHED,halteres,peito,dumbbell straight arm pullover,,sem exercício correspondente no catálogo,Dumbbell-Straight-Arm-Pullover-(female)_Chest_converted.gif,exercises/halteres/peito/Dumbbell-Straight-Arm-Pullover-(female)_Chest_converted.gif,ab85b67a866cf96aa9e554fb94ea9c6f5e84467fa7c8c8ab0e2d500fb1bb941b
UNMATCHED,halteres,peito,dumbbell straight arm pullover,,sem exercício correspondente no catálogo,Dumbbell-Straight-Arm-Pullover-(VERSION-2)-(female_converted 2.gif,exercises/halteres/peito/Dumbbell-Straight-Arm-Pullover-(VERSION-2)-(female_converted 2.gif,848e4dfad3cf71768854e4819a1389d706db0db2a8c1365cf83dabe6798fe146
UNMATCHED,halteres,peito,dumbbell straight arm pullover,,sem exercício correspondente no catálogo,Dumbbell-Straight-Arm-Pullover_Chest_converted.gif,exercises/halteres/peito/Dumbbell-Straight-Arm-Pullover_Chest_converted.gif,8504476b0c0eca506164e9fd9643cd380ee967a41aabf65f83c256c2d515abbb
UNMATCHED,halteres,peito,dumbbell svend press,,sem exercício correspondente no catálogo,Dumbbell-Svend-Press_Chest__converted.gif,exercises/halteres/peito/Dumbbell-Svend-Press_Chest__converted.gif,053800cd71923fbe4d200d93a63ebb012baa59b12648a8cbb79635e0cd0e05b8
UNMATCHED,halteres,peito,dumbbell one arm side lying bench press,,sem exercício correspondente no catálogo,Dumbell-One-Arm-Side-Lying-Bench-Press-(male)_Ches_converted.gif,exercises/halteres/peito/Dumbell-One-Arm-Side-Lying-Bench-Press-(male)_Ches_converted.gif,0a56fd9100abfe7ec95bd59b4ca98dee8eba1afa3356b63e08d248575eb77a53
REVIEW,halteres,peito,hyght dumbbell fly,Crucifixo com halteres,variação/parente de um exercício do catálogo — confirmar,Hyght-Dumbbell-Fly-(female)_Chest__converted.gif,exercises/halteres/peito/Hyght-Dumbbell-Fly-(female)_Chest__converted.gif,160424edefd405ee8ecb3736fda52b2bf2f76e64c0a24ddc59fc1cb1923658ad
REVIEW,halteres,peito,hyght dumbbell fly,Crucifixo com halteres,variação/parente de um exercício do catálogo — confirmar,Hyght-Dumbbell-Fly_Chest__converted.gif,exercises/halteres/peito/Hyght-Dumbbell-Fly_Chest__converted.gif,3963886c5970ee838081a9d3783fd8ae3ff288a13c412cc61087822fadd1545c
UNMATCHED,halteres,peito,incline svend press,,sem exercício correspondente no catálogo,Incline-Svend-Press_Upper-Arms__converted.gif,exercises/halteres/peito/Incline-Svend-Press_Upper-Arms__converted.gif,99f305329542502abef22ed761c7738d9b3c01e1f59c0da0e03d8ba9826a5da0
REVIEW,halteres,peito,push up row,Flexão de braço,variação/parente de um exercício do catálogo — confirmar,Push-up-Row-(male)_Back-FIX__converted.gif,exercises/halteres/peito/Push-up-Row-(male)_Back-FIX__converted.gif,df7ddf6ce6500cabc2574ea4ab687d21a55ec1a1897b7dc2d0e863eb6923d581
UNMATCHED,halteres,peito,svend bench press,,sem exercício correspondente no catálogo,Svend-Bench-Press_Upper-Arms__converted.gif,exercises/halteres/peito/Svend-Bench-Press_Upper-Arms__converted.gif,62a037752f581547fb018f983131c5102f7769f5c9546fdb68d995c6fb395229
UNMATCHED,halteres,peito,weighted lying svend press,,sem exercício correspondente no catálogo,Weighted-Lying-Svend-Press-(male)_Chest__converted.gif,exercises/halteres/peito/Weighted-Lying-Svend-Press-(male)_Chest__converted.gif,c0f2d17ad41bb057990995469df982004aeb0e64a959178eb39969db03e65c1d
UNMATCHED,halteres,peito,weighted plate decline chest press,,sem exercício correspondente no catálogo,Weighted-Plate-Decline-Chest-Press-(male)_Chest__converted.gif,exercises/halteres/peito/Weighted-Plate-Decline-Chest-Press-(male)_Chest__converted.gif,f997e1f0bc2c6c7a60465bb3a3fe6bdca220fcd410bf161b51071456988dff56
UNMATCHED,halteres,peito,weighted plate pullover,,sem exercício correspondente no catálogo,Weighted-Plate-Pullover-(male)_Back__converted.gif,exercises/halteres/peito/Weighted-Plate-Pullover-(male)_Back__converted.gif,09a2123a5d0939443a6b3c433b5a6d11291e466a707b1f14e14db66315f3b6d7
UNMATCHED,halteres,peito,weighted plate pullover on stability ball,,sem exercício correspondente no catálogo,Weighted-Plate-Pullover-on-Stability-Ball-(male)_B_converted.gif,exercises/halteres/peito/Weighted-Plate-Pullover-on-Stability-Ball-(male)_B_converted.gif,8bbb8d773967864dfe14bfc6d03c97962273c480cfd3ba86adfd596e90191d5d
REVIEW,halteres,peito,weighted plate push up,Flexão de braço,variação/parente de um exercício do catálogo — confirmar,Weighted-Plate-Push-up-(male)_Chest__converted.gif,exercises/halteres/peito/Weighted-Plate-Push-up-(male)_Chest__converted.gif,62a4480238322a6b682a71b95cb3dc75ad8d5ab36ec3e0bf1448b6404523e45e
UNMATCHED,halteres,peito,weighted svend press,,sem exercício correspondente no catálogo,Weighted-Svend-Press_Chest-FIX__converted.gif,exercises/halteres/peito/Weighted-Svend-Press_Chest-FIX__converted.gif,13f5f83bf2db83b333a4feebf9d9384b02f1dfc1bdbb26a4d47d18b742894675
UNMATCHED,halteres,perna,dumbbell assisted bulgarian split squat,,sem exercício correspondente no catálogo,Dumbbell-Assisted-Bulgarian-Split-Squat_Thighs__converted.gif,exercises/halteres/perna/Dumbbell-Assisted-Bulgarian-Split-Squat_Thighs__converted.gif,e37d794590937b16ca44b80565cdd6bf6642e790defad50c0d710c6ce9ec98f8
REVIEW,halteres,perna,dumbbell banded hip thrust,Elevação pélvica (hip thrust),variação/parente de um exercício do catálogo — confirmar,Dumbbell-Banded-Hip-Thrust-(female)_Hips__converted.gif,exercises/halteres/perna/Dumbbell-Banded-Hip-Thrust-(female)_Hips__converted.gif,ac71de983013f006d4bb5da6be47b547f7d1ea0ffad2b2dc082425adccf7e910
UNMATCHED,halteres,perna,dumbbell banded wall sit,,sem exercício correspondente no catálogo,Dumbbell-Banded-Wall-Sit-(male)_Thighs__converted.gif,exercises/halteres/perna/Dumbbell-Banded-Wall-Sit-(male)_Thighs__converted.gif,b1f2f4e81295bceb346d4b75d2e7288de9e7535b3cc6f0ee8e4a461e62de846e
UNMATCHED,halteres,perna,dumbbell bar grip sumo squat,,sem exercício correspondente no catálogo,Dumbbell-Bar-Grip-Sumo-Squat-(female)_Hips_converted.gif,exercises/halteres/perna/Dumbbell-Bar-Grip-Sumo-Squat-(female)_Hips_converted.gif,7a64d6ea7773194ff736bb9c0f99c07ef7320c9b709a380e4ec893f40d541f3a
UNMATCHED,halteres,perna,dumbbell bar grip sumo squat,,sem exercício correspondente no catálogo,Dumbbell-Bar-Grip-Sumo-Squat-(male)_Hips_converted.gif,exercises/halteres/perna/Dumbbell-Bar-Grip-Sumo-Squat-(male)_Hips_converted.gif,4a15e0bb02a1761bb0da1414e737f8cfcb7cdf51e24d49e2a3299f7b165cc763
UNMATCHED,halteres,perna,dumbbell bench squat,,sem exercício correspondente no catálogo,Dumbbell-Bench-Squat-(female)_Thighs__converted.gif,exercises/halteres/perna/Dumbbell-Bench-Squat-(female)_Thighs__converted.gif,4ae43a24e87bd23685be6aad183f22cc852b777671ad2738678693024f4efaaf
UNMATCHED,halteres,perna,dumbbell bench squat,,sem exercício correspondente no catálogo,Dumbbell-Bench-Squat_Thighs_converted.gif,exercises/halteres/perna/Dumbbell-Bench-Squat_Thighs_converted.gif,47294ffe7a8d577a3acfe0aeda2e581369a32491b620b8a80444ac981dbf0865
UNMATCHED,halteres,perna,dumbbell bosu ball goblet squat,,sem exercício correspondente no catálogo,Dumbbell-Bosu-Ball-Goblet-Squat-(male)_Thighs__converted.gif,exercises/halteres/perna/Dumbbell-Bosu-Ball-Goblet-Squat-(male)_Thighs__converted.gif,db98bd44b57759d6eef2b768769e1100a39e5410badab49d41e9764b7fc1615c
UNMATCHED,halteres,perna,dumbbell bulgarian split squat,,sem exercício correspondente no catálogo,Dumbbell-Bulgarian-Split-Squat-(female)_Thighs_converted.gif,exercises/halteres/perna/Dumbbell-Bulgarian-Split-Squat-(female)_Thighs_converted.gif,e58913c6470a02a2994809604e7a6f65d8fd816402dbec8a922037e53c6cea48
UNMATCHED,halteres,perna,dumbbell bulgarian split squat with support,,sem exercício correspondente no catálogo,Dumbbell-Bulgarian-Split-Squat-with-Support-(male)_converted.gif,exercises/halteres/perna/Dumbbell-Bulgarian-Split-Squat-with-Support-(male)_converted.gif,37ed8b257ec309a67ca1a6a4044af011c28eafa633842855deb8cc1da18c7db7
UNMATCHED,halteres,perna,dumbbell burpee,,sem exercício correspondente no catálogo,Dumbbell-Burpee-(female)_Cardio__converted.gif,exercises/halteres/perna/Dumbbell-Burpee-(female)_Cardio__converted.gif,ca0a4cb35cd97ca0aedb4ba8e93942c7e0bb487090c0e88e738ad8fe869fb2b2
REVIEW,halteres,perna,dumbbell change plyo side lunge,Afundo (passada),variação/parente de um exercício do catálogo — confirmar,Dumbbell-Change-Plyo-Side-Lunge-(male)_Thighs__converted.gif,exercises/halteres/perna/Dumbbell-Change-Plyo-Side-Lunge-(male)_Thighs__converted.gif,ece346e9dec716a5bfe751190d18375694e065ee6c5f9fe54fd798847e3d55f3
UNMATCHED,halteres,perna,dumbbell clean,,sem exercício correspondente no catálogo,Dumbbell-Clean-(female)_Thighs__converted.gif,exercises/halteres/perna/Dumbbell-Clean-(female)_Thighs__converted.gif,c04646d8d5efdb3e7727a15339746bc4b453b028ee33030d785cc348930ea2a9
UNMATCHED,halteres,perna,dumbbell clean and press,,sem exercício correspondente no catálogo,Dumbbell-Clean-and-Press_Weightlifting-FIX__converted.gif,exercises/halteres/perna/Dumbbell-Clean-and-Press_Weightlifting-FIX__converted.gif,a1690dba148134f8e3baf93a4eec4d4c564f80009fc15493592db797ff755ddc
UNMATCHED,halteres,perna,dumbbell clean,,sem exercício correspondente no catálogo,Dumbbell-Clean_Thighs__converted.gif,exercises/halteres/perna/Dumbbell-Clean_Thighs__converted.gif,42af30aaebd59a6dced6fdb41587c0b836466a91f316a7b9aff83171cf0c98e0
UNMATCHED,halteres,perna,dumbbell cossack squats,,sem exercício correspondente no catálogo,Dumbbell-Cossack-Squats-(VERSION-2)-(male)_Thighs__converted.gif,exercises/halteres/perna/Dumbbell-Cossack-Squats-(VERSION-2)-(male)_Thighs__converted.gif,483ddae781c48cfaf5c8b97e6c1ed802825577c9b77d3e053006cfaba9f7d820
REVIEW,halteres,perna,dumbbell curtsey lunge,Afundo (passada),variação/parente de um exercício do catálogo — confirmar,Dumbbell-Curtsey-lunge-(female)_Thighs__converted.gif,exercises/halteres/perna/Dumbbell-Curtsey-lunge-(female)_Thighs__converted.gif,3c36a763a5cdf3e7a2b5fc505d8dd2a402250d7997ff442f17f10a16c08bab98
REVIEW,halteres,perna,dumbbell curtsey lunge,Afundo (passada),variação/parente de um exercício do catálogo — confirmar,Dumbbell-Curtsey-Lunge-(male)_Thighs__converted.gif,exercises/halteres/perna/Dumbbell-Curtsey-Lunge-(male)_Thighs__converted.gif,cbc4902025f47aadec759d830c62c5780c4508ad206cc494ed9fc789dbe1f7cc
UNMATCHED,halteres,perna,dumbbell deadlift 360 degrees,,sem exercício correspondente no catálogo,Dumbbell-deadlift-(female)-360-degrees_Back_converted.gif,exercises/halteres/perna/Dumbbell-deadlift-(female)-360-degrees_Back_converted.gif,39e1ec3ca36d52ce0cf55110baee145f0e8139ab7f95e4470e667372a7e0a550
UNMATCHED,halteres,perna,dumbbell deadlift,,sem exercício correspondente no catálogo,Dumbbell-Deadlift-(female)_Back_converted.gif,exercises/halteres/perna/Dumbbell-Deadlift-(female)_Back_converted.gif,b1f52916a77d85c290d4f892904f236b6c818f8666c2ff97fa9a70a1703172c2
UNMATCHED,halteres,perna,dumbbell deadlift,,sem exercício correspondente no catálogo,Dumbbell-Deadlift_Hips_converted.gif,exercises/halteres/perna/Dumbbell-Deadlift_Hips_converted.gif,d620d3ef1e52fabb4669ece567c026140332b7c9f4b13cc07a3e26704e02c998
REVIEW,halteres,perna,dumbbell decline lying leg curl,Mesa flexora,variação/parente de um exercício do catálogo — confirmar,Dumbbell-Decline-Lying-Leg-Curl_Thighs__converted.gif,exercises/halteres/perna/Dumbbell-Decline-Lying-Leg-Curl_Thighs__converted.gif,a41df08d294dc8fe7bb218ec35688b824391238385cada786682a3ef9ebe8ae5
REVIEW,halteres,perna,dumbbell frog hip thrust,Elevação pélvica (hip thrust),variação/parente de um exercício do catálogo — confirmar,Dumbbell-Frog-Hip-Thrust-(male)_Hips__converted.gif,exercises/halteres/perna/Dumbbell-Frog-Hip-Thrust-(male)_Hips__converted.gif,eba29c886c40b93d17e87fd341babadc7ae4195243f126b2e86b194c98929d95
REVIEW,halteres,perna,dumbbell front rack lunge,Afundo (passada),variação/parente de um exercício do catálogo — confirmar,Dumbbell-Front-Rack-Lunge_Thighs_converted.gif,exercises/halteres/perna/Dumbbell-Front-Rack-Lunge_Thighs_converted.gif,aa71424725077717ed589416c523e9dd88bc9cd29c62ebf8dd81b8db7205299b
UNMATCHED,halteres,perna,dumbbell front squat,,sem exercício correspondente no catálogo,Dumbbell-Front-Squat-(female)_Thighs_converted.gif,exercises/halteres/perna/Dumbbell-Front-Squat-(female)_Thighs_converted.gif,86912ca7bb8f08abb085e3cfcceda65d6958b42035e84e499b1d83d30e839ce1
UNMATCHED,halteres,perna,dumbbell front squat,,sem exercício correspondente no catálogo,Dumbbell-Front-Squat_Thighs-FIX__converted.gif,exercises/halteres/perna/Dumbbell-Front-Squat_Thighs-FIX__converted.gif,fe67862ea0509c20485fe6aa5eebf812714db8f917c1f4a29d618ea2d21faf1b
UNMATCHED,halteres,perna,dumbbell full swing,,sem exercício correspondente no catálogo,Dumbbell-Full-Swing_Hips_converted.gif,exercises/halteres/perna/Dumbbell-Full-Swing_Hips_converted.gif,78fbc89cf208991c1f349b1ada923addade2090f9954d04d32df750ab1482e97
UNMATCHED,halteres,perna,dumbbell glute bridge,,sem exercício correspondente no catálogo,Dumbbell-Glute-Bridge-(female)_Hips__converted.gif,exercises/halteres/perna/Dumbbell-Glute-Bridge-(female)_Hips__converted.gif,436f72524ff3a184721e78f276ca5bd719e88c58dc7dee6ec17ba19104b58f06
UNMATCHED,halteres,perna,dumbbell glute bridge,,sem exercício correspondente no catálogo,Dumbbell-Glute-Bridge_Hip_converted.gif,exercises/halteres/perna/Dumbbell-Glute-Bridge_Hip_converted.gif,b83c1105d51a4b1e3a231be68f929e09f4a937d2d405beadc247851d8aff4b70
REVIEW,halteres,perna,dumbbell goblet curtsey lunge,Afundo (passada),variação/parente de um exercício do catálogo — confirmar,Dumbbell-Gobelt-Curtsey-Lunge-(female)_Thighs__converted.gif,exercises/halteres/perna/Dumbbell-Gobelt-Curtsey-Lunge-(female)_Thighs__converted.gif,6c383ed1c05dd4ae040a08e728a55a6cb0d338c2619eaf9b7ad4e7256be34cef
REVIEW,halteres,perna,dumbbell goblet curtsey lunge,Afundo (passada),variação/parente de um exercício do catálogo — confirmar,Dumbbell-Gobelt-Curtsey-Lunge_Thighs__converted.gif,exercises/halteres/perna/Dumbbell-Gobelt-Curtsey-Lunge_Thighs__converted.gif,8037798a9d74fe204e74301392b486348ee1abc7b73743ce11700d22048afa6b
UNMATCHED,halteres,perna,dumbbell goblet 2 sec hold squat,,sem exercício correspondente no catálogo,Dumbbell-Goblet-2-sec-Hold-Squat_Thighs__converted.gif,exercises/halteres/perna/Dumbbell-Goblet-2-sec-Hold-Squat_Thighs__converted.gif,95bef4c1d871f16b549a577846690b93aae24564e5f54c3a1b3745b11ad5f9fd
UNMATCHED,halteres,perna,dumbbell goblet bulgarian split squat,,sem exercício correspondente no catálogo,Dumbbell-Goblet-Bulgarian-Split-Squat_Thighs__converted.gif,exercises/halteres/perna/Dumbbell-Goblet-Bulgarian-Split-Squat_Thighs__converted.gif,079e3aa085a972882971b830cc3af1631ebeaaa38d350d04bc9c626a7569e3ed
REVIEW,halteres,perna,dumbbell goblet lunge,Afundo (passada),variação/parente de um exercício do catálogo — confirmar,Dumbbell-Goblet-Lunge_Thighs__converted.gif,exercises/halteres/perna/Dumbbell-Goblet-Lunge_Thighs__converted.gif,3a0be32778db382ec8eb19d069acc892d66086205176c974db498f3601ad0b3f
REVIEW,halteres,perna,dumbbell goblet side lunge stretch,Afundo (passada),variação/parente de um exercício do catálogo — confirmar,Dumbbell-Goblet-Side-Lunge-Stretch-(VERSION-2)-(ma_converted.gif,exercises/halteres/perna/Dumbbell-Goblet-Side-Lunge-Stretch-(VERSION-2)-(ma_converted.gif,5390bed2a07d414224c6371cab00db81aa159e0ddd0145146b76f7171cc5e81a
UNMATCHED,halteres,perna,dumbbell goblet split squat front foot elevated,,sem exercício correspondente no catálogo,Dumbbell-Goblet-Split-Squat-Front-Foot-Elevanted-(female)_Thighs-FIX__converted.gif,exercises/halteres/perna/Dumbbell-Goblet-Split-Squat-Front-Foot-Elevanted-(female)_Thighs-FIX__converted.gif,ee71fdcde3d08d284b552c3a04f8e8bef45a8a682500dbcfb9b604856fb9da53
UNMATCHED,halteres,perna,dumbbell goblet split squat front foot elevated,,sem exercício correspondente no catálogo,Dumbbell-Goblet-Split-Squat-Front-Foot-Elevanted-(female)_Thighs_converted.gif,exercises/halteres/perna/Dumbbell-Goblet-Split-Squat-Front-Foot-Elevanted-(female)_Thighs_converted.gif,05e4dc500c9dd59c26017a83d16cce9a9efac16ed7bc2f6afe0dd16560b2a3a4
UNMATCHED,halteres,perna,dumbbell goblet split squat front foot elevated,,sem exercício correspondente no catálogo,Dumbbell-Goblet-Split-Squat-Front-Foot-Elevanted_T_converted.gif,exercises/halteres/perna/Dumbbell-Goblet-Split-Squat-Front-Foot-Elevanted_T_converted.gif,9769b33ab648485444f9b674305d5af3ccbb5bc5db3958f268382fbb0308dbc2
UNMATCHED,halteres,perna,dumbbell goblet split squat,,sem exercício correspondente no catálogo,Dumbbell-Goblet-Split-Squat_Thighs__converted.gif,exercises/halteres/perna/Dumbbell-Goblet-Split-Squat_Thighs__converted.gif,b81a1ebac0e7c3691c5971e142e56259907fcd78abe45e29ea0814c50e8e360f
UNMATCHED,halteres,perna,dumbbell goblet squat,,sem exercício correspondente no catálogo,Dumbbell-Goblet-Squat-(female)_Thighs_converted.gif,exercises/halteres/perna/Dumbbell-Goblet-Squat-(female)_Thighs_converted.gif,65b68f6bd3f7fe0f90ba05c198250f9d4e0eeeb88aa7a4edba58348d0e383aa8
UNMATCHED,halteres,perna,dumbbell goblet squat side shuffle,,sem exercício correspondente no catálogo,Dumbbell-Goblet-Squat-Side-Shuffle-(male)_Plyometr_converted.gif,exercises/halteres/perna/Dumbbell-Goblet-Squat-Side-Shuffle-(male)_Plyometr_converted.gif,af7c7f97c92aa713db4c0332d77bdc7a0496920ffee43d664e50d37c1bc4c4dc
UNMATCHED,halteres,perna,dumbbell goblet squat with calf raise,,sem exercício correspondente no catálogo,Dumbbell-Goblet-Squat-with-Calf-Raise_Thighs__converted.gif,exercises/halteres/perna/Dumbbell-Goblet-Squat-with-Calf-Raise_Thighs__converted.gif,f93f57a04bd2ee95c0603bd8f84630d3dca0a9009a9198d1314d7ca047d2fc50
UNMATCHED,halteres,perna,dumbbell goblet squat,,sem exercício correspondente no catálogo,Dumbbell-Goblet-Squat_Thighs-FIX__converted.gif,exercises/halteres/perna/Dumbbell-Goblet-Squat_Thighs-FIX__converted.gif,e3e65338176c5da207102b640b13e3e3d1e71509ae4b3ca4f0beb2b78dd0ba2c
UNMATCHED,halteres,perna,dumbbell goblet sumo squat,,sem exercício correspondente no catálogo,Dumbbell-Goblet-Sumo-Squat-(male)_Thighs__converted.gif,exercises/halteres/perna/Dumbbell-Goblet-Sumo-Squat-(male)_Thighs__converted.gif,9804207db3ac4b4dfa09642ef36961aded4584f0c4aa4020f760b016a7c3b6b5
REVIEW,halteres,perna,dumbbell goblet walking lunge,Afundo (passada),variação/parente de um exercício do catálogo — confirmar,Dumbbell-Goblet-Walking-Lunge_Thighs__converted.gif,exercises/halteres/perna/Dumbbell-Goblet-Walking-Lunge_Thighs__converted.gif,22cf7722e8f95aa563f21a9270a837fc00f18af2a24892c1c7416f098bf5ba46
UNMATCHED,halteres,perna,dumbbell goblet wall sit,,sem exercício correspondente no catálogo,Dumbbell-Goblet-Wall-Sit-(male)_Thighs__converted.gif,exercises/halteres/perna/Dumbbell-Goblet-Wall-Sit-(male)_Thighs__converted.gif,b7bcb5a81f4f7fe6a2439494ed0d856ab758b3565d95cfc697a5933e809be176
UNMATCHED,halteres,perna,dumbbell good morning,,sem exercício correspondente no catálogo,Dumbbell-Good-Morning-(male)_Hips__converted.gif,exercises/halteres/perna/Dumbbell-Good-Morning-(male)_Hips__converted.gif,ea9c620f7013ed203949e539598fd2cd5d964c6f26a396e8f77498472c6dfcc5
UNMATCHED,halteres,perna,dumbbell hack squat,,sem exercício correspondente no catálogo,Dumbbell-Hack-Squat_Hips__converted.gif,exercises/halteres/perna/Dumbbell-Hack-Squat_Hips__converted.gif,1b6808ecf94ea514de262722d4d7d0098c86f07fc84e55d5ed0c941844f2b3a1
UNMATCHED,halteres,perna,dumbbell hang clean and press,,sem exercício correspondente no catálogo,Dumbbell-Hang-Clean-and-Press-(male)_Weightlifting_converted.gif,exercises/halteres/perna/Dumbbell-Hang-Clean-and-Press-(male)_Weightlifting_converted.gif,d778f64ac8eff8c6f5d18dec585b2517505280ce1e88fb8b96d12b32d88002cf
UNMATCHED,halteres,perna,dumbbell hang power clean,,sem exercício correspondente no catálogo,Dumbbell-Hang-Power-Clean_Weightlifting__converted.gif,exercises/halteres/perna/Dumbbell-Hang-Power-Clean_Weightlifting__converted.gif,9cb9cde79f55d4f72d7895c84303def08ddda318c9e63b504915384e113ce71e
REVIEW,halteres,perna,dumbbell hip thrust,Elevação pélvica (hip thrust),variação/parente de um exercício do catálogo — confirmar,Dumbbell-Hip-Thrust-(VERSION-2)-(female)_Hips__converted.gif,exercises/halteres/perna/Dumbbell-Hip-Thrust-(VERSION-2)-(female)_Hips__converted.gif,666eeb433e1011a05c0f05f01824f0a2cf034601e183b800343abb35a6a2b981
REVIEW,halteres,perna,dumbbell hip thrust,Elevação pélvica (hip thrust),variação/parente de um exercício do catálogo — confirmar,Dumbbell-Hip-Thrust-(VERSION-2)_Hips__converted.gif,exercises/halteres/perna/Dumbbell-Hip-Thrust-(VERSION-2)_Hips__converted.gif,9013e9edb01c021a004078f560d65cdde3e8937246024e9d7611132882b1417a
REVIEW,halteres,perna,dumbbell hip thrust,Elevação pélvica (hip thrust),variação/parente de um exercício do catálogo — confirmar,Dumbbell-Hip-Thrust_Hips__converted.gif,exercises/halteres/perna/Dumbbell-Hip-Thrust_Hips__converted.gif,9f0540d6ec38cbb23dc3cb3b49f37aa8d014d9593c103eaef29aa08c3b54359b
UNMATCHED,halteres,perna,dumbbell hyperextension,,sem exercício correspondente no catálogo,Dumbbell-Hyperextension-(male)_Hips-FIX__converted.gif,exercises/halteres/perna/Dumbbell-Hyperextension-(male)_Hips-FIX__converted.gif,3327d0a6a4dc734df97d8093e79119cccc7d83524b8143f3f957df85a2aa570a
UNMATCHED,halteres,perna,dumbbell hyperextension,,sem exercício correspondente no catálogo,Dumbbell-Hyperextension-(male)_Hips__converted.gif,exercises/halteres/perna/Dumbbell-Hyperextension-(male)_Hips__converted.gif,5090a65ea652001ce469bf80e8f5f795f8aaa5a14f688c75571c140bf94872b5
UNMATCHED,halteres,perna,dumbbell hyperextension,,sem exercício correspondente no catálogo,Dumbbell-Hyperextension-(VERSION-2)-(male)_Hips__converted.gif,exercises/halteres/perna/Dumbbell-Hyperextension-(VERSION-2)-(male)_Hips__converted.gif,40a0f4a54315a2d17e1b27501764f5ac8d7d9b7ed5d8d8e38e09b096db046d5a
UNMATCHED,halteres,perna,dumbbell ipsilateral single leg stiff leg deadlift,,sem exercício correspondente no catálogo,Dumbbell-Ipsilateral-Single-Leg-Stiff-Leg-Deadlift_converted.gif,exercises/halteres/perna/Dumbbell-Ipsilateral-Single-Leg-Stiff-Leg-Deadlift_converted.gif,253bb9a47c16c983b33aee1d946cbadbfa2925fe5199b45eaab5a0c2b13e6335
UNMATCHED,halteres,perna,dumbbell iron cross,,sem exercício correspondente no catálogo,Dumbbell-Iron-Cross-(female)_Shoulders_converted.gif,exercises/halteres/perna/Dumbbell-Iron-Cross-(female)_Shoulders_converted.gif,95bf378858f12675277b05b84d132deda3e4a0314b44b27368bf2da10f577ab7
UNMATCHED,halteres,perna,dumbbell iron cross,,sem exercício correspondente no catálogo,Dumbbell-Iron-Cross_Shoulders_converted.gif,exercises/halteres/perna/Dumbbell-Iron-Cross_Shoulders_converted.gif,cf126efbb5ed63ff693f0a48890b384e01a5ed5a7f382b16ddf14e949ca80272
UNMATCHED,halteres,perna,dumbbell jefferson curl,,sem exercício correspondente no catálogo,Dumbbell-Jefferson-Curl-(male)_Hips__converted.gif,exercises/halteres/perna/Dumbbell-Jefferson-Curl-(male)_Hips__converted.gif,1a54d6c7fcf7d5a91db5ed44b466aff4cf3f8c0981f1d4ab2ad48cc477345d42
UNMATCHED,halteres,perna,dumbbell jumping squat,,sem exercício correspondente no catálogo,Dumbbell-Jumping-Squat_Plyometric__converted.gif,exercises/halteres/perna/Dumbbell-Jumping-Squat_Plyometric__converted.gif,07173214eee77ccf75a9e4e8f8d66b6a2e5a3f066a378042ba995d211454b1b0
UNMATCHED,halteres,perna,dumbbell kneeling hold to stand clean grip,,sem exercício correspondente no catálogo,Dumbbell-Kneeling-Hold-to-Stand-Clean-grip_Thighs__converted.gif,exercises/halteres/perna/Dumbbell-Kneeling-Hold-to-Stand-Clean-grip_Thighs__converted.gif,ee7f15af11002016e32b050332f19062f2bfb9a74e2d171f2e8c3345ba7de0a0
UNMATCHED,halteres,perna,dumbbell kneeling hold to stand,,sem exercício correspondente no catálogo,Dumbbell-Kneeling-Hold-to-Stand_Thighs__converted.gif,exercises/halteres/perna/Dumbbell-Kneeling-Hold-to-Stand_Thighs__converted.gif,24760e3679c4535855ab232542da84d16eb4f1e19e8c8ac085297ba1147fb036
UNMATCHED,halteres,perna,dumbbell lateral step up,,sem exercício correspondente no catálogo,Dumbbell-Lateral-Step-Up-(female)_Thighs__converted.gif,exercises/halteres/perna/Dumbbell-Lateral-Step-Up-(female)_Thighs__converted.gif,ffa72b8ca1e0b9c97ae234c53ddd539d530ae2611fbfa5f2f47316acefd4ed25
UNMATCHED,halteres,perna,dumbbell lateral step up,,sem exercício correspondente no catálogo,Dumbbell-Lateral-Step-up-(male)_Thighs__converted.gif,exercises/halteres/perna/Dumbbell-Lateral-Step-up-(male)_Thighs__converted.gif,34c6392d9218d6b7a98902f758b8c34c613a28d6fe0b321b2f77c50216fa4649
UNMATCHED,halteres,perna,dumbbell lateral walk,,sem exercício correspondente no catálogo,Dumbbell-Lateral-Walk-(male)_Hips__converted.gif,exercises/halteres/perna/Dumbbell-Lateral-Walk-(male)_Hips__converted.gif,f66325bdce2b592b0eb603ae3b8f7b35342853aaf815e42034c2b6de55169e66
UNMATCHED,halteres,perna,dumbbell low split squat,,sem exercício correspondente no catálogo,Dumbbell-Low-Split-Squat-(male)_Thighs__converted.gif,exercises/halteres/perna/Dumbbell-Low-Split-Squat-(male)_Thighs__converted.gif,bf9312093203345452f48fb205d1f99a1af0866bbe5c28a8bd25a87ad40c6553
UNMATCHED,halteres,perna,dumbbell low windmill,,sem exercício correspondente no catálogo,Dumbbell-Low-Windmill_Waist__converted.gif,exercises/halteres/perna/Dumbbell-Low-Windmill_Waist__converted.gif,a2818c6a99f9029e5fb5fed388faa533b0cd117e06acab78324e69d4c8e6398f
UNMATCHED,halteres,perna,dumbbell lying femoral,,sem exercício correspondente no catálogo,Dumbbell-Lying-Femoral-(female)_Thighs_converted.gif,exercises/halteres/perna/Dumbbell-Lying-Femoral-(female)_Thighs_converted.gif,d73070509b6f0c9fb770a2e8f053af46773524e6901c38a50e4b3a3806e8bd42
UNMATCHED,halteres,perna,dumbbell lying femoral,,sem exercício correspondente no catálogo,Dumbbell-Lying-Femoral_Thighs_converted.gif,exercises/halteres/perna/Dumbbell-Lying-Femoral_Thighs_converted.gif,53cf98e46913cb417316dec92dec201dc979e7b1fd39cb7d0e991d73af9c3900
UNMATCHED,halteres,perna,dumbbell lying hamstring curl,,sem exercício correspondente no catálogo,Dumbbell-Lying-Hamstring-Curl-(female)_Thighs__converted.gif,exercises/halteres/perna/Dumbbell-Lying-Hamstring-Curl-(female)_Thighs__converted.gif,376f43e1eb60f2afc3fa06705102303a9af69ed157cfe534382ccc52ac7a097d
UNMATCHED,halteres,perna,dumbbell lying hamstring curl,,sem exercício correspondente no catálogo,Dumbbell-Lying-Hamstring-Curl_Thighs_converted.gif,exercises/halteres/perna/Dumbbell-Lying-Hamstring-Curl_Thighs_converted.gif,7d418e9846b7f4aec8885e7014f4c7e5828ec60cc1dc17a91fde71b8cf9830c7
REVIEW,halteres,perna,dumbbell lying leg curl,Mesa flexora,variação/parente de um exercício do catálogo — confirmar,Dumbbell-Lying-Leg-Curl-(male)_Thighs__converted.gif,exercises/halteres/perna/Dumbbell-Lying-Leg-Curl-(male)_Thighs__converted.gif,60145a9531e49a8e8d8cfaa5af188f4c8161a359b639148ae3b3ef34b2e16a84
UNMATCHED,halteres,perna,dumbbell narrow squat,,sem exercício correspondente no catálogo,Dumbbell-Narrow-Squat-(male)_Thighs__converted.gif,exercises/halteres/perna/Dumbbell-Narrow-Squat-(male)_Thighs__converted.gif,04438ae665adfc767bd34111cee2b67ba1f4579e0068f7a63da3d03db6c15e65
UNMATCHED,halteres,perna,dumbbell one arm snatch,,sem exercício correspondente no catálogo,Dumbbell-One-Arm-Snatch-(female)_Weightlifting__converted.gif,exercises/halteres/perna/Dumbbell-One-Arm-Snatch-(female)_Weightlifting__converted.gif,18e8ce9f95caa191c1a7f277949291fff9d3549b6b2058c1bf25a14bf13025ff
UNMATCHED,halteres,perna,dumbbell one arm snatch,,sem exercício correspondente no catálogo,Dumbbell-One-Arm-Snatch_Weightlifting__converted.gif,exercises/halteres/perna/Dumbbell-One-Arm-Snatch_Weightlifting__converted.gif,95bff8c08ac8f2672db7a569926867f51d4ef729e6f0bb0c148d09fc8d02bdb8
UNMATCHED,halteres,perna,dumbbell one arm swing,,sem exercício correspondente no catálogo,Dumbbell-One-Arm-Swing_Weightlifts__converted.gif,exercises/halteres/perna/Dumbbell-One-Arm-Swing_Weightlifts__converted.gif,c0b810359086e1b2ae47cf269bf50e8014e5ed752170dde8b7cebc738bdca64c
REVIEW,halteres,perna,dumbbell overhead lunge,Afundo (passada),variação/parente de um exercício do catálogo — confirmar,Dumbbell-Overhead-Lunge_Thighs__converted.gif,exercises/halteres/perna/Dumbbell-Overhead-Lunge_Thighs__converted.gif,a1f4029c48b136b0e0688ccf81acd2c1c2fad02dd2ade99c12d9f1ef01df6d35
UNMATCHED,halteres,perna,dumbbell overhead squat,,sem exercício correspondente no catálogo,Dumbbell-Overhead-Squat-(female)_Thighs__converted.gif,exercises/halteres/perna/Dumbbell-Overhead-Squat-(female)_Thighs__converted.gif,5df3265176fa02dbe9e87deb6046dc661fb04a9db22dd94c9048c2a28c44c590
UNMATCHED,halteres,perna,dumbbell overhead squat,,sem exercício correspondente no catálogo,Dumbbell-Overhead-Squat_Thighs_converted.gif,exercises/halteres/perna/Dumbbell-Overhead-Squat_Thighs_converted.gif,72315f1d0d78476bb0acbc2a5ff46391239d2bd96a8320f9ad3e81fba3858d96
UNMATCHED,halteres,perna,dumbbell pause squat,,sem exercício correspondente no catálogo,Dumbbell-Pause-Squat-(female)_Hips__converted.gif,exercises/halteres/perna/Dumbbell-Pause-Squat-(female)_Hips__converted.gif,accbeb2a52624d3740354a35296530ac69fc6ff995109180bef491fbb796e0d3
UNMATCHED,halteres,perna,dumbbell plank jack converted 2,,sem exercício correspondente no catálogo,Dumbbell-Plank-Jack-(female)_Plyometrics__converted 2.gif,exercises/halteres/perna/Dumbbell-Plank-Jack-(female)_Plyometrics__converted 2.gif,2a0be88a72729c8b7d6df4b2b13294478a03e5e828ff95f047e5aa3c74378d4b
UNMATCHED,halteres,perna,dumbbell plank jack,,sem exercício correspondente no catálogo,Dumbbell-Plank-Jack-(female)_Plyometrics__converted.gif,exercises/halteres/perna/Dumbbell-Plank-Jack-(female)_Plyometrics__converted.gif,2a0be88a72729c8b7d6df4b2b13294478a03e5e828ff95f047e5aa3c74378d4b
UNMATCHED,halteres,perna,dumbbell plyo squat,,sem exercício correspondente no catálogo,Dumbbell-Plyo-Squat-(female)_Thighs__converted.gif,exercises/halteres/perna/Dumbbell-Plyo-Squat-(female)_Thighs__converted.gif,dcda245148a070e7bd44bbe3314c280e9782664b0aed470368d1bb71e93510f3
UNMATCHED,halteres,perna,dumbbell plyo squat,,sem exercício correspondente no catálogo,Dumbbell-Plyo-Squat_thighs_converted.gif,exercises/halteres/perna/Dumbbell-Plyo-Squat_thighs_converted.gif,1d1eecb1ebcda2f12cc721f43bce27f3c1d49cc3b03babf89e12641ed0886e30
UNMATCHED,halteres,perna,dumbbell power clean,,sem exercício correspondente no catálogo,Dumbbell-Power-Clean_Weightlifting__converted.gif,exercises/halteres/perna/Dumbbell-Power-Clean_Weightlifting__converted.gif,2cd3ec834a323fafa581dc23712a09ac4464ce751ef5e098f7aea4929063a318
UNMATCHED,halteres,perna,dumbbell press squat chest,,sem exercício correspondente no catálogo,Dumbbell-Press-Squat_Thighs_Chest_converted.gif,exercises/halteres/perna/Dumbbell-Press-Squat_Thighs_Chest_converted.gif,e453f1ba49c0505df713453007ba5e389c1748a0688a560de00650ed45f1cb9d
UNMATCHED,halteres,perna,dumbbell push jerk,,sem exercício correspondente no catálogo,Dumbbell-Push-Jerk_Weightlifting__converted.gif,exercises/halteres/perna/Dumbbell-Push-Jerk_Weightlifting__converted.gif,6bbad18d0b270f8bac42eaff6ce9e52d4803d4fec082e98574383bdf14ed567f
UNMATCHED,halteres,perna,dumbbell push press,,sem exercício correspondente no catálogo,Dumbbell-Push-Press_Shoulders__converted.gif,exercises/halteres/perna/Dumbbell-Push-Press_Shoulders__converted.gif,e4d9d8000afa559435f434a50150dc8f900445eb2916df1869b4d96f484fcda5
REVIEW,halteres,perna,dumbbell rear lunge,Afundo (passada),variação/parente de um exercício do catálogo — confirmar,Dumbbell-Rear-Lunge-(female)_Thighs__converted.gif,exercises/halteres/perna/Dumbbell-Rear-Lunge-(female)_Thighs__converted.gif,41f5e28f77323d7cdc6b0bd3650c7103d10e3f5b1840b49a7e0e60bcde898fab
REVIEW,halteres,perna,dumbbell rear lunge from step,Afundo (passada),variação/parente de um exercício do catálogo — confirmar,Dumbbell-Rear-Lunge-from-Step-(female)_Thighs__converted.gif,exercises/halteres/perna/Dumbbell-Rear-Lunge-from-Step-(female)_Thighs__converted.gif,69d9925f063f6da73da48c4e8029c6e511edea6bc16b65c5725e2f3a94ec0f69
REVIEW,halteres,perna,dumbbell rear lunge,Afundo (passada),variação/parente de um exercício do catálogo — confirmar,Dumbbell-Rear-Lunge_Thighs-FIX__converted.gif,exercises/halteres/perna/Dumbbell-Rear-Lunge_Thighs-FIX__converted.gif,55a8f86d0954adb7217b61eeee8eb3c39d50588eef434f1aa5afef4d1d9eb7f1
UNMATCHED,halteres,perna,dumbbell reverse hyperextension on bench,,sem exercício correspondente no catálogo,Dumbbell-Reverse-Hyperextension-on-Bench_Hips__converted.gif,exercises/halteres/perna/Dumbbell-Reverse-Hyperextension-on-Bench_Hips__converted.gif,b7422830f243840471634a059622bc13ea76bb31a89360ac39e4070aa2c08be1
REVIEW,halteres,perna,dumbbell reverse lunge from deficit,Afundo (passada),variação/parente de um exercício do catálogo — confirmar,Dumbbell-Reverse-Lunge-from-Deficit-(male)_Thighs__converted.gif,exercises/halteres/perna/Dumbbell-Reverse-Lunge-from-Deficit-(male)_Thighs__converted.gif,bed01d899f59f8b833248b9f8bf454a0810875299390e4d2ce38355ff1ffc764
UNMATCHED,halteres,perna,dumbbell romanian deadlift,,sem exercício correspondente no catálogo,Dumbbell-Romanian-Deadlift-(female)_Hips-FIX__converted.gif,exercises/halteres/perna/Dumbbell-Romanian-Deadlift-(female)_Hips-FIX__converted.gif,cd79278d8860e0add85a3945d86edc646cc68bbd4d5026d4c2d0bf63f9c22fd3
UNMATCHED,halteres,perna,dumbbell romanian deadlift to squat,,sem exercício correspondente no catálogo,Dumbbell-Romanian-Deadlift-to-Squat-(male)_Thighs__converted.gif,exercises/halteres/perna/Dumbbell-Romanian-Deadlift-to-Squat-(male)_Thighs__converted.gif,15592e0e4f7a177552aaede16b2a002f72bdefeb6e73fd4423127f17ceb98f49
UNMATCHED,halteres,perna,dumbbell romanian deadlift,,sem exercício correspondente no catálogo,Dumbbell-Romanian-Deadlift_Hips-FIX__converted.gif,exercises/halteres/perna/Dumbbell-Romanian-Deadlift_Hips-FIX__converted.gif,6aa8153af92b345a71e56aafc3eb3f2b4f5f7b4d187144e7da9dbb8c72d74b76
UNMATCHED,halteres,perna,dumbbell seated calf raise,,sem exercício correspondente no catálogo,Dumbbell-Seated-Calf-Raise-(female)_Calves_converted.gif,exercises/halteres/perna/Dumbbell-Seated-Calf-Raise-(female)_Calves_converted.gif,bbab9733c91c3cd71685d0da41d9571c556602ac89bdeb977da1fd20c69365f5
REVIEW,halteres,perna,dumbbell side lunge,Afundo (passada),variação/parente de um exercício do catálogo — confirmar,Dumbbell-Side-Lunge-(female)_Hips__converted.gif,exercises/halteres/perna/Dumbbell-Side-Lunge-(female)_Hips__converted.gif,de7d1852e725e2b103bb8fd9a95bf5d9f2f96ebae2cd8b312eea11bdd11df094
REVIEW,halteres,perna,dumbbell side lunge,Afundo (passada),variação/parente de um exercício do catálogo — confirmar,Dumbbell-Side-Lunge-(VERSION-3)_Thighs-FIX__converted.gif,exercises/halteres/perna/Dumbbell-Side-Lunge-(VERSION-3)_Thighs-FIX__converted.gif,62e22f70079b33b7fe279a0472bbe5cd156cdfcb891bececb675ecb8c4b1c271
UNMATCHED,halteres,perna,dumbbell side squat,,sem exercício correspondente no catálogo,Dumbbell-Side-Squat_Thighs__converted.gif,exercises/halteres/perna/Dumbbell-Side-Squat_Thighs__converted.gif,081ce727a1c153ebe437fe2c5518966fa258df77d8587cf32b0f4b829e6548fa
UNMATCHED,halteres,perna,dumbbell single arm clean and press,,sem exercício correspondente no catálogo,Dumbbell-Single-Arm-Clean-and-Press-(male)_Weightl_converted.gif,exercises/halteres/perna/Dumbbell-Single-Arm-Clean-and-Press-(male)_Weightl_converted.gif,094dd2e814728ad3f8ed6d5b4811462bbf4dc946ea5d49b36daba3f02337db6b
UNMATCHED,halteres,perna,dumbbell single arm deadlift,,sem exercício correspondente no catálogo,Dumbbell-Single-Arm-Deadlift_Hips__converted.gif,exercises/halteres/perna/Dumbbell-Single-Arm-Deadlift_Hips__converted.gif,1379cd486ae2e86469e572e0d4e6db36ff8fec4be0c1fcab4440fa28950b22e9
UNMATCHED,halteres,perna,dumbbell single arm overhead carry,,sem exercício correspondente no catálogo,Dumbbell-Single-Arm-Overhead-Carry_Weightlifting__converted.gif,exercises/halteres/perna/Dumbbell-Single-Arm-Overhead-Carry_Weightlifting__converted.gif,b77137996e8aa8fa5f5d141148fb6859869b2577c3148220a869a114b496b9b9
REVIEW,halteres,perna,dumbbell single arm overhead lunge,Afundo (passada),variação/parente de um exercício do catálogo — confirmar,Dumbbell-Single-Arm-Overhead-Lunge_Thighs__converted.gif,exercises/halteres/perna/Dumbbell-Single-Arm-Overhead-Lunge_Thighs__converted.gif,61a924924377d0bbc319ee390a865f3c4acd163cb0246038278abda29226ec4b
UNMATCHED,halteres,perna,dumbbell single leg calf raise,,sem exercício correspondente no catálogo,Dumbbell-Single-Leg-Calf-Raise-(female)-(VERSION-2)_Calves_converted.gif,exercises/halteres/perna/Dumbbell-Single-Leg-Calf-Raise-(female)-(VERSION-2)_Calves_converted.gif,e59da829b166a410af6e47b22df97079c29569f68219e620ea7ebfb716b19abf
UNMATCHED,halteres,perna,dumbbell single leg deadlift,,sem exercício correspondente no catálogo,Dumbbell-Single-Leg-Deadlift-(female)_Hips_converted.gif,exercises/halteres/perna/Dumbbell-Single-Leg-Deadlift-(female)_Hips_converted.gif,b9c25a742e0514b68aeeefc1ec393bc52fd4b229f6caf011aa9da821735cd1a7
UNMATCHED,halteres,perna,dumbbell single leg deadlift,,sem exercício correspondente no catálogo,Dumbbell-Single-Leg-Deadlift-(male)_Hips__converted.gif,exercises/halteres/perna/Dumbbell-Single-Leg-Deadlift-(male)_Hips__converted.gif,22b08bf50b7641455308f1e3d038af35ea45a63b05edeef064774748e5a252cb
UNMATCHED,halteres,perna,dumbbell single leg deadlift,,sem exercício correspondente no catálogo,Dumbbell-Single-Leg-Deadlift_Hips_converted.gif,exercises/halteres/perna/Dumbbell-Single-Leg-Deadlift_Hips_converted.gif,c6837dad59f37d27715133fbed7d1a6be0714dd1775935735cef64f1a95dedf4
UNMATCHED,halteres,perna,dumbbell single leg glute bridge,,sem exercício correspondente no catálogo,Dumbbell-Single-Leg-Glute-Bridge-(female)_Hips__converted.gif,exercises/halteres/perna/Dumbbell-Single-Leg-Glute-Bridge-(female)_Hips__converted.gif,d4414c65fb2e19facf0429c5229452cfc776ce44f017d09c33fdcee9b55f0f59
UNMATCHED,halteres,perna,dumbbell single leg glute bridge,,sem exercício correspondente no catálogo,Dumbbell-Single-Leg-Glute-Bridge_Hip_converted.gif,exercises/halteres/perna/Dumbbell-Single-Leg-Glute-Bridge_Hip_converted.gif,5a2042dc981670550f8f943b64afd3eeca5d07efc9e052a8ef4413a5db816c58
REVIEW,halteres,perna,dumbbell single leg hip thrust,Elevação pélvica (hip thrust),variação/parente de um exercício do catálogo — confirmar,Dumbbell-Single-Leg-Hip-Thrust_Hips__converted.gif,exercises/halteres/perna/Dumbbell-Single-Leg-Hip-Thrust_Hips__converted.gif,5f53d76718336ce74444a7207f85079cac65fc7ea0130a90b0a84b980f9cc199
UNMATCHED,halteres,perna,dumbbell single leg split squat with low box,,sem exercício correspondente no catálogo,Dumbbell-Single-Leg-Split-Squat-with-Low-Box_Thighs__converted.gif,exercises/halteres/perna/Dumbbell-Single-Leg-Split-Squat-with-Low-Box_Thighs__converted.gif,adcd422b7880a3f083cecf7cb70d32d0bc88435d74ab16ac95562348aa5cfea3
UNMATCHED,halteres,perna,dumbbell single leg split squat,,sem exercício correspondente no catálogo,Dumbbell-Single-Leg-Split-Squat_Thighs__converted.gif,exercises/halteres/perna/Dumbbell-Single-Leg-Split-Squat_Thighs__converted.gif,1a066890071da00418d9f44bcaf56edb94228172b288d69b1ae1a238d76522c9
UNMATCHED,halteres,perna,dumbbell single leg squat,,sem exercício correspondente no catálogo,Dumbbell-Single-Leg-Squat-(female)_Thighs_converted.gif,exercises/halteres/perna/Dumbbell-Single-Leg-Squat-(female)_Thighs_converted.gif,fc2803a902b72d0504f9cc68973a60950537682e790a2a590254138e8030487e
UNMATCHED,halteres,perna,dumbbell single leg squat,,sem exercício correspondente no catálogo,Dumbbell-Single-Leg-Squat-(VERSION-2)-(female)_Thighs_converted.gif,exercises/halteres/perna/Dumbbell-Single-Leg-Squat-(VERSION-2)-(female)_Thighs_converted.gif,a35b21b844f88222ef55e3fe298dbf7eaf6858de6db3c8040feae94952df4c71
UNMATCHED,halteres,perna,dumbbell single leg squat with support pistol,,sem exercício correspondente no catálogo,Dumbbell-Single-Leg-Squat-with-Support-(pistol)_Th_converted.gif,exercises/halteres/perna/Dumbbell-Single-Leg-Squat-with-Support-(pistol)_Th_converted.gif,6b6c4b5f3354d26dd3dea2789023ebf9032f47ded1a82bf5a9dcfb79c96729cd
UNMATCHED,halteres,perna,dumbbell single leg squat,,sem exercício correspondente no catálogo,Dumbbell-Single-Leg-Squat_Hips_converted.gif,exercises/halteres/perna/Dumbbell-Single-Leg-Squat_Hips_converted.gif,3d4da983eebb4f761d281af108c9a97b95441defc935bf5cdeccd40248286b40
REVIEW,halteres,perna,dumbbell single leg standing shoulder press,Desenvolvimento militar | Leg press 45°,mais de um exercício possível,Dumbbell-Single-Leg-Standing-Shoulder-Press-(male)_converted.gif,exercises/halteres/perna/Dumbbell-Single-Leg-Standing-Shoulder-Press-(male)_converted.gif,26f8bd6640215d925445db445007a97df76543e2e5cc9dbc6775a3867ec6bae6
UNMATCHED,halteres,perna,dumbbell single leg step up,,sem exercício correspondente no catálogo,Dumbbell-Single-Leg-Step-Up-(female)_Thighs__converted.gif,exercises/halteres/perna/Dumbbell-Single-Leg-Step-Up-(female)_Thighs__converted.gif,060acaac2e5b535dff42afc2fb1962374e0a1b0877aed65339b437969284deea
UNMATCHED,halteres,perna,dumbbell single leg step up,,sem exercício correspondente no catálogo,Dumbbell-Single-Leg-Step-Up_Thighs_converted.gif,exercises/halteres/perna/Dumbbell-Single-Leg-Step-Up_Thighs_converted.gif,b9fd9c479aac1b0fb8ef12a8161afdb987f5618bf76c029a21554ed78d644367
UNMATCHED,halteres,perna,dumbbell single power clean and jerk,,sem exercício correspondente no catálogo,Dumbbell-Single-Power-Clean-and-Jerk_Weightlifting_converted.gif,exercises/halteres/perna/Dumbbell-Single-Power-Clean-and-Jerk_Weightlifting_converted.gif,169dba801a7fb3ced0c14d67972e0e0b0c80b64d9e26ec3b3b48f5b2b4e941ec
UNMATCHED,halteres,perna,dumbbell single power clean,,sem exercício correspondente no catálogo,Dumbbell-Single-Power-Clean_Weightlifting__converted.gif,exercises/halteres/perna/Dumbbell-Single-Power-Clean_Weightlifting__converted.gif,997c406403b4103665f5c6b133a49f6b5e195627711c6f8a6d58a49f034d57dc
UNMATCHED,halteres,perna,dumbbell single stiff leg deadlift,,sem exercício correspondente no catálogo,Dumbbell-Single-Stiff-Leg-Deadlift-(female)_Hips__converted.gif,exercises/halteres/perna/Dumbbell-Single-Stiff-Leg-Deadlift-(female)_Hips__converted.gif,9c0b032b8ed64146c305b1f60dceb71c1f8be6c0ff591d457767a64c41a6fb7e
UNMATCHED,halteres,perna,dumbbell sitting good morning,,sem exercício correspondente no catálogo,Dumbbell-Sitting-Good-Morning-(male)_Hips__converted.gif,exercises/halteres/perna/Dumbbell-Sitting-Good-Morning-(male)_Hips__converted.gif,8460bce7c68640af4a220eb2631383ba4e5082691c7e1a62f701c941db90347a
REVIEW,halteres,perna,dumbbell sitting leg extension,Cadeira extensora,variação/parente de um exercício do catálogo — confirmar,Dumbbell-Sitting-Leg-Extension-(male)_Thighs__converted.gif,exercises/halteres/perna/Dumbbell-Sitting-Leg-Extension-(male)_Thighs__converted.gif,8cabc84d183f5d799728079befa5e832e64f78245fe9279bee44b3297d7a1068
REVIEW,halteres,perna,dumbbell split lunge stretch,Afundo (passada),variação/parente de um exercício do catálogo — confirmar,Dumbbell-Split-Lunge-Stretch_Hips__converted.gif,exercises/halteres/perna/Dumbbell-Split-Lunge-Stretch_Hips__converted.gif,a315dd2d77e45ebbf1a6bbebb9be223d3d24bffd375386e8ac84afea174f6eb0
UNMATCHED,halteres,perna,dumbbell split squat,,sem exercício correspondente no catálogo,Dumbbell-Split-Squat-(female)_Thighs__converted.gif,exercises/halteres/perna/Dumbbell-Split-Squat-(female)_Thighs__converted.gif,21397167f76d2cba800153fe97cb53a19c2c0990884b1d842601bf297e7fc775
UNMATCHED,halteres,perna,dumbbell split squat front foot elevated,,sem exercício correspondente no catálogo,Dumbbell-Split-Squat-Front-Foot-Elevanted-(female)_converted.gif,exercises/halteres/perna/Dumbbell-Split-Squat-Front-Foot-Elevanted-(female)_converted.gif,f45f32fec78d16dff8c9afc7ce32fcc48c7a56cd9458d17028f5482ac954689a
UNMATCHED,halteres,perna,dumbbell split squat front foot elevated,,sem exercício correspondente no catálogo,Dumbbell-Split-Squat-Front-Foot-Elevanted_Thighs__converted.gif,exercises/halteres/perna/Dumbbell-Split-Squat-Front-Foot-Elevanted_Thighs__converted.gif,a8b3206a831597fc7c6a92542676a0248781db8706c4deb5fd3e81f0081b8264
UNMATCHED,halteres,perna,dumbbell split squat,,sem exercício correspondente no catálogo,Dumbbell-Split-Squat_Thighs__converted.gif,exercises/halteres/perna/Dumbbell-Split-Squat_Thighs__converted.gif,cbbcfa5328941462e7bd39bcb35929ed90920decee7b48ff8c2f72436f012e39
UNMATCHED,halteres,perna,dumbbell squat,,sem exercício correspondente no catálogo,Dumbbell-Squat-(female)_Thighs_converted.gif,exercises/halteres/perna/Dumbbell-Squat-(female)_Thighs_converted.gif,9cfe24a0af72f3fb670eed0a44782c61324bfa4f9a7eff5773ecafb096da1e8c
UNMATCHED,halteres,perna,dumbbell squat hold calf raise,,sem exercício correspondente no catálogo,Dumbbell-Squat-Hold-Calf-Raise_Calves__converted.gif,exercises/halteres/perna/Dumbbell-Squat-Hold-Calf-Raise_Calves__converted.gif,fd7ab8cc1ee79e934f15e1611e0c3f1c5891d4e9591556c86b715c1ecc3545db
UNMATCHED,halteres,perna,dumbbell squat lunges jump complex,,sem exercício correspondente no catálogo,Dumbbell-Squat-Lunges-Jump-Complex_Thighs__converted.gif,exercises/halteres/perna/Dumbbell-Squat-Lunges-Jump-Complex_Thighs__converted.gif,8e51706efe0e6fb8dbca156ae40f9071954825e2730da05846b4a28aa024b894
REVIEW,halteres,perna,dumbbell squat to overhead press,Desenvolvimento militar,variação/parente de um exercício do catálogo — confirmar,Dumbbell-Squat-to-Overhead-Press_Thighs__converted.gif,exercises/halteres/perna/Dumbbell-Squat-to-Overhead-Press_Thighs__converted.gif,74a0584608a74958b4096133d93b5e08bfc1df70b60eb3ae5c2d42ba8adca704
UNMATCHED,halteres,perna,dumbbell squat,,sem exercício correspondente no catálogo,Dumbbell-Squat_Hips__converted.gif,exercises/halteres/perna/Dumbbell-Squat_Hips__converted.gif,bb8f82d6fe93dfdc0f53fb1e5b340ff43a68d1ea6bd9f52d9595713ec7a894e0
UNMATCHED,halteres,perna,dumbbell squat,,sem exercício correspondente no catálogo,Dumbbell-Squat_Thighs_converted.gif,exercises/halteres/perna/Dumbbell-Squat_Thighs_converted.gif,c9cb9ba51c47e74a6e04d632f0052e0c47f64bf5b860a360003817e6196368b4
UNMATCHED,halteres,perna,dumbbell staggered stance romanian deadlift,,sem exercício correspondente no catálogo,Dumbbell-Staggered-Stance-Romanian-Deadlift-(femal_converted 2.gif,exercises/halteres/perna/Dumbbell-Staggered-Stance-Romanian-Deadlift-(femal_converted 2.gif,45f7d4ea4f3dd4a6851867bad8adb4cf53bb6a18f5495bec5956e4994eb40493
UNMATCHED,halteres,perna,dumbbell staggered stance romanian deadlift,,sem exercício correspondente no catálogo,Dumbbell-Staggered-Stance-Romanian-Deadlift-(femal_converted.gif,exercises/halteres/perna/Dumbbell-Staggered-Stance-Romanian-Deadlift-(femal_converted.gif,45f7d4ea4f3dd4a6851867bad8adb4cf53bb6a18f5495bec5956e4994eb40493
REVIEW,halteres,perna,dumbbell standing calf raise,Panturrilha em pé,variação/parente de um exercício do catálogo — confirmar,Dumbbell-Standing-Calf-Raise-(female)_Calves_converted.gif,exercises/halteres/perna/Dumbbell-Standing-Calf-Raise-(female)_Calves_converted.gif,fda11d2fd5882740af12dfa5e95f4249530b0a6736ee3b0f9733eeada96c0cd1
REVIEW,halteres,perna,dumbbell standing single leg calf raise,Panturrilha em pé,variação/parente de um exercício do catálogo — confirmar,Dumbbell-Standing-Single-Leg-Calf-Raise-(female)_C_converted.gif,exercises/halteres/perna/Dumbbell-Standing-Single-Leg-Calf-Raise-(female)_C_converted.gif,5affcd98e5b0f1523e13f2818ebb3da3e67f584dabbe07e0c5c796e9eb30d655
REVIEW,halteres,perna,dumbbell static lunge,Afundo (passada),variação/parente de um exercício do catálogo — confirmar,Dumbbell-Static-Lunge-(female)_Thighs__converted.gif,exercises/halteres/perna/Dumbbell-Static-Lunge-(female)_Thighs__converted.gif,ea6b73d77261a6a8409dce71afd732263d09a0f7a37ca4d39af73f0f261c9cd6
REVIEW,halteres,perna,dumbbell static lunge,Afundo (passada),variação/parente de um exercício do catálogo — confirmar,Dumbbell-Static-Lunge_Thighs_converted.gif,exercises/halteres/perna/Dumbbell-Static-Lunge_Thighs_converted.gif,45c0d1741b47e4f296d34ad10d4e7ee18f88bec7960fcabf10997b177a6733e2
UNMATCHED,halteres,perna,dumbbell step up,,sem exercício correspondente no catálogo,Dumbbell-Step-Up-(female)_Thighs__converted.gif,exercises/halteres/perna/Dumbbell-Step-Up-(female)_Thighs__converted.gif,daa4c4175bcde3cb150171e6cb1975e4abbb3f6491c5c415af2f93ade7800696
UNMATCHED,halteres,perna,dumbbell step up,,sem exercício correspondente no catálogo,Dumbbell-Step-up-(VERSION-2)-(male)_Thighs__converted.gif,exercises/halteres/perna/Dumbbell-Step-up-(VERSION-2)-(male)_Thighs__converted.gif,dc105f48e6942260fe7d2b05478a45e345138b411dabc1065eca44e03ee40f86
UNMATCHED,halteres,perna,dumbbell step up with knee raise,,sem exercício correspondente no catálogo,Dumbbell-Step-up-with-Knee-Raise_Hips__converted.gif,exercises/halteres/perna/Dumbbell-Step-up-with-Knee-Raise_Hips__converted.gif,6d9542573f3005f8d251720fcecbe87569f227b7a81cf35cb320b1fc773b73e2
UNMATCHED,halteres,perna,dumbbell step up,,sem exercício correspondente no catálogo,Dumbbell-Step-up_Hips__converted.gif,exercises/halteres/perna/Dumbbell-Step-up_Hips__converted.gif,6ab8693b4a5f619667545fa2e563fe0f03f7707c1af609c47b4e0ca92835a724
UNMATCHED,halteres,perna,dumbbell stiff leg deadlift,,sem exercício correspondente no catálogo,Dumbbell-Stiff-Leg-Deadlift-(female)_Hips_converted.gif,exercises/halteres/perna/Dumbbell-Stiff-Leg-Deadlift-(female)_Hips_converted.gif,56dc5d62bf266d57e5d03cd4be5da4a1cb00df32e87f0d468a43a0009e871b41
UNMATCHED,halteres,perna,dumbbell stiff leg deadlift,,sem exercício correspondente no catálogo,Dumbbell-Stiff-Leg-Deadlift-(female)_Waist_converted.gif,exercises/halteres/perna/Dumbbell-Stiff-Leg-Deadlift-(female)_Waist_converted.gif,fcc0bf763092971928b8f900a1e4e05278e51af552f96d446f44ac6afef72c6a
UNMATCHED,halteres,perna,dumbbell stiff leg deadlift,,sem exercício correspondente no catálogo,Dumbbell-Stiff-Leg-Deadlift_Hips_converted.gif,exercises/halteres/perna/Dumbbell-Stiff-Leg-Deadlift_Hips_converted.gif,a2936c303527c2ed6d414de3004d3ccdf5bc1ee76df53432650c9a454f38236d
UNMATCHED,halteres,perna,dumbbell stiff leg deadlift,,sem exercício correspondente no catálogo,Dumbbell-Stiff-Leg-Deadlift_Waist_converted.gif,exercises/halteres/perna/Dumbbell-Stiff-Leg-Deadlift_Waist_converted.gif,9d0dad975db6a34606d05e16506203ad795678fc2d0a55f86b8e8f78f9555e4c
UNMATCHED,halteres,perna,dumbbell straight leg deadlift,,sem exercício correspondente no catálogo,Dumbbell-Straight-Leg-Deadlift_Hips__converted.gif,exercises/halteres/perna/Dumbbell-Straight-Leg-Deadlift_Hips__converted.gif,806aae62afe3e0584f1461a5c0358047992a5dc2090b9a5d8f543cbc54bfc8f9
UNMATCHED,halteres,perna,dumbbell straight legs deadlift,,sem exercício correspondente no catálogo,Dumbbell-Straight-Legs-Deadlift_Hips_converted.gif,exercises/halteres/perna/Dumbbell-Straight-Legs-Deadlift_Hips_converted.gif,83726abf5b01e48885dd8e9975220237d60b451573357001ddf8eef1cae7c0e7
UNMATCHED,halteres,perna,dumbbell suitcase carry,,sem exercício correspondente no catálogo,Dumbbell-Suitcase-Carry_Thighs__converted.gif,exercises/halteres/perna/Dumbbell-Suitcase-Carry_Thighs__converted.gif,2f6caa58ae60372c7141d98b7990ab2c5ba6e1a489368305934bb1e3d36c971f
UNMATCHED,halteres,perna,dumbbell sumo deadlift,,sem exercício correspondente no catálogo,Dumbbell-Sumo-Deadlift-(female)_Hips__converted.gif,exercises/halteres/perna/Dumbbell-Sumo-Deadlift-(female)_Hips__converted.gif,f9fd7cc4cd6026254f9df5351834302f30b018ab7cc0fdbea84893c78c2cd100
UNMATCHED,halteres,perna,dumbbell sumo deadlift,,sem exercício correspondente no catálogo,Dumbbell-Sumo-Deadlift-(male)_Hips__converted.gif,exercises/halteres/perna/Dumbbell-Sumo-Deadlift-(male)_Hips__converted.gif,c077916f3332f39c6792d041cf2ea84c66bb1a88bb267938b1dbd24f9dcd4b25
UNMATCHED,halteres,perna,dumbbell sumo pull through,,sem exercício correspondente no catálogo,Dumbbell-Sumo-Pull-Through-(female)_Hips_converted.gif,exercises/halteres/perna/Dumbbell-Sumo-Pull-Through-(female)_Hips_converted.gif,422281540f2249a6a5dde6bd3e7d8d5f8b8b7f901e0089b551d2ff293f9fde47
UNMATCHED,halteres,perna,dumbbell sumo pull through,,sem exercício correspondente no catálogo,Dumbbell-Sumo-Pull-Through_Hips__converted.gif,exercises/halteres/perna/Dumbbell-Sumo-Pull-Through_Hips__converted.gif,671ca446c58a30148b01a2a8e0e6985fdc6643f63b48b84056de96ffbd1e0e22
UNMATCHED,halteres,perna,dumbbell sumo squat,,sem exercício correspondente no catálogo,Dumbbell-Sumo-Squat-(female)_Thighs__converted.gif,exercises/halteres/perna/Dumbbell-Sumo-Squat-(female)_Thighs__converted.gif,29f4ab3b23d8ad036c7b29f164a7ad235a932464b6df8a45b7f2f5d417f4af8a
UNMATCHED,halteres,perna,dumbbell sumo squat,,sem exercício correspondente no catálogo,Dumbbell-Sumo-Squat-(male)_Thighs__converted.gif,exercises/halteres/perna/Dumbbell-Sumo-Squat-(male)_Thighs__converted.gif,87e198e022f0b193f564f0662b51971a2468c0abc1652662b90665dada00f468
UNMATCHED,halteres,perna,dumbbell sumo squat front raise,,sem exercício correspondente no catálogo,Dumbbell-Sumo-Squat-Front-Raise-(male)_Thighs__converted.gif,exercises/halteres/perna/Dumbbell-Sumo-Squat-Front-Raise-(male)_Thighs__converted.gif,a7f523a0688e99d2397efc6b366c6fbb66a91a0481a3952d2127fa601bafbeb5
UNMATCHED,halteres,perna,dumbbell sumo squat off benches,,sem exercício correspondente no catálogo,Dumbbell-Sumo-Squat-Off-Benches-(male)_Hips__converted.gif,exercises/halteres/perna/Dumbbell-Sumo-Squat-Off-Benches-(male)_Hips__converted.gif,4eba3e15e78f8eab8fe029290d6156841c634545f8b039c0d8989129999f0c26
UNMATCHED,halteres,perna,dumbbell supported squat,,sem exercício correspondente no catálogo,Dumbbell-Supported-Squat-(female)_Thighs__converted.gif,exercises/halteres/perna/Dumbbell-Supported-Squat-(female)_Thighs__converted.gif,4dab9b17ce45f2cc3e87668296a2ca578e70a5c7a381b308688a26981e73d987
UNMATCHED,halteres,perna,dumbbell supported squat,,sem exercício correspondente no catálogo,Dumbbell-Supported-Squat_Thighs__converted.gif,exercises/halteres/perna/Dumbbell-Supported-Squat_Thighs__converted.gif,cd72be28d4c2143f16b55e7334627f53cad12113a0459ce95338720b3eb9e690
UNMATCHED,halteres,perna,dumbbell swing,,sem exercício correspondente no catálogo,Dumbbell-Swing_Hips_converted.gif,exercises/halteres/perna/Dumbbell-Swing_Hips_converted.gif,62841e0faf76bbc0a476a0f7db3123044a189e7fa48e229ff1b23d37935cf612
UNMATCHED,halteres,perna,dumbbell thruster,,sem exercício correspondente no catálogo,Dumbbell-Thruster-(female)_Thighs__converted.gif,exercises/halteres/perna/Dumbbell-Thruster-(female)_Thighs__converted.gif,b402f4caf69f20fd4d3834a4ab87f96cfa5be3d8d1cb0245acffd867a648a870
UNMATCHED,halteres,perna,dumbbell thruster,,sem exercício correspondente no catálogo,Dumbbell-Thruster_Thighs_converted.gif,exercises/halteres/perna/Dumbbell-Thruster_Thighs_converted.gif,e4eba63fe352be42cf073d514cf1b1d1b1aea67c2a7ce2eec02dcdf7c8ac9fc8
REVIEW,halteres,perna,dumbbell walking lunge,Afundo (passada),variação/parente de um exercício do catálogo — confirmar,Dumbbell-Walking-Lunge-(female)_Thighs_converted.gif,exercises/halteres/perna/Dumbbell-Walking-Lunge-(female)_Thighs_converted.gif,d9c94f678790b3422330c49e0d218a9187817f3d8ddc30b8716d39f1ed0c0495
UNMATCHED,halteres,perna,dumbbell walking lunges,,sem exercício correspondente no catálogo,Dumbbell-Walking-Lunges_Thighs__converted.gif,exercises/halteres/perna/Dumbbell-Walking-Lunges_Thighs__converted.gif,630e1bf3403ea6234100abe33df3ca79ebb6b9137317d9084ac6dca0575d27a4
UNMATCHED,halteres,perna,dumbbell wide squat,,sem exercício correspondente no catálogo,Dumbbell-Wide-Squat-(male)_Thighs__converted.gif,exercises/halteres/perna/Dumbbell-Wide-Squat-(male)_Thighs__converted.gif,51834fb9ca3168f8e331658bb2f1d2234b7358f57b31415fd96a21e502cd7069
UNMATCHED,halteres,perna,dumbbell bulgarian split squat from deficit,,sem exercício correspondente no catálogo,Dumbell-Bulgarian-Split-Squat-from-Deficit-(male)__converted.gif,exercises/halteres/perna/Dumbell-Bulgarian-Split-Squat-from-Deficit-(male)__converted.gif,d2351647139f3b92b535ff4f0b5ddb754119f36c3adc373ef32164cedfb98ffc
UNMATCHED,halteres,perna,dumbbell contralateral glute dominant bulgarian spl,,sem exercício correspondente no catálogo,Dumbell-Contralateral-Glute-Dominant-Bulgarian-Spl_converted.gif,exercises/halteres/perna/Dumbell-Contralateral-Glute-Dominant-Bulgarian-Spl_converted.gif,b00d0f03071a49b5f5103e63e93d0fda87e4cb0288d3f6997d05c69ba5795b0d
UNMATCHED,halteres,perna,dumbbell glute dominant bulgarian split squat,,sem exercício correspondente no catálogo,Dumbell-Glute-Dominant-Bulgarian-Split-Squat-(fema_converted 2.gif,exercises/halteres/perna/Dumbell-Glute-Dominant-Bulgarian-Split-Squat-(fema_converted 2.gif,edada90fbc527957f363393b40ddcf3f5c9d4811a87e40a65119167cecf7962c
UNMATCHED,halteres,perna,dumbbell glute dominant bulgarian split squat,,sem exercício correspondente no catálogo,Dumbell-Glute-Dominant-Bulgarian-Split-Squat-(fema_converted.gif,exercises/halteres/perna/Dumbell-Glute-Dominant-Bulgarian-Split-Squat-(fema_converted.gif,edada90fbc527957f363393b40ddcf3f5c9d4811a87e40a65119167cecf7962c
UNMATCHED,halteres,perna,farmers walk,,sem exercício correspondente no catálogo,Farmers-walk-(female)_Cardio__converted.gif,exercises/halteres/perna/Farmers-walk-(female)_Cardio__converted.gif,a0dbdca25652fd19cdf2797234f60ed5d962db43c4e8874f21e3a399edea9f7c
UNMATCHED,halteres,perna,farmers walk,,sem exercício correspondente no catálogo,Farmers-walk_Cardio-FIX__converted.gif,exercises/halteres/perna/Farmers-walk_Cardio-FIX__converted.gif,0f3bd10f350fa03c3406370e9a7ce567672cbfe1b377964f075ec69ae388a154
UNMATCHED,halteres,perna,single arm overhead dumbbell squat,,sem exercício correspondente no catálogo,Single-Arm-Overhead-Dumbbell-Squat_Thighs__converted.gif,exercises/halteres/perna/Single-Arm-Overhead-Dumbbell-Squat_Thighs__converted.gif,0570093f426ffe9ffd340e998c82428b1d8b49c252acbd9ba9faa8612453d640
UNMATCHED,halteres,perna,weighted counterbalanced squat,,sem exercício correspondente no catálogo,Weighted-Counterbalanced-Squat-(male)_Thighs__converted.gif,exercises/halteres/perna/Weighted-Counterbalanced-Squat-(male)_Thighs__converted.gif,363ce666da9b079db6ed1872b50a06df82ba22f682beb2ef4920ecf834fea898
UNMATCHED,halteres,perna,weighted dumbbell lying knee raise,,sem exercício correspondente no catálogo,Weighted-Dumbbell-Lying-Knee-Raise-(male)_Hips__converted.gif,exercises/halteres/perna/Weighted-Dumbbell-Lying-Knee-Raise-(male)_Hips__converted.gif,33073e6b6a4bfffdccd3f1cc071d884679d9724f632dcd43e0ffbbcb65c46505
UNMATCHED,halteres,perna,weighted dumbbell straight leg diagonal kickback,,sem exercício correspondente no catálogo,Weighted-Dumbbell-Straight-Leg-Diagonal-Kickback-(_converted.gif,exercises/halteres/perna/Weighted-Dumbbell-Straight-Leg-Diagonal-Kickback-(_converted.gif,63eac3e6520d895fcbc5d5f607cbc7cddf077e0fb3acf371f16b205ae8008c92
UNMATCHED,halteres,perna,weighted hyperextension,,sem exercício correspondente no catálogo,Weighted-Hyperextension_Hips__converted.gif,exercises/halteres/perna/Weighted-Hyperextension_Hips__converted.gif,df57c5906792dc37b0f99c5801db2405b9e7ab96049d991faab8b0bf26f85a81
UNMATCHED,halteres,perna,weighted lunge with swing,,sem exercício correspondente no catálogo,Weighted-Lunge-with-Swing_Thighs__converted.gif,exercises/halteres/perna/Weighted-Lunge-with-Swing_Thighs__converted.gif,31907f5de1284d8ec89b5f7de3b9e0646203a61f48953144ff25c3a63b80012e
UNMATCHED,halteres,perna,weighted plate cossack squat,,sem exercício correspondente no catálogo,Weighted-Plate-Cossack-Squat-(male)_Thighs__converted.gif,exercises/halteres/perna/Weighted-Plate-Cossack-Squat-(male)_Thighs__converted.gif,4466bc8abf9032383bb431c3d8dd2ea089cc6b301e8dbee570dff8218b2f8186
UNMATCHED,halteres,perna,weighted plate side twist from squat,,sem exercício correspondente no catálogo,Weighted-Plate-Side-Twist-from-Squat-(male)_Plyome_converted.gif,exercises/halteres/perna/Weighted-Plate-Side-Twist-from-Squat-(male)_Plyome_converted.gif,7dffe629502261e7b802ee64480a6c7af84c20be41d1905fb10ca7bd4cae2a42
UNMATCHED,halteres,perna,weighted plate stagged stance romanian deadlift f,,sem exercício correspondente no catálogo,Weighted-Plate-Stagged-Stance-Romanian-Deadlift-(f_converted.gif,exercises/halteres/perna/Weighted-Plate-Stagged-Stance-Romanian-Deadlift-(f_converted.gif,02a56007dc4e43e231a7fbc6f6ed5fc539134080abbf63396807b9878c24dd96
UNMATCHED,halteres,perna,weighted plates bulgarian split squat,,sem exercício correspondente no catálogo,Weighted-Plates-Bulgarian-Split-Squat_Thighs__converted.gif,exercises/halteres/perna/Weighted-Plates-Bulgarian-Split-Squat_Thighs__converted.gif,5e1f3c43f1bb71b459d89b63ff86109b8444d6c17cced53a40400647f05872cd
UNMATCHED,halteres,perna,weighted sissy squat,,sem exercício correspondente no catálogo,Weighted-Sissy-Squat-(female)_Thighs_converted.gif,exercises/halteres/perna/Weighted-Sissy-Squat-(female)_Thighs_converted.gif,bae51d0f328705ec8e2154b183a23dc493ea613e833577703f89e963358b34f7
UNMATCHED,halteres,perna,weighted sissy squat,,sem exercício correspondente no catálogo,Weighted-Sissy-Squat_Thighs_converted.gif,exercises/halteres/perna/Weighted-Sissy-Squat_Thighs_converted.gif,2165703b4be839e4de6da8d8f6206449385760a4fa745a48521164b6cfa53536
UNMATCHED,halteres,perna,weighted stretch lunge,,sem exercício correspondente no catálogo,Weighted-Stretch-Lunge_Thighs_converted.gif,exercises/halteres/perna/Weighted-Stretch-Lunge_Thighs_converted.gif,106630802a7655e07677c403ff887dcaaedcf7d644a2cd778d48675ddf50ad83
UNMATCHED,halteres,trapezio,dumbbell behind back finger curl,,sem exercício correspondente no catálogo,Dumbbell-Behind-Back-Finger-Curl_Forearms_converted.gif,exercises/halteres/trapezio/Dumbbell-Behind-Back-Finger-Curl_Forearms_converted.gif,575303773f748ab0c0195bdbd9f52f9a8efb90eeafccd9e8d3ad1f867879f6b3
UNMATCHED,halteres,trapezio,dumbbell decline shrug,,sem exercício correspondente no catálogo,Dumbbell-Decline-Shrug_Back-FIX__converted.gif,exercises/halteres/trapezio/Dumbbell-Decline-Shrug_Back-FIX__converted.gif,3c2a6656e3a2231371db2866ef1fb0d052309cf1f8799241df502b90f4501c6c
UNMATCHED,halteres,trapezio,dumbbell incline shrug,,sem exercício correspondente no catálogo,Dumbbell-Incline-Shrug_Back_converted.gif,exercises/halteres/trapezio/Dumbbell-Incline-Shrug_Back_converted.gif,b918a2c0b33f3c1e8bfcfd42bc544874d55397610b009467db8d569b421cdeeb
UNMATCHED,halteres,trapezio,dumbbell rear delt raise,,sem exercício correspondente no catálogo,Dumbbell-Rear-Delt-Raise_Shoulders_converted.gif,exercises/halteres/trapezio/Dumbbell-Rear-Delt-Raise_Shoulders_converted.gif,c63aaaac44a6f7c28ad09b062b5cb5616350b8e0c0818413b3982e62b6b8afef
UNMATCHED,halteres,trapezio,dumbbell shrug,,sem exercício correspondente no catálogo,Dumbbell-Shrug_Back-FIX__converted.gif,exercises/halteres/trapezio/Dumbbell-Shrug_Back-FIX__converted.gif,c701c38f77b03dca06b5f4da9b846154a94af2063f45ce608c040db93485a9b0
UNMATCHED,halteres,trapezio,dumbbell single arm shrug,,sem exercício correspondente no catálogo,Dumbbell-Single-Arm-Shrug_Back__converted.gif,exercises/halteres/trapezio/Dumbbell-Single-Arm-Shrug_Back__converted.gif,5cc1331f986724747206883a2a2b1dae83729acd1923a8c299823c829e303d4d
UNMATCHED,halteres,trapezio,dumbbell upright row,,sem exercício correspondente no catálogo,Dumbbell-Upright-Row_Shoulders-FIX_converted.gif,exercises/halteres/trapezio/Dumbbell-Upright-Row_Shoulders-FIX_converted.gif,633e3a388bb2a21421cf63116d60a8d25184f2233553331c3f4846cfaf78c19b
UNMATCHED,halteres,trapezio,weighted lying neck extension with head harness,,sem exercício correspondente no catálogo,Weighted-Lying-Neck-Extension-(with-head-harness)__converted.gif,exercises/halteres/trapezio/Weighted-Lying-Neck-Extension-(with-head-harness)__converted.gif,aa8a4c5c090b370736e713b9502dfafd245eb277c5cb0aa14736fdc096a4d171
UNMATCHED,halteres,trapezio,weighted lying neck flexion with head harness,,sem exercício correspondente no catálogo,Weighted-Lying-Neck-Flexion-(with-head-harness)_Ne_converted.gif,exercises/halteres/trapezio/Weighted-Lying-Neck-Flexion-(with-head-harness)_Ne_converted.gif,06e614c84e40fb297cbced51b7177f328e18f468f83faffc4b801574557ce575
UNMATCHED,halteres,trapezio,weighted lying neck flexion,,sem exercício correspondente no catálogo,Weighted-Lying-Neck-Flexion_neck_converted.gif,exercises/halteres/trapezio/Weighted-Lying-Neck-Flexion_neck_converted.gif,191a2a4281cd3ad194ec2b0ba3b8b1c33e1ef1379bd75ef5c02e38814a6cd338
UNMATCHED,halteres,trapezio,weighted lying side lifting head with head harnes,,sem exercício correspondente no catálogo,Weighted-Lying-Side-Lifting-Head-(with-head-harnes_converted.gif,exercises/halteres/trapezio/Weighted-Lying-Side-Lifting-Head-(with-head-harnes_converted.gif,e276677b4515f6955b8ceffd50dab84e0eb6ab86b421a5264176b8a1b6de86af
UNMATCHED,halteres,trapezio,weighted seated neck extension with head harness,,sem exercício correspondente no catálogo,Weighted-Seated-Neck-Extension-(with-head-harness)_Neck_converted.gif,exercises/halteres/trapezio/Weighted-Seated-Neck-Extension-(with-head-harness)_Neck_converted.gif,40c402bad578cb144dd022574c387327b2bf198eee505c70c481482ed5feb80c
UNMATCHED,halteres,trapezio,weighted standing neck extension with head harnes,,sem exercício correspondente no catálogo,Weighted-Standing-Neck-Extension-(with-head-harnes_converted.gif,exercises/halteres/trapezio/Weighted-Standing-Neck-Extension-(with-head-harnes_converted.gif,19ff4591530c9cf526b5e2386891218cfce962d9380d55a0bb091f49986b2e01
REVIEW,halteres,triceps,dumbbell bench dip,Mergulho no banco (bench dip),variação/parente de um exercício do catálogo — confirmar,Dumbbell-Bench-Dip_Upper-Arms__converted.gif,exercises/halteres/triceps/Dumbbell-Bench-Dip_Upper-Arms__converted.gif,2ea8c6a3b7a2e5ac7145dcd413ef1acaa0f6f530e8c83afad4fe1f965d6ed628
UNMATCHED,halteres,triceps,dumbbell close grip press,,sem exercício correspondente no catálogo,Dumbbell-Close-grip-Press-(female)_Upper-Arms__converted.gif,exercises/halteres/triceps/Dumbbell-Close-grip-Press-(female)_Upper-Arms__converted.gif,a703320a4278e6d89e55a3ddf952946256b67fcc5e8d3d10e5567880e231fee2
UNMATCHED,halteres,triceps,dumbbell decline triceps extension,,sem exercício correspondente no catálogo,Dumbbell-Decline-Triceps-Extension_Upper-Arms_converted.gif,exercises/halteres/triceps/Dumbbell-Decline-Triceps-Extension_Upper-Arms_converted.gif,7ecda48fbab599226dd076dbb8ccdd45f7bce73936cce8bd0e274054b3ec800f
UNMATCHED,halteres,triceps,dumbbell glute bridge skull crusher,,sem exercício correspondente no catálogo,Dumbbell-Glute-Bridge-Skull-Crusher-(male)_Upper-A_converted.gif,exercises/halteres/triceps/Dumbbell-Glute-Bridge-Skull-Crusher-(male)_Upper-A_converted.gif,1738cd778b050b1ab90fb238c2dbf54d1546e4ac203e718883bb81fdbb464081
UNMATCHED,halteres,triceps,dumbbell incline triceps extension,,sem exercício correspondente no catálogo,Dumbbell-Incline-Triceps-Extension-(female)_Upper-Arms_converted.gif,exercises/halteres/triceps/Dumbbell-Incline-Triceps-Extension-(female)_Upper-Arms_converted.gif,dfc38a2d7255d940567585af00909bffd56ea2efa8e8e4d00fa753813740f2fa
UNMATCHED,halteres,triceps,dumbbell incline triceps extension,,sem exercício correspondente no catálogo,Dumbbell-Incline-Triceps-Extension_Upper-Arms-FIX__converted.gif,exercises/halteres/triceps/Dumbbell-Incline-Triceps-Extension_Upper-Arms-FIX__converted.gif,04f2567f8433fc4663232180b8c472259573880af3b38083137d88c7311e6908
UNMATCHED,halteres,triceps,dumbbell incline triceps kickback,,sem exercício correspondente no catálogo,Dumbbell-Incline-Triceps-Kickback-(male)_Upper-Arm_converted.gif,exercises/halteres/triceps/Dumbbell-Incline-Triceps-Kickback-(male)_Upper-Arm_converted.gif,5eb16cf37615fa00ef38886053115fe45325e7f30dd789330e27a2b721f21f44
UNMATCHED,halteres,triceps,dumbbell incline two arm extension,,sem exercício correspondente no catálogo,Dumbbell-Incline-Two-Arm-Extension-(female)_Upper-_converted.gif,exercises/halteres/triceps/Dumbbell-Incline-Two-Arm-Extension-(female)_Upper-_converted.gif,225cb5ad7d3f1f9a5c6449a6289d01482ab7bbb486af484e2f9684f7872191ce
UNMATCHED,halteres,triceps,dumbbell incline two arm extension,,sem exercício correspondente no catálogo,Dumbbell-Incline-Two-Arm-Extension_Upper-Arms_converted.gif,exercises/halteres/triceps/Dumbbell-Incline-Two-Arm-Extension_Upper-Arms_converted.gif,9b42b87d1102ee1440510535c951afaf9854dc17592c8019d672e4e1e48154fb
UNMATCHED,halteres,triceps,dumbbell kickback,,sem exercício correspondente no catálogo,Dumbbell-Kickback-(female)_Upper-arms_converted.gif,exercises/halteres/triceps/Dumbbell-Kickback-(female)_Upper-arms_converted.gif,ea934e372fd0c9ee5381b04fe4d6b6fc5fdf06865b8ee81a4f589518421e1bd4
UNMATCHED,halteres,triceps,dumbbell kickbacks on exercise ball,,sem exercício correspondente no catálogo,Dumbbell-Kickbacks-on-Exercise-Ball_Upper-Arms__converted.gif,exercises/halteres/triceps/Dumbbell-Kickbacks-on-Exercise-Ball_Upper-Arms__converted.gif,6c8fa0dfd600094e2285f19c2c5d43c857a8660f2a2253e2c669e22d4cf681be
UNMATCHED,halteres,triceps,dumbbell kickback,,sem exercício correspondente no catálogo,Dumbbell-Kickback_Upper-Arms_converted.gif,exercises/halteres/triceps/Dumbbell-Kickback_Upper-Arms_converted.gif,f5c54df278e6ab4a0092022f517efd57a5da6958e855b1b3c8ee1fdc36b1c567
UNMATCHED,halteres,triceps,dumbbell kneeling triceps kickback,,sem exercício correspondente no catálogo,Dumbbell-Kneeling-Triceps-Kickback-(female)_Upper-_converted.gif,exercises/halteres/triceps/Dumbbell-Kneeling-Triceps-Kickback-(female)_Upper-_converted.gif,4bb871544295e9fbfdd1a323a2ce36a89dfed69493b537080a518cbe208f32dc
UNMATCHED,halteres,triceps,dumbbell lying alternate extension,,sem exercício correspondente no catálogo,Dumbbell-Lying-Alternate-Extension-(female)_Upper-Arms_converted.gif,exercises/halteres/triceps/Dumbbell-Lying-Alternate-Extension-(female)_Upper-Arms_converted.gif,da3c4619652d81ed460eee8c0cdbfff78e7f415c0ac5476ddd6249ec2782448b
UNMATCHED,halteres,triceps,dumbbell lying alternate extension,,sem exercício correspondente no catálogo,Dumbbell-Lying-Alternate-Extension_Upper-Arms-FIX__converted.gif,exercises/halteres/triceps/Dumbbell-Lying-Alternate-Extension_Upper-Arms-FIX__converted.gif,b4e4f40ca6191aecaf572ba46c44f898e18fe1e626b18bca298b00526694d9a0
UNMATCHED,halteres,triceps,dumbbell lying extension across face,,sem exercício correspondente no catálogo,Dumbbell-Lying-Extension-(across-face)-(female)_Up_converted.gif,exercises/halteres/triceps/Dumbbell-Lying-Extension-(across-face)-(female)_Up_converted.gif,8cd58aeaeed08749e7d6f913185273f5509b7f09a50c150e8722203649e5fa73
UNMATCHED,halteres,triceps,dumbbell lying extension across face,,sem exercício correspondente no catálogo,Dumbbell-Lying-Extension-(across-face)_Upper-Arms_converted.gif,exercises/halteres/triceps/Dumbbell-Lying-Extension-(across-face)_Upper-Arms_converted.gif,809006c2b140cf98cb50c288fe6ba059bbd84eb05932a30e7b1f2eddb522fd14
UNMATCHED,halteres,triceps,dumbbell lying floor skullcrusher,,sem exercício correspondente no catálogo,Dumbbell-Lying-Floor-Skullcrusher_Upper-Arms_converted.gif,exercises/halteres/triceps/Dumbbell-Lying-Floor-Skullcrusher_Upper-Arms_converted.gif,27da71aae8de3f11f9a0834346cf7e97075878d730ff281601ee70e53a06122a
UNMATCHED,halteres,triceps,dumbbell lying one arm pronated triceps extension,,sem exercício correspondente no catálogo,Dumbbell-Lying-One-Arm-Pronated-Triceps-Extension-_converted.gif,exercises/halteres/triceps/Dumbbell-Lying-One-Arm-Pronated-Triceps-Extension-_converted.gif,846b3282f34361467b70e544bd777495d2fed1e3be1ef6868f5afa1cd0f3a6a3
UNMATCHED,halteres,triceps,dumbbell lying one arm pronated triceps extension,,sem exercício correspondente no catálogo,Dumbbell-Lying-One-Arm-Pronated-Triceps-Extension_Upper-Arms_converted.gif,exercises/halteres/triceps/Dumbbell-Lying-One-Arm-Pronated-Triceps-Extension_Upper-Arms_converted.gif,f9866788125afe86ca046b075f9d32a06e184458e56a81767a1882cc8f628dc1
UNMATCHED,halteres,triceps,dumbbell lying one arm supinated triceps extension,,sem exercício correspondente no catálogo,Dumbbell-Lying-One-Arm-Supinated-Triceps-Extension_Upper-Arms_converted.gif,exercises/halteres/triceps/Dumbbell-Lying-One-Arm-Supinated-Triceps-Extension_Upper-Arms_converted.gif,e1e04030fe60ae033661651451fbe753c4bc4318fa345eb78139058b756f6dc9
UNMATCHED,halteres,triceps,dumbbell lying single extension,,sem exercício correspondente no catálogo,Dumbbell-Lying-Single-Extension_Upper-Arms_converted.gif,exercises/halteres/triceps/Dumbbell-Lying-Single-Extension_Upper-Arms_converted.gif,0017aca4fa516d7dd9f978dab1346253d0ac5a0827a56bb596be46fd03d0022c
UNMATCHED,halteres,triceps,dumbbell lying triceps extension,,sem exercício correspondente no catálogo,Dumbbell-Lying-Triceps-Extension-(female)_Upper-Arms_converted.gif,exercises/halteres/triceps/Dumbbell-Lying-Triceps-Extension-(female)_Upper-Arms_converted.gif,de2c24931b3a62cb9f4e24804de5888e0c31d290d8a6fc20d850ff4a50c800d8
UNMATCHED,halteres,triceps,dumbbell lying triceps extension,,sem exercício correspondente no catálogo,Dumbbell-Lying-Triceps-Extension-(female)_Upper-Arms__converted.gif,exercises/halteres/triceps/Dumbbell-Lying-Triceps-Extension-(female)_Upper-Arms__converted.gif,932cfcb162968110e0d1e26a2cfea8650693282f3a920095a6b2e0b9d70e949b
UNMATCHED,halteres,triceps,dumbbell lying triceps extension on floor,,sem exercício correspondente no catálogo,Dumbbell-Lying-Triceps-Extension-on-Floor-(female)_converted.gif,exercises/halteres/triceps/Dumbbell-Lying-Triceps-Extension-on-Floor-(female)_converted.gif,46bf571bb7141b474e94dbdae081743dce5730bcc71250bab5ebd26fd5769516
UNMATCHED,halteres,triceps,dumbbell lying triceps extension on floor,,sem exercício correspondente no catálogo,Dumbbell-Lying-Triceps-Extension-on-Floor-(VERSION_converted.gif,exercises/halteres/triceps/Dumbbell-Lying-Triceps-Extension-on-Floor-(VERSION_converted.gif,16f3d68b066b5cd6db260f9793159ee2cc8dae6d4f270ef9f5e0ccd375f01588
UNMATCHED,halteres,triceps,dumbbell lying triceps extension,,sem exercício correspondente no catálogo,Dumbbell-Lying-Triceps-Extension_Upper-Arms-FIX__converted.gif,exercises/halteres/triceps/Dumbbell-Lying-Triceps-Extension_Upper-Arms-FIX__converted.gif,92e515f9e6c1a3bde08157885494bc425af2e7ed91d6d6873c566fb8d255fa36
UNMATCHED,halteres,triceps,dumbbell one arm kickback,,sem exercício correspondente no catálogo,Dumbbell-One-Arm-Kickback-(female)_Upper-Arms__converted.gif,exercises/halteres/triceps/Dumbbell-One-Arm-Kickback-(female)_Upper-Arms__converted.gif,54c5a02b58bff5570895bf048c3e0b9a8ecb23d8e95b00f0e8b4dc540a59df72
UNMATCHED,halteres,triceps,dumbbell one arm kickback,,sem exercício correspondente no catálogo,Dumbbell-One-Arm-Kickback_Upper-Arms__converted.gif,exercises/halteres/triceps/Dumbbell-One-Arm-Kickback_Upper-Arms__converted.gif,43c20e6a5071a2d91cb6780386c982d173bbc40dc545471cdcfb21630456104a
UNMATCHED,halteres,triceps,dumbbell one arm triceps extension,,sem exercício correspondente no catálogo,Dumbbell-One-Arm-Triceps-Extension-(female)_Upper-_converted.gif,exercises/halteres/triceps/Dumbbell-One-Arm-Triceps-Extension-(female)_Upper-_converted.gif,ef80f51d8e75784947c3e03a4f902fb7295262d8ac7de32cec64fd8da3dfecd4
UNMATCHED,halteres,triceps,dumbbell one arm triceps extension on bench,,sem exercício correspondente no catálogo,Dumbbell-One-Arm-Triceps-Extension-(on-bench)-(female)_Upper-Arms_converted.gif,exercises/halteres/triceps/Dumbbell-One-Arm-Triceps-Extension-(on-bench)-(female)_Upper-Arms_converted.gif,3d5e201772ee0c664590cef0d07f6bb8e40ebf6f431b44372a4276fc6257654a
UNMATCHED,halteres,triceps,dumbbell one arm triceps extension on bench,,sem exercício correspondente no catálogo,Dumbbell-One-Arm-Triceps-Extension-(on-bench)_Upper-Arms_converted.gif,exercises/halteres/triceps/Dumbbell-One-Arm-Triceps-Extension-(on-bench)_Upper-Arms_converted.gif,b0338d742f0e1b97b55ed918d8e5e3bcaf4f5fd23c582130cb5001231078273d
UNMATCHED,halteres,triceps,dumbbell pronate grip triceps extension,,sem exercício correspondente no catálogo,Dumbbell-Pronate-grip-Triceps-Extension-(female)_Upper-Arms_converted.gif,exercises/halteres/triceps/Dumbbell-Pronate-grip-Triceps-Extension-(female)_Upper-Arms_converted.gif,6f0b3a16efcfb9426eb4ac213d6f68487bb25ed46e7781ed0ba31c839d5419ce
UNMATCHED,halteres,triceps,dumbbell pronate grip triceps extension,,sem exercício correspondente no catálogo,Dumbbell-Pronate-grip-Triceps-Extension_Upper-Arms_converted.gif,exercises/halteres/triceps/Dumbbell-Pronate-grip-Triceps-Extension_Upper-Arms_converted.gif,c5660347f93321a46d7978a1541d00edc9144de750ca01d0f4a7222967ce729c
UNMATCHED,halteres,triceps,dumbbell prone triceps kickback,,sem exercício correspondente no catálogo,Dumbbell-Prone-Triceps-Kickback_Upper-Arms__converted.gif,exercises/halteres/triceps/Dumbbell-Prone-Triceps-Kickback_Upper-Arms__converted.gif,cef9154ac9bada05aa0fcd454785c58e3e3126de586567db6bf45238099ff293
UNMATCHED,halteres,triceps,dumbbell seated alternate overhead triceps extensi,,sem exercício correspondente no catálogo,Dumbbell-Seated-Alternate-Overhead-Triceps-Extensi_converted.gif,exercises/halteres/triceps/Dumbbell-Seated-Alternate-Overhead-Triceps-Extensi_converted.gif,f023c74c0c8368409a21acb393b523c0a44f4e1f2afac28f317a5cbf6122fd3f
UNMATCHED,halteres,triceps,dumbbell seated bench extension,,sem exercício correspondente no catálogo,Dumbbell-Seated-Bench-Extension_Upper-Arms__converted.gif,exercises/halteres/triceps/Dumbbell-Seated-Bench-Extension_Upper-Arms__converted.gif,f4ea26be2dca05b257b692d6e5180b6bb3e91e2ec16c33d84cc33a71567da58e
UNMATCHED,halteres,triceps,dumbbell seated kickback,,sem exercício correspondente no catálogo,Dumbbell-Seated-Kickback-(female)_Upper-Arms_converted.gif,exercises/halteres/triceps/Dumbbell-Seated-Kickback-(female)_Upper-Arms_converted.gif,0c7f290a936b6bc33fb720960008085b88e7576b1a5b7877436c411bddd462b6
UNMATCHED,halteres,triceps,dumbbell seated kickback,,sem exercício correspondente no catálogo,Dumbbell-Seated-Kickback_Upper-Arms_converted.gif,exercises/halteres/triceps/Dumbbell-Seated-Kickback_Upper-Arms_converted.gif,41621d3008dbb5f1a94f108f4e623c1e3463abbbd661fb7c7d676fcf6985bf3f
UNMATCHED,halteres,triceps,dumbbell seated single arm overhead triceps extens 1,,sem exercício correspondente no catálogo,Dumbbell-Seated-Single-Arm-Overhead-Triceps-Extens 1_converted.gif,exercises/halteres/triceps/Dumbbell-Seated-Single-Arm-Overhead-Triceps-Extens 1_converted.gif,a78df95e641f9b26c03108728b3ead50c8d882c8869707e9c7d256af5118680b
UNMATCHED,halteres,triceps,dumbbell seated single arm overhead triceps extens,,sem exercício correspondente no catálogo,Dumbbell-Seated-Single-Arm-Overhead-Triceps-Extens_converted.gif,exercises/halteres/triceps/Dumbbell-Seated-Single-Arm-Overhead-Triceps-Extens_converted.gif,be7d5a34ba2fa9710b56add29f7c053b1d5482e102201617dda889cec1ae468c
UNMATCHED,halteres,triceps,dumbbell seated triceps extension,,sem exercício correspondente no catálogo,Dumbbell-Seated-Triceps-Extension-(female)_Upper-Arms_converted.gif,exercises/halteres/triceps/Dumbbell-Seated-Triceps-Extension-(female)_Upper-Arms_converted.gif,fc9274959168ef3aaa75235f50436b084b8bf5bc3821b00911bcf87545e5350a
UNMATCHED,halteres,triceps,dumbbell seated triceps extension,,sem exercício correspondente no catálogo,Dumbbell-Seated-Triceps-Extension-(VERSION-2)_Uppe_converted.gif,exercises/halteres/triceps/Dumbbell-Seated-Triceps-Extension-(VERSION-2)_Uppe_converted.gif,e1c21bb66bedfaa8e0b0cc0026e19f7b70d1a12b568f3e4c9b3fbb2ce9e1cc46
UNMATCHED,halteres,triceps,dumbbell seated triceps extension,,sem exercício correspondente no catálogo,Dumbbell-Seated-Triceps-Extension_Upper-Arms_converted.gif,exercises/halteres/triceps/Dumbbell-Seated-Triceps-Extension_Upper-Arms_converted.gif,a866dcc72ed91c4ec27878f03574eef7103c603803ff018d7351dedca3bbaf7b
UNMATCHED,halteres,triceps,dumbbell standing french press,,sem exercício correspondente no catálogo,Dumbbell-Standing-French-Press_Upper-Arms__converted.gif,exercises/halteres/triceps/Dumbbell-Standing-French-Press_Upper-Arms__converted.gif,e99f60891f3a25fe6de4931bbfbbec2814acc6bfc2b3f8fa283d9281e7502070
UNMATCHED,halteres,triceps,dumbbell standing kickback,,sem exercício correspondente no catálogo,Dumbbell-Standing-Kickback-(female)_Upper-Arms_converted.gif,exercises/halteres/triceps/Dumbbell-Standing-Kickback-(female)_Upper-Arms_converted.gif,7301a81997a132758309ea2addd7d26c9b70411c26bda3157952b62546fe040b
UNMATCHED,halteres,triceps,dumbbell standing one arm extension,,sem exercício correspondente no catálogo,Dumbbell-Standing-One-Arm-Extension_Upper-Arms__converted.gif,exercises/halteres/triceps/Dumbbell-Standing-One-Arm-Extension_Upper-Arms__converted.gif,9794908966b2bd7c4d783f1e1ea7dc3e83840b63aa78d517b4002a73346ac385
UNMATCHED,halteres,triceps,dumbbell standing t spine press,,sem exercício correspondente no catálogo,Dumbbell-Standing-T-spine-Press-(female)_Back__converted.gif,exercises/halteres/triceps/Dumbbell-Standing-T-spine-Press-(female)_Back__converted.gif,09cf7da04cd4d6efa4f1cf6505bdc8eb5a6ef28a68c701daab279c05cbd8bd62
UNMATCHED,halteres,triceps,dumbbell standing triceps extension,,sem exercício correspondente no catálogo,Dumbbell-Standing-Triceps-Extension-(female)_Upper-Arms_converted.gif,exercises/halteres/triceps/Dumbbell-Standing-Triceps-Extension-(female)_Upper-Arms_converted.gif,5fb53a4dabaef2c8f2fed12b5003bfcb617b5799909044df3f3715fe7eca869a
UNMATCHED,halteres,triceps,dumbbell standing triceps extension,,sem exercício correspondente no catálogo,Dumbbell-Standing-Triceps-Extension_Upper-Arms_converted.gif,exercises/halteres/triceps/Dumbbell-Standing-Triceps-Extension_Upper-Arms_converted.gif,e81f29d95f0b63618142cac9d1522910d624e28bd938286c31ffaac4e2b3f25f
UNMATCHED,halteres,triceps,dumbbell tate press,,sem exercício correspondente no catálogo,Dumbbell-Tate-Press_Triceps_converted.gif,exercises/halteres/triceps/Dumbbell-Tate-Press_Triceps_converted.gif,07afa85c1b2681e1f08cd31d1a99538a2ebfa537622056eaddba92a3f6709071
UNMATCHED,halteres,triceps,dumbbell triceps extension in cross legged positio,,sem exercício correspondente no catálogo,Dumbbell-Triceps-Extension-in-Cross-Legged-Positio_converted.gif,exercises/halteres/triceps/Dumbbell-Triceps-Extension-in-Cross-Legged-Positio_converted.gif,bab072fad0eacc4ee7af5e9918cd70d599a1b152cd7541db0e4776bf36e10e37
UNMATCHED,halteres,triceps,dumbbells seated triceps extension,,sem exercício correspondente no catálogo,Dumbbells-Seated-Triceps-Extension_Upper-Arms__converted.gif,exercises/halteres/triceps/Dumbbells-Seated-Triceps-Extension_Upper-Arms__converted.gif,84fddf8721fb5acf920e6f44c3365b7a7ff3401d343d8d058d346f2c73dc72c7
UNMATCHED,halteres,triceps,weighted plate incline triceps extension,,sem exercício correspondente no catálogo,Weighted-Plate-Incline-Triceps-Extension_Upper-Arm_converted.gif,exercises/halteres/triceps/Weighted-Plate-Incline-Triceps-Extension_Upper-Arm_converted.gif,588a978b21af03e6195ac40c9881397458b5f2122c9a9b087bdb5605aa8a0bde
UNMATCHED,halteres,triceps,weighted three bench dips,,sem exercício correspondente no catálogo,Weighted-Three-Bench-Dips_Upper-Arms__converted.gif,exercises/halteres/triceps/Weighted-Three-Bench-Dips_Upper-Arms__converted.gif,2046c2c0710477b2e75e3a25e0b2d7af83d5649a0312e1d385d96d56ccaff009
UNMATCHED,halteres,triceps,weighted tricep dips,,sem exercício correspondente no catálogo,Weighted-Tricep-Dips_Upper-Arms__converted.gif,exercises/halteres/triceps/Weighted-Tricep-Dips_Upper-Arms__converted.gif,3becd9a4e87720fd50ceffc02d4a22e60f13cef8855ea020d53caa996253d7ae
UNMATCHED,barras,abdominais,barbell seated twist on stability ball,,sem exercício correspondente no catálogo,Barbell-Seated-Twist-(on-stability-ball)-(male)_Wa_converted.gif,exercises/barras/abdominais/Barbell-Seated-Twist-(on-stability-ball)-(male)_Wa_converted.gif,c6136a5c9539eb59fc69fd656949924366406807831f58debc72d7991c3698e3
UNMATCHED,barras,abdominais,barbell seated twist on stability ball,,sem exercício correspondente no catálogo,Barbell-Seated-Twist-(on-stability-ball)_Waist_converted.gif,exercises/barras/abdominais/Barbell-Seated-Twist-(on-stability-ball)_Waist_converted.gif,1ca2a586743c3bcadce708bda5b987dd6fd9197112dfb9d5c0326b9c1f27b796
UNMATCHED,barras,abdominais,barbell seated twist,,sem exercício correspondente no catálogo,Barbell-Seated-Twist_Waist_converted.gif,exercises/barras/abdominais/Barbell-Seated-Twist_Waist_converted.gif,4fb1c1a7d36fd82b6b79fa4e732baf39086bec0eeb887b928e417336dafcb54f
UNMATCHED,barras,abdominais,barbell side bent,,sem exercício correspondente no catálogo,Barbell-Side-Bent-(version-2)_Waist-FIX__converted.gif,exercises/barras/abdominais/Barbell-Side-Bent-(version-2)_Waist-FIX__converted.gif,27e4a845e0f73f67070192985df6e5ac0e81f2f2ee3ef46bd40a14e2b79ad3f5
UNMATCHED,barras,abdominais,barbell standing twist,,sem exercício correspondente no catálogo,Barbell-Standing-Twist-(female)_Waist_converted.gif,exercises/barras/abdominais/Barbell-Standing-Twist-(female)_Waist_converted.gif,c0800bc6cee1a30b23169cd68918a8a9ae8f28284807eccc977a86c878783983
UNMATCHED,barras,abdominais,barbell standing twist,,sem exercício correspondente no catálogo,Barbell-Standing-Twist_Waist__converted.gif,exercises/barras/abdominais/Barbell-Standing-Twist_Waist__converted.gif,e450d326de18ab9900482208409337a79fcffb8a5152644ef56462f7573f043a
REVIEW,barras,abdominais,ez bar legs side pull in sit up,Barra fixa (pull-up),variação/parente de um exercício do catálogo — confirmar,EZ-Bar-Legs-Side-Pull-In-Sit-up_Waist_converted.gif,exercises/barras/abdominais/EZ-Bar-Legs-Side-Pull-In-Sit-up_Waist_converted.gif,fac2a3a84329c1034af3b5422128e9afc65e593e930798f66ae6a9c727713441
REVIEW,barras,abdominais,ez barbell standing back wrist curl,Rosca direta,variação/parente de um exercício do catálogo — confirmar,EZ-Barbell-Standing-Back-Wrist-Curl_Forearms__converted.gif,exercises/barras/abdominais/EZ-Barbell-Standing-Back-Wrist-Curl_Forearms__converted.gif,84c0c7b2345a0abdd624861875a103498880e7b8bda6d1b4748b396e523d872a
UNMATCHED,barras,abdominais,hanging hollow hold,,sem exercício correspondente no catálogo,Hanging-Hollow-Hold-(female)_Waist__converted.gif,exercises/barras/abdominais/Hanging-Hollow-Hold-(female)_Waist__converted.gif,2eb770b556f078e191dd626315cf68ca8ce389a9b0c8a2cf343d33fbe6758a6c
UNMATCHED,barras,abdominais,hanging leg hip raise,,sem exercício correspondente no catálogo,Hanging-Leg-Hip-Raise-(female)_Waist__converted.gif,exercises/barras/abdominais/Hanging-Leg-Hip-Raise-(female)_Waist__converted.gif,68a02b9715111840cf5881b5f35e5fd2a3f847bbc33c4bbe1d0a923f9e1998c1
UNMATCHED,barras,abdominais,hanging oblique knee raise,,sem exercício correspondente no catálogo,Hanging-Oblique-Knee-Raise-(female)_Waist_converted.gif,exercises/barras/abdominais/Hanging-Oblique-Knee-Raise-(female)_Waist_converted.gif,a06869657cd071ab55d3c2dc0f10eb7e85acbf1a4ee5a6da9e29f133a3bec61e
UNMATCHED,barras,abdominais,hanging straight leg hip raise,,sem exercício correspondente no catálogo,Hanging-Straight-Leg-Hip-Raise-(female)_Waist_converted.gif,exercises/barras/abdominais/Hanging-Straight-Leg-Hip-Raise-(female)_Waist_converted.gif,30246964e14ab7344ee37b193479ba791ba68d16f59cb79e8783848db0b47a4f
UNMATCHED,barras,abdominais,hanging straight leg raise,,sem exercício correspondente no catálogo,Hanging-Straight-Leg-Raise-(female)_Hips_converted.gif,exercises/barras/abdominais/Hanging-Straight-Leg-Raise-(female)_Hips_converted.gif,14c06a60c265bc7cc41cfbe7e0e81abcdbf6b2a6a605390ea68578222759c539
UNMATCHED,barras,abdominais,weighted hanging leg hip raise,,sem exercício correspondente no catálogo,Weighted-Hanging-Leg-Hip-Raise-(female)_Waist__converted.gif,exercises/barras/abdominais/Weighted-Hanging-Leg-Hip-Raise-(female)_Waist__converted.gif,4c3deed4743e1ed2276149879ed49e9664eb3cd522142bcc2cacef80e49b47dd
REVIEW,barras,antebraco,barbell behind back finger curl,Rosca direta,variação/parente de um exercício do catálogo — confirmar,Barbell-Behind-Back-Finger-Curl_Forearms__converted.gif,exercises/barras/antebraco/Barbell-Behind-Back-Finger-Curl_Forearms__converted.gif,5ed7a0c73603fed1217c62207b2f59edaf414b93976a1b478525d69f607baac9
UNMATCHED,barras,antebraco,barbell finger curls,,sem exercício correspondente no catálogo,Barbell-Finger-Curls_Forearms__converted.gif,exercises/barras/antebraco/Barbell-Finger-Curls_Forearms__converted.gif,340b00dcf480a460c5cf4b8dd7dc744c6d771fb52735eb8ac636f54e1abf351a
REVIEW,barras,antebraco,barbell palms down wrist curl over a bench,Rosca direta,variação/parente de um exercício do catálogo — confirmar,Barbell-Palms-Down-Wrist-Curl-Over-A-Bench_Forearms_converted.gif,exercises/barras/antebraco/Barbell-Palms-Down-Wrist-Curl-Over-A-Bench_Forearms_converted.gif,bce9715d879ab73b959daa2baf29f0f80b922ec26b47a8e8d6b35e1571d20710
REVIEW,barras,antebraco,barbell reverse curl,Rosca direta,variação/parente de um exercício do catálogo — confirmar,Barbell-Reverse-Curl-(female)_Forearms_converted.gif,exercises/barras/antebraco/Barbell-Reverse-Curl-(female)_Forearms_converted.gif,1765566dcdbc5bb9ea45ff96af32001162ce791878a3359a5e98b35e0dd6b433
REVIEW,barras,antebraco,barbell reverse curl,Rosca direta,variação/parente de um exercício do catálogo — confirmar,Barbell-Reverse-Curl_Forearm_converted.gif,exercises/barras/antebraco/Barbell-Reverse-Curl_Forearm_converted.gif,b7ec2828d1a6dcf018c9283f99c3613f7b65a7564dd7f8f473824f3e8eccf113
REVIEW,barras,antebraco,barbell reverse preacher curl,Rosca direta,variação/parente de um exercício do catálogo — confirmar,Barbell-Reverse-Preacher-Curl_Forearms__converted.gif,exercises/barras/antebraco/Barbell-Reverse-Preacher-Curl_Forearms__converted.gif,bf641db7eb727db59d1a6bb95b5451b8faba4beda1332b5e6c338edcd5b6170c
REVIEW,barras,antebraco,barbell reverse spider curl,Rosca direta,variação/parente de um exercício do catálogo — confirmar,Barbell-Reverse-Spider-Curl_Upper-Arms__converted.gif,exercises/barras/antebraco/Barbell-Reverse-Spider-Curl_Upper-Arms__converted.gif,4b86426ece6360973ad8c9e993510db2d6e08c3f4d9bd2c4037646fa2ad729bd
REVIEW,barras,antebraco,barbell reverse wrist curl,Rosca direta,variação/parente de um exercício do catálogo — confirmar,Barbell-Reverse-Wrist-Curl-(female)_Forearms__converted.gif,exercises/barras/antebraco/Barbell-Reverse-Wrist-Curl-(female)_Forearms__converted.gif,115a8bcda9565efe312e2ce18b4f29e3f0c1ab517cdccb2ed9e1d3f4751720b1
REVIEW,barras,antebraco,barbell reverse wrist curl,Rosca direta,variação/parente de um exercício do catálogo — confirmar,Barbell-Reverse-Wrist-Curl_Forearm_converted.gif,exercises/barras/antebraco/Barbell-Reverse-Wrist-Curl_Forearm_converted.gif,0699cdc95ace3fc2290549deea3236fd2023bfb5fe1ff761f30bec08ed583047
REVIEW,barras,antebraco,barbell standing back wrist curl,Rosca direta,variação/parente de um exercício do catálogo — confirmar,Barbell-Standing-Back-Wrist-Curl-(female)_Forearms_converted.gif,exercises/barras/antebraco/Barbell-Standing-Back-Wrist-Curl-(female)_Forearms_converted.gif,94e0f2ef4780a5cbd3afbcc2e5d19155e2129251f61b52ce2af0b90cc11008b2
REVIEW,barras,antebraco,barbell standing back wrist curl,Rosca direta,variação/parente de um exercício do catálogo — confirmar,Barbell-Standing-Back-Wrist-Curl_Forearms_converted.gif,exercises/barras/antebraco/Barbell-Standing-Back-Wrist-Curl_Forearms_converted.gif,60f785b890b2add179a25b689d7ff8361a70b73565fc4c896bfc81e7b83abe60
REVIEW,barras,antebraco,barbell standing wrist curl,Rosca direta,variação/parente de um exercício do catálogo — confirmar,Barbell-Standing-Wrist-Curl_Forearms__converted.gif,exercises/barras/antebraco/Barbell-Standing-Wrist-Curl_Forearms__converted.gif,286458e35551b479904ab5f0575ced5eb6782d326ce45c3b51a9212c3526ddf8
REVIEW,barras,antebraco,barbell standing wrist reverse curl,Rosca direta,variação/parente de um exercício do catálogo — confirmar,Barbell-Standing-Wrist-Reverse-Curl_Forearms__converted.gif,exercises/barras/antebraco/Barbell-Standing-Wrist-Reverse-Curl_Forearms__converted.gif,71aa11659c87df82478ceb209eb3962c21028df7018338fbed30bfd3a44ca78e
REVIEW,barras,antebraco,barbell wrist curl,Rosca direta,variação/parente de um exercício do catálogo — confirmar,Barbell-Wrist-Curl-(female)_Forearms_converted.gif,exercises/barras/antebraco/Barbell-Wrist-Curl-(female)_Forearms_converted.gif,1c18bd29271fd76b200a9cfec5a224db5b2b2543a894df0e76802a17663cb6da
REVIEW,barras,antebraco,barbell wrist curl,Rosca direta,variação/parente de um exercício do catálogo — confirmar,Barbell-Wrist-Curl-(VERSION-2)_Forearms-FIX2__converted.gif,exercises/barras/antebraco/Barbell-Wrist-Curl-(VERSION-2)_Forearms-FIX2__converted.gif,e92baad28a0668f3032703bd2a2639e93ab0204219b1a73ceb96f43d472727a6
REVIEW,barras,antebraco,barbell wrist reverse curl,Rosca direta,variação/parente de um exercício do catálogo — confirmar,Barbell-Wrist-Reverse-Curl-(VERSION-2)_Forearms-FI_converted.gif,exercises/barras/antebraco/Barbell-Wrist-Reverse-Curl-(VERSION-2)_Forearms-FI_converted.gif,e28f42c5df4f0cf2ee77dd85f7cc156f8b36e09eb0ea2968cdd59076685cb0cb
REVIEW,barras,antebraco,ez bar seated wrist curl,Rosca direta,variação/parente de um exercício do catálogo — confirmar,EZ-Bar-Seated-Wrist-Curl_Forearms-FIX__converted.gif,exercises/barras/antebraco/EZ-Bar-Seated-Wrist-Curl_Forearms-FIX__converted.gif,4b257719f73874502da16b42a022c671c5c89155d4141111fb550402241870da
REVIEW,barras,antebraco,ez bar seated wrist reverse curl,Rosca direta,variação/parente de um exercício do catálogo — confirmar,EZ-Bar-Seated-Wrist-Reverse-Curl_Forearms__converted.gif,exercises/barras/antebraco/EZ-Bar-Seated-Wrist-Reverse-Curl_Forearms__converted.gif,57fad8063e7aabebcf34a1a1125d29b2bee188e247470fd0fe41f7604544d4fc
REVIEW,barras,antebraco,ez barbell reverse grip curl,Rosca direta,variação/parente de um exercício do catálogo — confirmar,EZ-Barbell-Reverse-Grip-Curl-(female)_Forearms_converted.gif,exercises/barras/antebraco/EZ-Barbell-Reverse-Grip-Curl-(female)_Forearms_converted.gif,db47762a155d81af6a2cd97f46d10cd6f5a06abb1ab97ccc4b604f8223b4827c
REVIEW,barras,antebraco,ez barbell standing single arm neutral wrist curl,Rosca direta,variação/parente de um exercício do catálogo — confirmar,EZ-Barbell-Standing-Single-Arm-Neutral-Wrist-Curl__converted.gif,exercises/barras/antebraco/EZ-Barbell-Standing-Single-Arm-Neutral-Wrist-Curl__converted.gif,bb65250bd205153dee37b413e2bd2203134b439db9f7348b005b0f48ed030942
REVIEW,barras,antebraco,ez barbell standing wrist curl,Rosca direta,variação/parente de um exercício do catálogo — confirmar,EZ-Barbell-Standing-Wrist-Curl_Forearms__converted.gif,exercises/barras/antebraco/EZ-Barbell-Standing-Wrist-Curl_Forearms__converted.gif,d059de510e3684fac7fb75d33ac80b198ce2672f99a6ff320b53db6adbdd7f54
REVIEW,barras,antebraco,ez barbell standing wrist reverse curl,Rosca direta,variação/parente de um exercício do catálogo — confirmar,EZ-Barbell-Standing-Wrist-Reverse-Curl_Forearms__converted.gif,exercises/barras/antebraco/EZ-Barbell-Standing-Wrist-Reverse-Curl_Forearms__converted.gif,c92b03641c64e9052c9ed309d1b2eb99c55540fc7e02fed44374f2c06141fcee
REVIEW,barras,biceps,barbell alternate biceps curl,Rosca direta,variação/parente de um exercício do catálogo — confirmar,Barbell-Alternate-Biceps-Curl_Upper-Arms-FIX__converted.gif,exercises/barras/biceps/Barbell-Alternate-Biceps-Curl_Upper-Arms-FIX__converted.gif,e7143b885c84390d6933f8b17efbaed44f2ccf83ca69781605687045db063fbf
REVIEW,barras,biceps,barbell curl press extension,Rosca direta,variação/parente de um exercício do catálogo — confirmar,Barbell-Curl-Press-Extension-(male)_Upper-Arms__converted.gif,exercises/barras/biceps/Barbell-Curl-Press-Extension-(male)_Upper-Arms__converted.gif,e047efebe6660c7758ce34f47d2a212fc24efa34a8d5bd9dd138181c66e8e65a
REVIEW,barras,biceps,barbell curl without weight,Rosca direta,variação/parente de um exercício do catálogo — confirmar,Barbell-Curl_Upper-Arms_without-weight_converted.gif,exercises/barras/biceps/Barbell-Curl_Upper-Arms_without-weight_converted.gif,135f10c7df900c1a95441b3adf72520a49b286e99f4b2d28cf2fb98f647e862c
REVIEW,barras,biceps,barbell drag curl,Rosca direta,variação/parente de um exercício do catálogo — confirmar,Barbell-Drag-Curl-(female)_Upper-Arms_converted.gif,exercises/barras/biceps/Barbell-Drag-Curl-(female)_Upper-Arms_converted.gif,658de6a04ae80a1dae12b96f872e2fae362381163c013d5b4cc18a652340104b
REVIEW,barras,biceps,barbell drag curl,Rosca direta,variação/parente de um exercício do catálogo — confirmar,Barbell-Drag-Curl_Upper-Arms-FIX__converted.gif,exercises/barras/biceps/Barbell-Drag-Curl_Upper-Arms-FIX__converted.gif,7612e68812babc31247c792f142859417b8d3e4f72de8fdc7633280d3c5642af
REVIEW,barras,biceps,barbell preacher curl,Rosca direta,variação/parente de um exercício do catálogo — confirmar,Barbell-Preacher-Curl-(female)_Upper-Arms__converted.gif,exercises/barras/biceps/Barbell-Preacher-Curl-(female)_Upper-Arms__converted.gif,502a9e0c74d9b7c2ab526ea9c85e46bdfa1ae72d2d7b37e9483b337c94306101
REVIEW,barras,biceps,barbell preacher curl,Rosca direta,variação/parente de um exercício do catálogo — confirmar,Barbell-Preacher-Curl_Upper-Arms_converted.gif,exercises/barras/biceps/Barbell-Preacher-Curl_Upper-Arms_converted.gif,7dde569e3bfcf54354d371655fd74210d50e4013b9ad1802ca14ba41f58ba9f7
REVIEW,barras,biceps,barbell prone incline curl,Rosca direta,variação/parente de um exercício do catálogo — confirmar,Barbell-Prone-Incline-Curl-(female)_Upper-Arms_converted.gif,exercises/barras/biceps/Barbell-Prone-Incline-Curl-(female)_Upper-Arms_converted.gif,55adea089a352b54789c6e8afc22c5e1d3c69e5b81f3a331dc4fbc9c6fb856bc
REVIEW,barras,biceps,barbell prone incline curl,Rosca direta,variação/parente de um exercício do catálogo — confirmar,Barbell-Prone-Incline-Curl_Upper-Arms-FIX__converted.gif,exercises/barras/biceps/Barbell-Prone-Incline-Curl_Upper-Arms-FIX__converted.gif,dcb3362105e2e8591ebb4ecda28334e1de7c8a9143626a20c98bd9c3d34d49a2
REVIEW,barras,biceps,barbell seated close grip concentration curl,Rosca direta,variação/parente de um exercício do catálogo — confirmar,Barbell-Seated-Close-grip-Concentration-Curl_Upper_converted.gif,exercises/barras/biceps/Barbell-Seated-Close-grip-Concentration-Curl_Upper_converted.gif,dd1e08c40742870717e80c75d1173aa9075d879c4c630407f67e2d216e8ae02a
REVIEW,barras,biceps,barbell standing close grip curl,Rosca direta,variação/parente de um exercício do catálogo — confirmar,Barbell-Standing-Close-Grip-Curl-(female)_Upper-Ar_converted.gif,exercises/barras/biceps/Barbell-Standing-Close-Grip-Curl-(female)_Upper-Ar_converted.gif,69c62cb5d3c189c83f67fbdfa790c950787bfdb5c0b9304738abec58e11b4d45
REVIEW,barras,biceps,barbell standing close grip curl,Rosca direta,variação/parente de um exercício do catálogo — confirmar,Barbell-Standing-Close-Grip-Curl_Upper-Arms_converted.gif,exercises/barras/biceps/Barbell-Standing-Close-Grip-Curl_Upper-Arms_converted.gif,89bd2e70c08861e81edf540d8c76453a1ccf7f4b8cff712780a167d30c3f2c0d
REVIEW,barras,biceps,barbell standing concentration curl,Rosca direta,variação/parente de um exercício do catálogo — confirmar,Barbell-Standing-Concentration-Curl_Upper-Arms_converted.gif,exercises/barras/biceps/Barbell-Standing-Concentration-Curl_Upper-Arms_converted.gif,187cdfd74c58b4b853738fbdf8ccd635661e9699ce55fa51f8faa7eef7d8004d
REVIEW,barras,biceps,barbell standing wide grip biceps curl,Rosca direta,variação/parente de um exercício do catálogo — confirmar,Barbell-Standing-Wide-Grip-Biceps-Curl_Upper-Arms_converted.gif,exercises/barras/biceps/Barbell-Standing-Wide-Grip-Biceps-Curl_Upper-Arms_converted.gif,c0ce07383a49d56fe3effde9603a7ed7ed8364880354905fd5eeedaedb9de8fa
REVIEW,barras,biceps,barbell standing wide grip curl,Rosca direta,variação/parente de um exercício do catálogo — confirmar,Barbell-Standing-Wide-grip-Curl-(female)_Upper-Arm_converted.gif,exercises/barras/biceps/Barbell-Standing-Wide-grip-Curl-(female)_Upper-Arm_converted.gif,3d3e847dd4f8f80b5fc80374bd288c745be0838c15ec63602b2027a5cdb9403e
REVIEW,barras,biceps,barbell standing wide grip curl,Rosca direta,variação/parente de um exercício do catálogo — confirmar,Barbell-Standing-Wide-grip-Curl_Upper-Arms_converted.gif,exercises/barras/biceps/Barbell-Standing-Wide-grip-Curl_Upper-Arms_converted.gif,13668275ca9eb0bfc5a2e7cd7c071d450843ad710b6f7cf05b66e50da3b4509f
UNMATCHED,barras,biceps,cheat curl,,sem exercício correspondente no catálogo,Cheat-Curl_Upper-Arms__converted.gif,exercises/barras/biceps/Cheat-Curl_Upper-Arms__converted.gif,21a63c706b0e648145c0e40389510200faca15494ebd4b1eecbb679b73e8abfb
REVIEW,barras,biceps,ez bar seated close grip concentration curl,Rosca direta,variação/parente de um exercício do catálogo — confirmar,EZ-Bar-Seated-Close-Grip-Concentration-Curl-(femal_converted.gif,exercises/barras/biceps/EZ-Bar-Seated-Close-Grip-Concentration-Curl-(femal_converted.gif,646572ef8a5f6846fefa32ab355af2bd8fd13c8e98ef809949afa42ebabfeb85
REVIEW,barras,biceps,ez bar seated close grip concentration curl,Rosca direta,variação/parente de um exercício do catálogo — confirmar,EZ-Bar-Seated-Close-Grip-Concentration-Curl_Upper-Arms_converted.gif,exercises/barras/biceps/EZ-Bar-Seated-Close-Grip-Concentration-Curl_Upper-Arms_converted.gif,64b9e1368569168d3dacc27ed0151f5efe500769c7726fac0cb79c51e55cc94d
REVIEW,barras,biceps,ez barbell close grip curl converted 2,Rosca direta,variação/parente de um exercício do catálogo — confirmar,EZ-Barbell-Close-grip-Curl-(female)_Upper-Arms_converted 2.gif,exercises/barras/biceps/EZ-Barbell-Close-grip-Curl-(female)_Upper-Arms_converted 2.gif,8499b991429404dd62da3163ab72e5b1cc6b165d3cad823ead8a3e6c35e8d76e
REVIEW,barras,biceps,ez barbell close grip curl,Rosca direta,variação/parente de um exercício do catálogo — confirmar,EZ-Barbell-Close-grip-Curl-(female)_Upper-Arms_converted.gif,exercises/barras/biceps/EZ-Barbell-Close-grip-Curl-(female)_Upper-Arms_converted.gif,8499b991429404dd62da3163ab72e5b1cc6b165d3cad823ead8a3e6c35e8d76e
REVIEW,barras,biceps,ez barbell close grip curl converted 2,Rosca direta,variação/parente de um exercício do catálogo — confirmar,EZ-Barbell-Close-grip-Curl_Upper-Arms__converted 2.gif,exercises/barras/biceps/EZ-Barbell-Close-grip-Curl_Upper-Arms__converted 2.gif,d21a122eac6a6caaa531754d1979de850a5f4c0cec12ef51c07a4032006e9429
REVIEW,barras,biceps,ez barbell close grip curl,Rosca direta,variação/parente de um exercício do catálogo — confirmar,EZ-Barbell-Close-grip-Curl_Upper-Arms__converted.gif,exercises/barras/biceps/EZ-Barbell-Close-grip-Curl_Upper-Arms__converted.gif,d21a122eac6a6caaa531754d1979de850a5f4c0cec12ef51c07a4032006e9429
REVIEW,barras,biceps,ez barbell close grip preacher curl,Rosca direta,variação/parente de um exercício do catálogo — confirmar,EZ-Barbell-Close-Grip-Preacher-Curl-(female)_Upper_converted.gif,exercises/barras/biceps/EZ-Barbell-Close-Grip-Preacher-Curl-(female)_Upper_converted.gif,fc0b144e0f66435c513942a90b58fef7d849aef06800850c1703e429d15c6d5f
REVIEW,barras,biceps,ez barbell close grip preacher curl converted 2,Rosca direta,variação/parente de um exercício do catálogo — confirmar,EZ-Barbell-Close-Grip-Preacher-Curl_Upper-Arms_converted 2.gif,exercises/barras/biceps/EZ-Barbell-Close-Grip-Preacher-Curl_Upper-Arms_converted 2.gif,4efa6a71dae046f64d14b9d342dc254c92bf69c06b19cf7c31122d8796c594fc
REVIEW,barras,biceps,ez barbell close grip preacher curl,Rosca direta,variação/parente de um exercício do catálogo — confirmar,EZ-Barbell-Close-Grip-Preacher-Curl_Upper-Arms_converted.gif,exercises/barras/biceps/EZ-Barbell-Close-Grip-Preacher-Curl_Upper-Arms_converted.gif,4efa6a71dae046f64d14b9d342dc254c92bf69c06b19cf7c31122d8796c594fc
REVIEW,barras,biceps,ez barbell curl,Rosca direta,variação/parente de um exercício do catálogo — confirmar,EZ-Barbell-Curl-(female)_Upper-Arms_converted.gif,exercises/barras/biceps/EZ-Barbell-Curl-(female)_Upper-Arms_converted.gif,7310a30f5e47b4e2e6fc15c6cf466bb7ef6f251e79cc85557ebb16b64f9d4edc
REVIEW,barras,biceps,ez barbell curl,Rosca direta,variação/parente de um exercício do catálogo — confirmar,EZ-Barbell-Curl_Upper-Arms-FIX__converted.gif,exercises/barras/biceps/EZ-Barbell-Curl_Upper-Arms-FIX__converted.gif,8f727503456cc25b7de3b801cd46a24ddfcd0953826f57a6f9f8ec38a7c63442
REVIEW,barras,biceps,ez barbell drag curl,Rosca direta,variação/parente de um exercício do catálogo — confirmar,EZ-Barbell-Drag-Curl-(VERSION-2)_Upper-Arms__converted.gif,exercises/barras/biceps/EZ-Barbell-Drag-Curl-(VERSION-2)_Upper-Arms__converted.gif,408088859bafebc17fa2b53cc69f6525e013a9569ef6b7666b02e3cf54b59d9f
REVIEW,barras,biceps,ez barbell preacher curl,Rosca direta,variação/parente de um exercício do catálogo — confirmar,EZ-Barbell-Preacher-Curl_Upper-Arms__converted.gif,exercises/barras/biceps/EZ-Barbell-Preacher-Curl_Upper-Arms__converted.gif,d297ecaed7056059336bc2effcedd5bd781dfee29e0fc37a74fcf828aa5fdcc4
REVIEW,barras,biceps,ez barbell reverse grip curl,Rosca direta,variação/parente de um exercício do catálogo — confirmar,EZ-Barbell-Reverse-Grip-Curl_Forearms_converted.gif,exercises/barras/biceps/EZ-Barbell-Reverse-Grip-Curl_Forearms_converted.gif,a825d00fb06030de8558a80389af0cbb569e58f972934c6fc5837ac410635612
REVIEW,barras,biceps,ez barbell reverse grip preacher curl,Rosca direta,variação/parente de um exercício do catálogo — confirmar,EZ-Barbell-Reverse-grip-Preacher-Curl_Forearms__converted.gif,exercises/barras/biceps/EZ-Barbell-Reverse-grip-Preacher-Curl_Forearms__converted.gif,ef4a6221a09b856a5d83f1d0a794400905a3d9ea7277783b0fb6f2414fae31a8
UNMATCHED,barras,biceps,ez barbell seated curls,,sem exercício correspondente no catálogo,EZ-Barbell-Seated-Curls_Upper-Arms_converted.gif,exercises/barras/biceps/EZ-Barbell-Seated-Curls_Upper-Arms_converted.gif,de19522bdaf5ef84b6d072199367fdb09792f2cd661b77c688f5bd30bb034ffb
REVIEW,barras,biceps,ez barbell spider curl,Rosca direta,variação/parente de um exercício do catálogo — confirmar,EZ-Barbell-Spider-Curl-(female)_Upper-Arms__converted.gif,exercises/barras/biceps/EZ-Barbell-Spider-Curl-(female)_Upper-Arms__converted.gif,ced8847b032fd21e6c44866b7534e4e97e06b54fc1854c8adc3e0db815e343b5
REVIEW,barras,biceps,ez barbell spider curl,Rosca direta,variação/parente de um exercício do catálogo — confirmar,EZ-Barbell-Spider-Curl_Upper-Arms-FIX__converted.gif,exercises/barras/biceps/EZ-Barbell-Spider-Curl_Upper-Arms-FIX__converted.gif,53a4d307762872eabd604d8339d0a2b337457694da94d3eb4b0258005a7a6504
REVIEW,barras,biceps,ez barbell srtict curl,Rosca direta,variação/parente de um exercício do catálogo — confirmar,EZ-Barbell-Srtict-Curl_Upper-Arms__converted.gif,exercises/barras/biceps/EZ-Barbell-Srtict-Curl_Upper-Arms__converted.gif,f16b142a09fa4fda87220566b2cc02b7ca12a39a22a163cfd689d1cf88cee304
REVIEW,barras,biceps,ez barbell standing preacher curl,Rosca direta,variação/parente de um exercício do catálogo — confirmar,EZ-Barbell-Standing-Preacher-Curl_Upper-Arms_converted.gif,exercises/barras/biceps/EZ-Barbell-Standing-Preacher-Curl_Upper-Arms_converted.gif,65cfc1560d160ebd2b03b118cda60ebf1bd09744c1d39f5669cf94cbd6dec20d
REVIEW,barras,biceps,ez barbell standing wide grip biceps curl,Rosca direta,variação/parente de um exercício do catálogo — confirmar,EZ-Barbell-Standing-Wide-Grip-Biceps-Curl-(female)_converted.gif,exercises/barras/biceps/EZ-Barbell-Standing-Wide-Grip-Biceps-Curl-(female)_converted.gif,22a89064cbcde7650a5b029faea7769f23122ee48e283638e6ff150b075d4a9f
REVIEW,barras,biceps,ez barbell standing wide grip biceps curl,Rosca direta,variação/parente de um exercício do catálogo — confirmar,EZ-Barbell-Standing-Wide-Grip-Biceps-Curl_Upper-Arms_converted.gif,exercises/barras/biceps/EZ-Barbell-Standing-Wide-Grip-Biceps-Curl_Upper-Arms_converted.gif,fca1bd7340ec6e5399aa4cc3aa4b6da9f95ccc16a61a8e9ed8b7a5e2f0555c9c
REVIEW,barras,biceps,olympic barbell hammer curl,Rosca direta,variação/parente de um exercício do catálogo — confirmar,Olympic-Barbell-Hammer-Curl-(female)_Forearms__converted.gif,exercises/barras/biceps/Olympic-Barbell-Hammer-Curl-(female)_Forearms__converted.gif,00d56e01c67738fba53bc7e6d3673d7829fe01b56ef6796a114f855b82a0da50
REVIEW,barras,biceps,olympic barbell hammer curl,Rosca direta,variação/parente de um exercício do catálogo — confirmar,Olympic-Barbell-Hammer-Curl_Forearms_converted.gif,exercises/barras/biceps/Olympic-Barbell-Hammer-Curl_Forearms_converted.gif,90adb1b90d5415b2313672491694221a84428dfe8fb135be5bce5c13731481aa
UNMATCHED,barras,biceps,preacher curl wrists wrong right,,sem exercício correspondente no catálogo,Preacher-Curl---Wrists-(WRONG-RIGHT)__converted.gif,exercises/barras/biceps/Preacher-Curl---Wrists-(WRONG-RIGHT)__converted.gif,055eeaa65598fb009e1032f1991cdb4690b8a1af168a6b0d3c2793741e6ac056
UNMATCHED,barras,biceps,smith bicep curl,,sem exercício correspondente no catálogo,Smith-Bicep-Curl-(female)_Upper-Arms__converted.gif,exercises/barras/biceps/Smith-Bicep-Curl-(female)_Upper-Arms__converted.gif,ea1d027658e66a290d34b141abb06d540298c5f6575cae858c466b4fd69ea0b0
UNMATCHED,barras,costas,barbell bent over reverse raise skier,,sem exercício correspondente no catálogo,Barbell-Bent-Over-Reverse-Raise-(skier)-(male)_Shoulders__converted.gif,exercises/barras/costas/Barbell-Bent-Over-Reverse-Raise-(skier)-(male)_Shoulders__converted.gif,3d4ea8e4b5ec67d4601fd450ee570a22976835d265b445ac3b574fb322824ff8
REVIEW,barras,costas,barbell bent over wide grip row,Remada curvada com barra,variação/parente de um exercício do catálogo — confirmar,Barbell-Bent-Over-Wide-Grip-Row_Back__converted.gif,exercises/barras/costas/Barbell-Bent-Over-Wide-Grip-Row_Back__converted.gif,09a98bcc2f4b8f76cddd457bda2b5266366f99c1b9824801c65a1c356a572d3e
UNMATCHED,barras,costas,barbell incline rear delt row,,sem exercício correspondente no catálogo,Barbell-Incline-Rear-Delt-Row_Back__converted.gif,exercises/barras/costas/Barbell-Incline-Rear-Delt-Row_Back__converted.gif,c82064bf3e952bba432caa6ce6deaaf9da2a757a0cafbcb3dc762738da1bd37a
UNMATCHED,barras,costas,barbell incline row,,sem exercício correspondente no catálogo,Barbell-Incline-Row-(female)_Back__converted.gif,exercises/barras/costas/Barbell-Incline-Row-(female)_Back__converted.gif,aa0a8843802aeb267997026dabc7d373a391d027a5717be2198c65eb76af5138
UNMATCHED,barras,costas,barbell incline row,,sem exercício correspondente no catálogo,Barbell-Incline-Row_Back-FIX__converted.gif,exercises/barras/costas/Barbell-Incline-Row_Back-FIX__converted.gif,2e7ae185f89975920a471032dddbde504ffe0e68d3b947fe74d23cc5d09b07e8
UNMATCHED,barras,costas,barbell lying close grip underhand row on rack,,sem exercício correspondente no catálogo,Barbell-Lying-Close-Grip-Underhand-Row-on-Rack_Bac_converted.gif,exercises/barras/costas/Barbell-Lying-Close-Grip-Underhand-Row-on-Rack_Bac_converted.gif,57df1f82dc1179c928a99dc414b72ce4f1eea597b68238839df720304dcbb221
UNMATCHED,barras,costas,barbell lying row on rack,,sem exercício correspondente no catálogo,Barbell-Lying-Row-on-Rack_Back__converted.gif,exercises/barras/costas/Barbell-Lying-Row-on-Rack_Back__converted.gif,beb9f157b1a8309f04f5a0dd7b9506bd32cafc4d91ae02f1c491a7ba7ef58929
UNMATCHED,barras,costas,barbell lying seal row on rack,,sem exercício correspondente no catálogo,Barbell-Lying-Seal-Row-on-Rack_Back__converted.gif,exercises/barras/costas/Barbell-Lying-Seal-Row-on-Rack_Back__converted.gif,f2b47ce1d6d418a1a3204c97f8cc412237753cb4080aa31392b38a940326d5dc
REVIEW,barras,costas,barbell one arm bent over row,Remada curvada com barra,variação/parente de um exercício do catálogo — confirmar,Barbell-One-Arm-Bent-over-Row_Back__converted.gif,exercises/barras/costas/Barbell-One-Arm-Bent-over-Row_Back__converted.gif,4543ede73b7674dd1a49265cd133c669db22defbda708b9a3afc3c902a4c58b3
UNMATCHED,barras,costas,barbell pendlay row,,sem exercício correspondente no catálogo,Barbell-Pendlay-Row_Back__converted.gif,exercises/barras/costas/Barbell-Pendlay-Row_Back__converted.gif,d06b6c5a4b0cb1768c16b7604b2ee2f4c0424bc5740b231d790a739c54fb4f2a
UNMATCHED,barras,costas,barbell rear delt row,,sem exercício correspondente no catálogo,Barbell-Rear-Delt-Row_Shoulders__converted.gif,exercises/barras/costas/Barbell-Rear-Delt-Row_Shoulders__converted.gif,ad4e109eb987f8bfc551f9b9e25cec4e22fe5c1da01eff7aee778c69792e24cf
REVIEW,barras,costas,barbell reverse grip bent over row,Remada curvada com barra,variação/parente de um exercício do catálogo — confirmar,Barbell-Reverse-Grip-Bent-Over-Row-(female)_Back_converted.gif,exercises/barras/costas/Barbell-Reverse-Grip-Bent-Over-Row-(female)_Back_converted.gif,a5c2d05e1ebfa71250caf8072d80d13cd8a085ca5fdbd8a4e4f99f1de2e2cbc5
UNMATCHED,barras,costas,barbell reverse grip incline bench row,,sem exercício correspondente no catálogo,Barbell-Reverse-Grip-Incline-Bench-Row_Back_converted.gif,exercises/barras/costas/Barbell-Reverse-Grip-Incline-Bench-Row_Back_converted.gif,f580d7cf9393c805ef9e936761fcd1f0f2262fbac0960d33399b09a3f145f517
UNMATCHED,barras,costas,bench pull ups,,sem exercício correspondente no catálogo,Bench-Pull-ups-(female)_Back_converted.gif,exercises/barras/costas/Bench-Pull-ups-(female)_Back_converted.gif,1ab2abc5663840d7e4a4e41ec6812bda34f1a4165c63e0a5066f9b429e911b5b
UNMATCHED,barras,costas,cambered bar lying row,,sem exercício correspondente no catálogo,Cambered-Bar-Lying-Row-(female)_Back__converted.gif,exercises/barras/costas/Cambered-Bar-Lying-Row-(female)_Back__converted.gif,eaec5e1c6e95619b2b2e4c164a79056162456fc2bf42c8af96672d1eb37517de
UNMATCHED,barras,costas,cambered bar lying row,,sem exercício correspondente no catálogo,Cambered-Bar-Lying-Row_Back_converted.gif,exercises/barras/costas/Cambered-Bar-Lying-Row_Back_converted.gif,094612b16089e4351db4d6e19787d9b34b47796a42297b230133ebe84812d2fb
REVIEW,barras,costas,chin up,Barra fixa (pull-up),variação/parente de um exercício do catálogo — confirmar,Chin-Up-(female)_Back_converted.gif,exercises/barras/costas/Chin-Up-(female)_Back_converted.gif,7e52b9978f5e6921494ee51c9ba4edee037027755dd1800fc2a9cbc73f38a38a
UNMATCHED,barras,costas,chin ups narrow parallel grip,,sem exercício correspondente no catálogo,Chin-ups-(narrow-parallel-grip)-(female)_Back_converted.gif,exercises/barras/costas/Chin-ups-(narrow-parallel-grip)-(female)_Back_converted.gif,cfa93001086086464a00cbee4db3992d759b721b2842bd91007f30c12517b642
REVIEW,barras,costas,close grip chin up,Barra fixa (pull-up),variação/parente de um exercício do catálogo — confirmar,Close-Grip-Chin-Up-(female)_Back-FIX_converted.gif,exercises/barras/costas/Close-Grip-Chin-Up-(female)_Back-FIX_converted.gif,83bddca7e4e67e21d9b7cf076d0f08dce4c84cc4cf780515c8f63e01c2445b30
REVIEW,barras,costas,ez bar reverse grip bent over row,Remada curvada com barra,variação/parente de um exercício do catálogo — confirmar,EZ-Bar-Reverse-Grip-Bent-Over-Row_Back__converted.gif,exercises/barras/costas/EZ-Bar-Reverse-Grip-Bent-Over-Row_Back__converted.gif,eb23633d2d036fb3004793857bb603fb0cd0795ace69279bff7a3f041a743ff1
REVIEW,barras,costas,hammer grip pull up on dip cage,Barra fixa (pull-up),variação/parente de um exercício do catálogo — confirmar,Hammer-Grip-Pull-up-on-Dip-Cage-(female)_Back_converted.gif,exercises/barras/costas/Hammer-Grip-Pull-up-on-Dip-Cage-(female)_Back_converted.gif,dc6a58d7b10aae4d345cb21c941989e63cc9e4dd53bb72b1374383a33657ccbc
UNMATCHED,barras,costas,inverted row under table,,sem exercício correspondente no catálogo,Inverted-Row-under-Table-(female)_Back__converted.gif,exercises/barras/costas/Inverted-Row-under-Table-(female)_Back__converted.gif,37ffd7b9993453eac8222a60e6e4ba708c0409a06e59388c3a47c374ef2e562a
REVIEW,barras,costas,isometric hold close grip chin up converted 2,Barra fixa (pull-up),variação/parente de um exercício do catálogo — confirmar,Isometric-Hold-Close-Grip-Chin-Up-(female)_Back__converted 2.gif,exercises/barras/costas/Isometric-Hold-Close-Grip-Chin-Up-(female)_Back__converted 2.gif,cb583b7f1ed141218c05636924c51ae2669fe7338a6ce5a9b5e297cd13d2f19f
REVIEW,barras,costas,isometric hold close grip chin up,Barra fixa (pull-up),variação/parente de um exercício do catálogo — confirmar,Isometric-Hold-Close-Grip-Chin-Up-(female)_Back__converted.gif,exercises/barras/costas/Isometric-Hold-Close-Grip-Chin-Up-(female)_Back__converted.gif,cb583b7f1ed141218c05636924c51ae2669fe7338a6ce5a9b5e297cd13d2f19f
UNMATCHED,barras,costas,landmine 180,,sem exercício correspondente no catálogo,Landmine-180-(female)_waist_converted.gif,exercises/barras/costas/Landmine-180-(female)_waist_converted.gif,36486ae95db63858a64c910921a6fc4bd2f7d0c14eab6f1a1e24252da85fdab4
UNMATCHED,barras,costas,landmine romanian deadlift,,sem exercício correspondente no catálogo,Landmine-Romanian-Deadlift-(female)_Hips__converted.gif,exercises/barras/costas/Landmine-Romanian-Deadlift-(female)_Hips__converted.gif,b208cca2adc6a32b4a7ce8ad88f9a09e3484ad92f3f24795db1901855cdfcdc4
UNMATCHED,barras,costas,lever t bar row plate loaded,,sem exercício correspondente no catálogo,Lever-T-bar-Row-(plate-loaded)-(female)_Back_converted.gif,exercises/barras/costas/Lever-T-bar-Row-(plate-loaded)-(female)_Back_converted.gif,62950960c7f7a9f0c52c4b6bd93c76a41ee94d1d099f602399ff577f601c93c3
REVIEW,barras,costas,pull up negative,Barra fixa (pull-up),variação/parente de um exercício do catálogo — confirmar,Pull-up-(negative)-(female)_Back__converted.gif,exercises/barras/costas/Pull-up-(negative)-(female)_Back__converted.gif,af50e02d68266c6683e5550db03c5d33f8c4e9690c2a372ec3991b26a93ca4a6
REVIEW,barras,costas,pull up neutral grip,Barra fixa (pull-up),variação/parente de um exercício do catálogo — confirmar,Pull-up-(neutral-grip)-(female)_Back__converted.gif,exercises/barras/costas/Pull-up-(neutral-grip)-(female)_Back__converted.gif,6eeda47c8c62d88ee0ddc4684eb7f490b038f3ad871af6eb9487d4a90e37fa85
REVIEW,barras,costas,reverse grip pull up,Barra fixa (pull-up),variação/parente de um exercício do catálogo — confirmar,Reverse-grip-Pull-up-(female)_Back_converted.gif,exercises/barras/costas/Reverse-grip-Pull-up-(female)_Back_converted.gif,a1647bc4d703a795f0f159ea3acb74370128a16c2211291005429eac17c28989
REVIEW,barras,costas,shoulder grip pull up,Barra fixa (pull-up),variação/parente de um exercício do catálogo — confirmar,Shoulder-Grip-Pull-up-(female)_Back_converted.gif,exercises/barras/costas/Shoulder-Grip-Pull-up-(female)_Back_converted.gif,7fa88e153720478db7461d3d6d145d490d8ef28e4a688260758c249619de46db
REVIEW,barras,costas,smith bent over row,Remada curvada com barra,variação/parente de um exercício do catálogo — confirmar,Smith-Bent-Over-Row-(VERSION-2)-(female)_Back__converted.gif,exercises/barras/costas/Smith-Bent-Over-Row-(VERSION-2)-(female)_Back__converted.gif,5e5a93766944b86d202cff11c560228bf771c9b84ec57fb02c126bfc42824ec7
REVIEW,barras,costas,wide chin up,Barra fixa (pull-up),variação/parente de um exercício do catálogo — confirmar,Wide-Chin-Up-(female)_Back__converted.gif,exercises/barras/costas/Wide-Chin-Up-(female)_Back__converted.gif,c1ec04cf112af769bd6aae84034545c516ad402aa6e960ed258e7fcfc7064c9e
REVIEW,barras,costas,wide grip pull up,Barra fixa (pull-up),variação/parente de um exercício do catálogo — confirmar,Wide-Grip-Pull-Up-(female)_Back_converted.gif,exercises/barras/costas/Wide-Grip-Pull-Up-(female)_Back_converted.gif,b3ac6a3ea078f375d907e4cc2a063fe2798a23484643c342d1061ff8e1a109f7
REVIEW,barras,costas,wide grip rear pull up,Barra fixa (pull-up),variação/parente de um exercício do catálogo — confirmar,Wide-Grip-Rear-Pull-Up-(female)_Back_converted.gif,exercises/barras/costas/Wide-Grip-Rear-Pull-Up-(female)_Back_converted.gif,a9263ea3c253b2c6eff2a8aad1875452465499f3ddca772437f2b44824197c2a
UNMATCHED,barras,ombro,barbell front raise,,sem exercício correspondente no catálogo,Barbell-Front-Raise-(female)_Shoulders_converted.gif,exercises/barras/ombro/Barbell-Front-Raise-(female)_Shoulders_converted.gif,9d546f5f35750333d3e11eb8245721fb9ea408221a277d3b4094a806c01b321e
UNMATCHED,barras,ombro,barbell rear delt raise,,sem exercício correspondente no catálogo,Barbell-Rear-Delt-Raise-(female)_shoulder_converted.gif,exercises/barras/ombro/Barbell-Rear-Delt-Raise-(female)_shoulder_converted.gif,d34e6910b69fc3a7f4a1b107761bf18f30dfc5ac8a53986c57b5309507457a92
REVIEW,barras,ombro,barbell seated behind head military press,Desenvolvimento militar,variação/parente de um exercício do catálogo — confirmar,Barbell-Seated-Behind-Head-Military-Press-(female)_Shoulders_converted.gif,exercises/barras/ombro/Barbell-Seated-Behind-Head-Military-Press-(female)_Shoulders_converted.gif,b5b3cf6b9808c78ec2e2bd715cb5ecda62582dd6c0294c25500ca73aeb743165
REVIEW,barras,ombro,barbell seated overhead press,Desenvolvimento militar,variação/parente de um exercício do catálogo — confirmar,Barbell-Seated-Overhead-Press-(female)_Shoulders_converted.gif,exercises/barras/ombro/Barbell-Seated-Overhead-Press-(female)_Shoulders_converted.gif,f3880c60c2ed4ae9e7f369f89d39cca063075a3af379d0dd52c2b91a8e7d1496
UNMATCHED,barras,ombro,barbell shoulder grip upright row,,sem exercício correspondente no catálogo,Barbell-Shoulder-Grip-Upright-Row-(female)_Shoulder_converted.gif,exercises/barras/ombro/Barbell-Shoulder-Grip-Upright-Row-(female)_Shoulder_converted.gif,87fc528e997aaaa8683a16d297e0f27606b926313ed464a6a51b425cd574f57a
UNMATCHED,barras,ombro,barbell shrug,,sem exercício correspondente no catálogo,Barbell-Shrug-(female)_Back_converted.gif,exercises/barras/ombro/Barbell-Shrug-(female)_Back_converted.gif,0c31b228c9b215516eb51206c9bdd4fb92410e4627d09f2ee16875b33b0e65b9
UNMATCHED,barras,ombro,barbell skier,,sem exercício correspondente no catálogo,Barbell-Skier-(female)_Shoulders__converted.gif,exercises/barras/ombro/Barbell-Skier-(female)_Shoulders__converted.gif,9347c2e5b0fe7e1c7897f85ef0519e468b0841cae458b742bdf5120dc6b5e471
REVIEW,barras,ombro,barbell standing close grip military press,Desenvolvimento militar,variação/parente de um exercício do catálogo — confirmar,Barbell-Standing-Close-Grip-Military-Press-(female_converted.gif,exercises/barras/ombro/Barbell-Standing-Close-Grip-Military-Press-(female_converted.gif,51b0f11e7629ab1201c15937cccaed5e54773083c22c28caeb20fe84c3a6fddf
UNMATCHED,barras,ombro,barbell wide grip upright row,,sem exercício correspondente no catálogo,Barbell-Wide-Grip-Upright-Row-(female)_Shoulders_converted.gif,exercises/barras/ombro/Barbell-Wide-Grip-Upright-Row-(female)_Shoulders_converted.gif,33e21ebf397632a61d3f9f21536dec8fc06e8ed7a5bd9d61f2f95b2809a2b62c
UNMATCHED,barras,ombro,ez bar standing upright row,,sem exercício correspondente no catálogo,EZ-Bar-Standing-Upright-Row-(female)_Shoulders__converted.gif,exercises/barras/ombro/EZ-Bar-Standing-Upright-Row-(female)_Shoulders__converted.gif,c384143d304ee86c435d17215245b91f143abefcbaaa0d4ac0b797c19e43e4c0
UNMATCHED,barras,ombro,ez barbell anti gravity press,,sem exercício correspondente no catálogo,EZ-Barbell-Anti-Gravity-Press-(female)_Shoulders_converted.gif,exercises/barras/ombro/EZ-Barbell-Anti-Gravity-Press-(female)_Shoulders_converted.gif,41fa2f30a0c00ba5a2bfa9d8e13ac0bef00ad59f7f991f9873e208c85dc065b9
UNMATCHED,barras,ombro,smith shrug,,sem exercício correspondente no catálogo,Smith-Shrug-(female)_Back__converted.gif,exercises/barras/ombro/Smith-Shrug-(female)_Back__converted.gif,3ad3a99eccd531f5ae405401d49e734d3faaa489bfd51b203cdca8494755bb9a
REVIEW,barras,ombro,smith standing shoulder press,Desenvolvimento militar,variação/parente de um exercício do catálogo — confirmar,Smith-Standing-Shoulder-Press-(female)_Shoulders__converted.gif,exercises/barras/ombro/Smith-Standing-Shoulder-Press-(female)_Shoulders__converted.gif,4862b52428457fc40e8e87d914084226a3f91f97546f763c661c2cee44470e06
UNMATCHED,barras,ombros,barbell front raise,,sem exercício correspondente no catálogo,Barbell-Front-Raise_Shoulders_converted.gif,exercises/barras/ombros/Barbell-Front-Raise_Shoulders_converted.gif,801eef66ab38d856e8ad3ad290ea96b3589af7269f54692937db271373d1c86f
UNMATCHED,barras,ombros,barbell incline lying rear delt raise,,sem exercício correspondente no catálogo,Barbell-Incline-Lying-Rear-Delt-Raise_Shoulders__converted.gif,exercises/barras/ombros/Barbell-Incline-Lying-Rear-Delt-Raise_Shoulders__converted.gif,025d659d42296850896edf541244c00ab7e89e0a865853c31cdcb2c5611a0282
UNMATCHED,barras,ombros,barbell rear delt raise,,sem exercício correspondente no catálogo,Barbell-Rear-Delt-Raise_shoulder_converted.gif,exercises/barras/ombros/Barbell-Rear-Delt-Raise_shoulder_converted.gif,c38d29fc6c79d3941193f82baa23e036c155ed748b039772baceb28f75f0ac3d
REVIEW,barras,ombros,barbell reverse grip overhead press,Desenvolvimento militar,variação/parente de um exercício do catálogo — confirmar,Barbell-Reverse-Grip-Overhead-Press-(male)_Shoulde_converted.gif,exercises/barras/ombros/Barbell-Reverse-Grip-Overhead-Press-(male)_Shoulde_converted.gif,22d6d2a90be75c5f2d22488420f64872c04e43049d19efc1af96206a3bdb4928
REVIEW,barras,ombros,barbell seated behind head military press,Desenvolvimento militar,variação/parente de um exercício do catálogo — confirmar,Barbell-Seated-Behind-Head-Military-Press_Shoulders_converted.gif,exercises/barras/ombros/Barbell-Seated-Behind-Head-Military-Press_Shoulders_converted.gif,60a6ff965d4e52a9338b7f9fa1723ee24666a1af0596acc7d5d0d9e5264ad088
UNMATCHED,barras,ombros,barbell seated front raise,,sem exercício correspondente no catálogo,Barbell-Seated-Front-Raise_Shoulders__converted.gif,exercises/barras/ombros/Barbell-Seated-Front-Raise_Shoulders__converted.gif,f0240fc6594c6d2f6265fe1fd0cfc6f335b05346d9a19f4a77795fbc118f48c2
REVIEW,barras,ombros,barbell seated military press inside squat cage,Agachamento livre | Desenvolvimento militar,mais de um exercício possível,Barbell-Seated-Military-Press-(inside-squat-cage)_Shoulders_converted.gif,exercises/barras/ombros/Barbell-Seated-Military-Press-(inside-squat-cage)_Shoulders_converted.gif,1274364f9160bc908f2fa447db1a9bd8bddeaabe94856d9db5c95e0f655492ab
REVIEW,barras,ombros,barbell seated overhead press,Desenvolvimento militar,variação/parente de um exercício do catálogo — confirmar,Barbell-Seated-Overhead-Press_Shoulders_converted.gif,exercises/barras/ombros/Barbell-Seated-Overhead-Press_Shoulders_converted.gif,0bec8adbc605892344355e56f6f5658fdaee2be20d3ecb0a3db595ab0b6c1a5e
REVIEW,barras,ombros,barbell standing close grip military press,Desenvolvimento militar,variação/parente de um exercício do catálogo — confirmar,Barbell-Standing-Close-Grip-Military-Press_Shoulders_converted.gif,exercises/barras/ombros/Barbell-Standing-Close-Grip-Military-Press_Shoulders_converted.gif,7d60f2503bdc476c69c2dc62e8d3bb40a82d663ddcbb8343dadc39c87af754f1
REVIEW,barras,ombros,barbell standing military press without rack without weight,Desenvolvimento militar,variação/parente de um exercício do catálogo — confirmar,Barbell-Standing-Military-Press-(without-rack)_Shoulders_without-weight_converted.gif,exercises/barras/ombros/Barbell-Standing-Military-Press-(without-rack)_Shoulders_without-weight_converted.gif,436d9eba54f4b5cbf7125e4ecebc342303cdbfac0711901a19e2e52436920af9
UNMATCHED,barras,ombros,barbell standing shoulders press,,sem exercício correspondente no catálogo,Barbell-Standing-Shoulders-Press_Shoulders__converted.gif,exercises/barras/ombros/Barbell-Standing-Shoulders-Press_Shoulders__converted.gif,a01df9f11259f665a69776e27f9763e2db30104ad6de01e09fe7459bbbf69b36
REVIEW,barras,ombros,barbell standing wide military press,Desenvolvimento militar,variação/parente de um exercício do catálogo — confirmar,Barbell-Standing-Wide-Military-Press_Shoulders_converted.gif,exercises/barras/ombros/Barbell-Standing-Wide-Military-Press_Shoulders_converted.gif,27df0aa13d6340517413e6b50e1463b967bd47a06742b93024ea4862c406ca91
UNMATCHED,barras,ombros,barbell upright row 360 degrees,,sem exercício correspondente no catálogo,Barbell-Upright-Row (360-degrees)_shoulder_converted.gif,exercises/barras/ombros/Barbell-Upright-Row (360-degrees)_shoulder_converted.gif,af713e7389964ab83c26a68a8e7ddf900d2b3e53e7e017bc32e0c77eeaede561
UNMATCHED,barras,ombros,barbell upright row,,sem exercício correspondente no catálogo,Barbell-Upright-Row_Shoulders_converted.gif,exercises/barras/ombros/Barbell-Upright-Row_Shoulders_converted.gif,7a5bd3f688e1088666a391472caa0726cbc7d0b66113944b19cf1ee6e311200e
UNMATCHED,barras,ombros,barbell upright row without weight,,sem exercício correspondente no catálogo,Barbell-Upright-Row_Shoulders_without-weight_converted.gif,exercises/barras/ombros/Barbell-Upright-Row_Shoulders_without-weight_converted.gif,e1e699c9d2567ad16114d2d09fe3e3ee80e16eddf3050ec9662e857372b3932a
UNMATCHED,barras,ombros,barbell upright row,,sem exercício correspondente no catálogo,Barbell-Upright-Row_shoulder_converted.gif,exercises/barras/ombros/Barbell-Upright-Row_shoulder_converted.gif,c40fa7f12365f811f65bb2d1841fca9e79607417bbc0d81ae641ff7c639d2181
UNMATCHED,barras,ombros,barbell wide grip upright row,,sem exercício correspondente no catálogo,Barbell-Wide-Grip-Upright-Row-(front-POV)_Shoulders__converted.gif,exercises/barras/ombros/Barbell-Wide-Grip-Upright-Row-(front-POV)_Shoulders__converted.gif,8d174c32761ceded7197805b726dc57202db51e5926ce593178133c3ef7e2cac
UNMATCHED,barras,ombros,barbell wide grip upright row,,sem exercício correspondente no catálogo,Barbell-Wide-Grip-Upright-Row_Shoulders_converted.gif,exercises/barras/ombros/Barbell-Wide-Grip-Upright-Row_Shoulders_converted.gif,5a2b22abe9a1bd6f4bc481c4437faafd1ac0792a5fa92c312a935ec96efc493d
UNMATCHED,barras,ombros,barbell z press,,sem exercício correspondente no catálogo,Barbell-Z-Press_Shoulders__converted.gif,exercises/barras/ombros/Barbell-Z-Press_Shoulders__converted.gif,e9a7d7f141b3c1147b8a9262042cc85363f4a7695132043ceaf86a6de2d8846d
REVIEW,barras,ombros,ez bar seated close grip shoulder press,Desenvolvimento militar,variação/parente de um exercício do catálogo — confirmar,EZ-bar-Seated-Close-grip-Shoulder-Press_Shoulders__converted.gif,exercises/barras/ombros/EZ-bar-Seated-Close-grip-Shoulder-Press_Shoulders__converted.gif,48c0be037abe31e77f9c00e5b5735de5a7af5e18e632ceaa2d745386e6dbeaa9
UNMATCHED,barras,ombros,ez bar standing front raise,,sem exercício correspondente no catálogo,EZ-Bar-Standing-Front-Raise_Shoulders__converted.gif,exercises/barras/ombros/EZ-Bar-Standing-Front-Raise_Shoulders__converted.gif,385587485e2c82bd15eaed902a5d7f45c07234d0feba12102710475004c6d9c1
UNMATCHED,barras,ombros,ez barbell anti gravity press,,sem exercício correspondente no catálogo,EZ-Barbell-Anti-Gravity-Press_Shoulders-FIX__converted.gif,exercises/barras/ombros/EZ-Barbell-Anti-Gravity-Press_Shoulders-FIX__converted.gif,31f86c0dc918cda85380ee4c442edbbd1305b05249bbbd077303357b2033c172
REVIEW,barras,ombros,trap bar overhead press,Desenvolvimento militar,variação/parente de um exercício do catálogo — confirmar,Trap-Bar-Overhead-Press-(male)_Shoulders__converted.gif,exercises/barras/ombros/Trap-Bar-Overhead-Press-(male)_Shoulders__converted.gif,76e17558f5db99dc40750a773c4ff54e8d19bdc0cb03e8a2c1df74d5152cef18
REVIEW,barras,ombros,weighted bar standing lateral raise,Elevação lateral,variação/parente de um exercício do catálogo — confirmar,Weighted-Bar-Standing-Lateral-Raise-(male)_Shoulde_converted.gif,exercises/barras/ombros/Weighted-Bar-Standing-Lateral-Raise-(male)_Shoulde_converted.gif,485d2d411f2e959a39cb25b078fc341e5fb5074bc82946d1d0d855246e3e7f7a
UNMATCHED,barras,panturrilhas,barbell floor calf raise,,sem exercício correspondente no catálogo,Barbell-Floor-Calf-Raise_Calves__converted.gif,exercises/barras/panturrilhas/Barbell-Floor-Calf-Raise_Calves__converted.gif,ce92d8ce3ba1419a5a866627c60d9831d0a5b292199618108a03c6e491baa3de
UNMATCHED,barras,panturrilhas,barbell seated calf raise,,sem exercício correspondente no catálogo,Barbell-Seated-Calf-Raise_Calves_converted.gif,exercises/barras/panturrilhas/Barbell-Seated-Calf-Raise_Calves_converted.gif,fa737c8bfd7720b61288f3677a0cc32e0d396c5899f54517247be3a353ffc8b1
REVIEW,barras,panturrilhas,barbell standing bent knee calf raise from deficit,Panturrilha em pé,variação/parente de um exercício do catálogo — confirmar,Barbell-Standing-Bent-Knee-Calf-Raise-from-Deficit_converted.gif,exercises/barras/panturrilhas/Barbell-Standing-Bent-Knee-Calf-Raise-from-Deficit_converted.gif,4aeec748b0983e3bcfc474263afb8083bc1a1e0d51f659ce5bf6924bba40cf8c
REVIEW,barras,peito,barbell banded bench press,Supino reto com barra,variação/parente de um exercício do catálogo — confirmar,Barbell-Banded-Bench-Press_Chest__converted.gif,exercises/barras/peito/Barbell-Banded-Bench-Press_Chest__converted.gif,2f955d43455548b2dd040812ca43aa67f908bbad2fba3bd3acf2639c6bd6792c
REVIEW,barras,peito,barbell bench press with 1 board,Supino reto com barra,variação/parente de um exercício do catálogo — confirmar,Barbell-Bench-Press-with-1-board_Chest__converted.gif,exercises/barras/peito/Barbell-Bench-Press-with-1-board_Chest__converted.gif,47ee741cf3035c0db5cf1e1b8d65bd00256fc2f4a1860e8de87e52691741b96a
UNMATCHED,barras,peito,barbell bent arm pullover,,sem exercício correspondente no catálogo,Barbell-Bent-Arm-Pullover-(male)_Back__converted.gif,exercises/barras/peito/Barbell-Bent-Arm-Pullover-(male)_Back__converted.gif,7f99a5c3ae052f158c107e40bf0938f1d4b186c9454113fada41fc7354051bed
REVIEW,barras,peito,barbell close grip bench press,Supino reto com barra,variação/parente de um exercício do catálogo — confirmar,Barbell-Close-Grip-Bench-Press-(female)_Upper-Arms_converted.gif,exercises/barras/peito/Barbell-Close-Grip-Bench-Press-(female)_Upper-Arms_converted.gif,c2f0f15db80cebcae8bf0362872bb1fb289ee53ccc38be51d46e0493e0478c6f
REVIEW,barras,peito,barbell close grip bench press,Supino reto com barra,variação/parente de um exercício do catálogo — confirmar,Barbell-Close-Grip-Bench-Press_Upper-Arms-FIX__converted.gif,exercises/barras/peito/Barbell-Close-Grip-Bench-Press_Upper-Arms-FIX__converted.gif,4546d5ae6d4083c157b753ddfd74d0afc9b11abdcd7d06e07c4362e9dce9af75
UNMATCHED,barras,peito,barbell close grip larsen press,,sem exercício correspondente no catálogo,Barbell-Close-Grip-Larsen-Press-(male)_Chest__converted.gif,exercises/barras/peito/Barbell-Close-Grip-Larsen-Press-(male)_Chest__converted.gif,3739592db18ea8a4aa962802be5287442a81847b1bd93ff43496dc5ec06790b4
REVIEW,barras,peito,barbell decline bench press,Supino reto com barra,variação/parente de um exercício do catálogo — confirmar,Barbell-Decline-Bench-Press-(female)_Chest_converted.gif,exercises/barras/peito/Barbell-Decline-Bench-Press-(female)_Chest_converted.gif,8a5448496ced821e1bf672ab7981feb2ff73fa7900c21ab0c486711124ab9234
REVIEW,barras,peito,barbell decline bench press,Supino reto com barra,variação/parente de um exercício do catálogo — confirmar,Barbell-Decline-Bench-Press_Chest-FIX__converted.gif,exercises/barras/peito/Barbell-Decline-Bench-Press_Chest-FIX__converted.gif,2e61f1e0fa83946636002d467e773b840ff2d8c9cf0acea52fe84dd0a3f1cbce
UNMATCHED,barras,peito,barbell decline pullover,,sem exercício correspondente no catálogo,Barbell-Decline-Pullover-(female)_Chest__converted.gif,exercises/barras/peito/Barbell-Decline-Pullover-(female)_Chest__converted.gif,195dcb9816628323c58e39da23fa1d0b7c7828111dce03da0316d621d0845cbf
UNMATCHED,barras,peito,barbell decline pullover,,sem exercício correspondente no catálogo,Barbell-Decline-Pullover_Chest_converted.gif,exercises/barras/peito/Barbell-Decline-Pullover_Chest_converted.gif,2f1c370c22c6855db6096512abdd0c2b6ffedea5750ce136d8c2d6bd42970d71
REVIEW,barras,peito,barbell explosive bench press,Supino reto com barra,variação/parente de um exercício do catálogo — confirmar,Barbell-Explosive-Bench-Press_Chest__converted.gif,exercises/barras/peito/Barbell-Explosive-Bench-Press_Chest__converted.gif,fe53ddf8720f01e1bfcea1622880f0df15b25c653378f29a0ab1bee9ca29f007
REVIEW,barras,peito,barbell feet flat bench press,Supino reto com barra,variação/parente de um exercício do catálogo — confirmar,Barbell-Feet-Flat-Bench-Press-(male)_Chest__converted.gif,exercises/barras/peito/Barbell-Feet-Flat-Bench-Press-(male)_Chest__converted.gif,fe2da81ad2aee412b1d2a1b7ae834792d7caa5bcfe03ae2eb7df5d50e9714012
UNMATCHED,barras,peito,barbell floor chest press,,sem exercício correspondente no catálogo,Barbell-Floor-Chest-Press_Chest__converted.gif,exercises/barras/peito/Barbell-Floor-Chest-Press_Chest__converted.gif,b3af467e2ce63e015681c0b23f21861b688edf69fcd80031bc592afbc1087588
REVIEW,barras,peito,barbell guillotine bench press,Supino reto com barra,variação/parente de um exercício do catálogo — confirmar,Barbell-Guillotine-Bench-Press_Chest_converted.gif,exercises/barras/peito/Barbell-Guillotine-Bench-Press_Chest_converted.gif,c72c6f5d3ecf0bf88e2f2dc9f95e3992f4701b0e6da1909cdae38b442736820c
REVIEW,barras,peito,barbell incline bench press,Supino reto com barra,variação/parente de um exercício do catálogo — confirmar,Barbell-Incline-Bench-Press-(female)_Chest_converted.gif,exercises/barras/peito/Barbell-Incline-Bench-Press-(female)_Chest_converted.gif,09e0debd9d7f7512b72df1ee8b65c39d13dabd5d6b20e459d0c418891a5dd062
REVIEW,barras,peito,barbell incline bench press,Supino reto com barra,variação/parente de um exercício do catálogo — confirmar,Barbell-Incline-Bench-Press_Chest-FIX2__converted.gif,exercises/barras/peito/Barbell-Incline-Bench-Press_Chest-FIX2__converted.gif,606d6fcdf0c3b8b4c5b6c0dddf7d77efeeb5787fb1b9b68d7a063956587ab522
REVIEW,barras,peito,barbell incline close grip bench press,Supino reto com barra,variação/parente de um exercício do catálogo — confirmar,Barbell-Incline-Close-Grip-Bench-Press_Upper-Arms__converted.gif,exercises/barras/peito/Barbell-Incline-Close-Grip-Bench-Press_Upper-Arms__converted.gif,d8af6e1c3f5abb04b1403b9a1d50b7386ae0f2adbf20eab739364318c3f80d09
REVIEW,barras,peito,barbell incline shoulders press inside squat cage,Agachamento livre,variação/parente de um exercício do catálogo — confirmar,Barbell-Incline-Shoulders-Press-(inside-squat-cage_converted.gif,exercises/barras/peito/Barbell-Incline-Shoulders-Press-(inside-squat-cage_converted.gif,786f8d568c496b4e0ab5431844642ca20f97bbac2bb153a53bd55d30d71b9695
UNMATCHED,barras,peito,barbell incline shoulders press,,sem exercício correspondente no catálogo,Barbell-Incline-Shoulders-Press-(male)_Shoulders__converted.gif,exercises/barras/peito/Barbell-Incline-Shoulders-Press-(male)_Shoulders__converted.gif,abac942260ee97acc7e8ad2d797c98a6cc46ee0fe00f3b6ad00dd468acddd81f
REVIEW,barras,peito,barbell jm bench press,Supino reto com barra,variação/parente de um exercício do catálogo — confirmar,Barbell-JM-Bench-Press_Upper-Arms-FIX__converted.gif,exercises/barras/peito/Barbell-JM-Bench-Press_Upper-Arms-FIX__converted.gif,9f76346ae460428eb259691390384fe64782f242d7158a61c2c1f423a817ea1b
UNMATCHED,barras,peito,barbell larsen press,,sem exercício correspondente no catálogo,Barbell-Larsen-Press-(male)_Chest__converted.gif,exercises/barras/peito/Barbell-Larsen-Press-(male)_Chest__converted.gif,61f193672692bec10c1f0f28170a8d6877a9694ba5fc085978004d11fbfd4374
REVIEW,barras,peito,barbell leg twist press,Leg press 45°,variação/parente de um exercício do catálogo — confirmar,Barbell-Leg-Twist-Press_Chest__converted.gif,exercises/barras/peito/Barbell-Leg-Twist-Press_Chest__converted.gif,29c513ceba9ea7a219e288e3365879aff0c0698969c96f220b251528920fdcac
UNMATCHED,barras,peito,barbell lying close grip press,,sem exercício correspondente no catálogo,Barbell-Lying-Close-grip-Press_Upper-Arms_converted.gif,exercises/barras/peito/Barbell-Lying-Close-grip-Press_Upper-Arms_converted.gif,081e0be5f53295fcb182a109391baa86e2c50dd4888c20d5270a79265b6f1e88
REVIEW,barras,peito,barbell pause bench press,Supino reto com barra,variação/parente de um exercício do catálogo — confirmar,Barbell-Pause-Bench-Press_Chest__converted.gif,exercises/barras/peito/Barbell-Pause-Bench-Press_Chest__converted.gif,738359ad64d2c84ccb2e7502784e1f5fecb158138cd8d7f73db681b94f759f54
REVIEW,barras,peito,barbell pause decline bench press,Supino reto com barra,variação/parente de um exercício do catálogo — confirmar,Barbell-Pause-Decline-Bench-Press_Chest__converted.gif,exercises/barras/peito/Barbell-Pause-Decline-Bench-Press_Chest__converted.gif,0a9e8ad40320ded2a007431f16ffa1145f32b2a6488339522dd284f3f7b047b0
REVIEW,barras,peito,barbell pause incline bench press,Supino reto com barra,variação/parente de um exercício do catálogo — confirmar,Barbell-Pause-Incline-Bench-Press_Chest__converted.gif,exercises/barras/peito/Barbell-Pause-Incline-Bench-Press_Chest__converted.gif,c6af799712dbe87389514a07fc49be3f494f51cb905bb827d747a055d95062e0
REVIEW,barras,peito,barbell pin bench press conventional grip,Supino reto com barra,variação/parente de um exercício do catálogo — confirmar,Barbell-Pin-Bench-Press-Conventional-grip-(male)_C_converted.gif,exercises/barras/peito/Barbell-Pin-Bench-Press-Conventional-grip-(male)_C_converted.gif,e48b9aa9cd9483004af3fb25f40b4492a14b90771905e411027ae54f7389dc58
UNMATCHED,barras,peito,barbell pin chest press,,sem exercício correspondente no catálogo,Barbell-Pin-Chest-Press_Chest__converted.gif,exercises/barras/peito/Barbell-Pin-Chest-Press_Chest__converted.gif,2409ab2200c36fe54e2ec1ba57024e453a35805d5b4eae06cf85ac38d6aeb793
UNMATCHED,barras,peito,barbell pullover to press,,sem exercício correspondente no catálogo,Barbell-Pullover-To-Press_Back_converted.gif,exercises/barras/peito/Barbell-Pullover-To-Press_Back_converted.gif,833acbbfc5c7e9ba142a3a3d50de58b866f947c475b6567454231700f52bde97
REVIEW,barras,peito,barbell pullover with bench press,Supino reto com barra,variação/parente de um exercício do catálogo — confirmar,Barbell-Pullover-with-Bench-Press-(male)_Chest__converted.gif,exercises/barras/peito/Barbell-Pullover-with-Bench-Press-(male)_Chest__converted.gif,bb6038123772559d12cd1a3f00527c0da9e3095c9294a79776ee6813e9045c50
UNMATCHED,barras,peito,barbell pullover,,sem exercício correspondente no catálogo,Barbell-Pullover_Back__converted.gif,exercises/barras/peito/Barbell-Pullover_Back__converted.gif,4417b3f4442e8ab1f8744c6b2fac3684d87fce8a6f5a29044874d4aa9438651c
REVIEW,barras,peito,barbell reverse close grip bench press,Supino reto com barra,variação/parente de um exercício do catálogo — confirmar,Barbell-Reverse-Close-grip-Bench-Press_Upper-Arms_converted.gif,exercises/barras/peito/Barbell-Reverse-Close-grip-Bench-Press_Upper-Arms_converted.gif,c3427a718c8d1cda6f9644ee82aed6c69b0b4a4c6bd73f92259302f1ee7ad4c0
REVIEW,barras,peito,barbell reverse grip bench press on floor,Supino reto com barra,variação/parente de um exercício do catálogo — confirmar,Barbell-Reverse-Grip-Bench-Press-on-Floor_Chest__converted.gif,exercises/barras/peito/Barbell-Reverse-Grip-Bench-Press-on-Floor_Chest__converted.gif,37d0837ecd0fb06f7c63f1495d639a69cba3a89db1e357b457ca03182f25f9a5
REVIEW,barras,peito,barbell reverse grip bench press,Supino reto com barra,variação/parente de um exercício do catálogo — confirmar,Barbell-Reverse-Grip-Bench-Press_Chest__converted.gif,exercises/barras/peito/Barbell-Reverse-Grip-Bench-Press_Chest__converted.gif,45d0ad540e8c3eed02136ac7dc6e465b47789bded1dadb9736936ea3ff8168a6
UNMATCHED,barras,peito,barbell rollout,,sem exercício correspondente no catálogo,Barbell-Rollout_Hips-FIX__converted.gif,exercises/barras/peito/Barbell-Rollout_Hips-FIX__converted.gif,670f3117f77a0a2b56d4044bdebc158bb1c11a3a875d7f8c1828dadc6d4fcc30
REVIEW,barras,peito,barbell weighted chains bench press,Supino reto com barra,variação/parente de um exercício do catálogo — confirmar,Barbell-Weighted-Chains-Bench-Press-(male)_Chest__converted.gif,exercises/barras/peito/Barbell-Weighted-Chains-Bench-Press-(male)_Chest__converted.gif,c75c20a8a92bd2b6ec14b02ec0490a7bbc8609407d25ed9ef042b3a2564b6688
REVIEW,barras,peito,barbell wide bench press,Supino reto com barra,variação/parente de um exercício do catálogo — confirmar,Barbell-Wide-Bench-Press-(female)_Chest__converted.gif,exercises/barras/peito/Barbell-Wide-Bench-Press-(female)_Chest__converted.gif,082c2001bb3577b6f4c4ece54932ffbca73a8e56ccf597a2b3d02bf308d51fc6
REVIEW,barras,peito,barbell wide bench press,Supino reto com barra,variação/parente de um exercício do catálogo — confirmar,Barbell-Wide-Bench-Press_Chest_converted.gif,exercises/barras/peito/Barbell-Wide-Bench-Press_Chest_converted.gif,b6abca936d26914febad12d05117f4b36fe1f0950d3a97401724d25e00f70281
UNMATCHED,barras,peito,chest bench press butt wrong right,,sem exercício correspondente no catálogo,Chest-Bench-Press---Butt-(WRONG-RIGHT)-(female)__converted.gif,exercises/barras/peito/Chest-Bench-Press---Butt-(WRONG-RIGHT)-(female)__converted.gif,00d14f4dc2dfae67e960ab9969d64dd17716911c841cde6289784a96fdda4f6c
UNMATCHED,barras,peito,chest bench press forearms wrong right,,sem exercício correspondente no catálogo,Chest-Bench-Press---Forearms-(WRONG-RIGHT)-(female)__converted.gif,exercises/barras/peito/Chest-Bench-Press---Forearms-(WRONG-RIGHT)-(female)__converted.gif,cac5d8ca9c58c4ff9e0ff9b3d73ba381afbf61d8c556e66c55c84e4bc772c3aa
UNMATCHED,barras,peito,chest bench press grip width wrong right,,sem exercício correspondente no catálogo,Chest-Bench-Press---Grip-Width-(WRONG-RIGHT)-(female)__converted.gif,exercises/barras/peito/Chest-Bench-Press---Grip-Width-(WRONG-RIGHT)-(female)__converted.gif,9d3d3c50af5270af97d627dd1670d1cca81c67fbcd8c9d08945078256ddedb2e
UNMATCHED,barras,peito,ez bar close grip bench press,,sem exercício correspondente no catálogo,EZ-bar-Close-Grip-Bench-Press-(female)_Upper-Arms_converted.gif,exercises/barras/peito/EZ-bar-Close-Grip-Bench-Press-(female)_Upper-Arms_converted.gif,9d8ac1dcce86720e54e41064a57f64d12476f64400341f215a5ba35d78dfab4a
UNMATCHED,barras,peito,ez bar knelling rollout,,sem exercício correspondente no catálogo,EZ-Bar-Knelling-Rollout_Waist__converted.gif,exercises/barras/peito/EZ-Bar-Knelling-Rollout_Waist__converted.gif,ff9dc8d70aa744601b89937a81cb5f00952baeaba06c5970ba168aea6b8b4f6f
UNMATCHED,barras,peito,ez bar lying bent arms pullover,,sem exercício correspondente no catálogo,EZ-Bar-Lying-Bent-Arms-Pullover-(female)_Back__converted.gif,exercises/barras/peito/EZ-Bar-Lying-Bent-Arms-Pullover-(female)_Back__converted.gif,15ece1f9e728a395e43c84e5d9e7e54289da070882da305dc4ae0867dba0e42b
UNMATCHED,barras,peito,ez bar lying bent arms pullover,,sem exercício correspondente no catálogo,EZ-Bar-Lying-Bent-Arms-Pullover_Back_converted.gif,exercises/barras/peito/EZ-Bar-Lying-Bent-Arms-Pullover_Back_converted.gif,e3e7b8eca41e3faa03ccd8b56a3a8fb428b5ceb5b2c779355c17584ea0fae21a
REVIEW,barras,peito,ez barbell bench press,Supino reto com barra,variação/parente de um exercício do catálogo — confirmar,EZ-Barbell-Bench-Press_Chest__converted.gif,exercises/barras/peito/EZ-Barbell-Bench-Press_Chest__converted.gif,f67557b2a04917054808eb786cc4c614938fe56c8ac9aa1e3db59ca3d41f2f93
UNMATCHED,barras,peito,old school reverse extensions,,sem exercício correspondente no catálogo,Old-School-Reverse-Extensions-(female)_Upper-Arms__converted.gif,exercises/barras/peito/Old-School-Reverse-Extensions-(female)_Upper-Arms__converted.gif,d677801dce20458281001b9197115d7c17d4512dfd8d7a1db860054b6bf80c18
UNMATCHED,barras,peito,old school reverse extensions,,sem exercício correspondente no catálogo,Old-School-Reverse-Extensions_Upeer-Arms__converted.gif,exercises/barras/peito/Old-School-Reverse-Extensions_Upeer-Arms__converted.gif,92cf7869e7ab55e5bf9075e3be0f0ab5fea4244296f9cd801cdd128eca2da9d1
UNMATCHED,barras,peito,smith bench press,,sem exercício correspondente no catálogo,Smith-Bench-Press-(female)_Chest__converted.gif,exercises/barras/peito/Smith-Bench-Press-(female)_Chest__converted.gif,a1e557c7fe9453e84bfbfc6f85b7ed20f3d6f7fba43d82c7e851b33d414bb230
UNMATCHED,barras,peito,smith close grip bench press,,sem exercício correspondente no catálogo,Smith-Close-Grip-Bench-Press-(female)_Upper-Arms__converted.gif,exercises/barras/peito/Smith-Close-Grip-Bench-Press-(female)_Upper-Arms__converted.gif,d1143774fd3f400c17295f8fb4b0f6d5764d8fb98a99d93e86639672937de180
UNMATCHED,barras,peito,smith decline bench press,,sem exercício correspondente no catálogo,Smith-Decline-Bench-Press-(female)_Chest__converted.gif,exercises/barras/peito/Smith-Decline-Bench-Press-(female)_Chest__converted.gif,9e954fd5c744758e7db6449e7e42ea140e86ee50ecb8867f12781bbda18d83cc
UNMATCHED,barras,peito,smith incline bench press,,sem exercício correspondente no catálogo,Smith-Incline-Bench-Press-(female)_Chest__converted.gif,exercises/barras/peito/Smith-Incline-Bench-Press-(female)_Chest__converted.gif,886e71e4e533ab7d94af3b60ea851c5a6224e3fc34b0d28477425f2b21331508
REVIEW,barras,peito,smith seated shoulder press,Desenvolvimento militar,variação/parente de um exercício do catálogo — confirmar,Smith-Seated-Shoulder-Press-(female)_Shoulders_converted.gif,exercises/barras/peito/Smith-Seated-Shoulder-Press-(female)_Shoulders_converted.gif,6abf6dbdf5159421e226a34941f8cd55e01eed960f1336e9602ee667ec65b112
UNMATCHED,barras,perna,axle deadlift,,sem exercício correspondente no catálogo,Axle-Deadlift-(male)_Hips__converted.gif,exercises/barras/perna/Axle-Deadlift-(male)_Hips__converted.gif,6a2e29298c233c6bed6b17143f2f20ddee52feb49a1efb3f442eddda33367a06
REVIEW,barras,perna,barbell banded bench squat,Agachamento livre,variação/parente de um exercício do catálogo — confirmar,Barbell-Banded-Bench-Squat_Thighs__converted.gif,exercises/barras/perna/Barbell-Banded-Bench-Squat_Thighs__converted.gif,ad8c5f58ccdd96ea20065b07d70b5a8dea6cb3a2dfb31ba4e7ddc2c1532b8738
UNMATCHED,barras,perna,barbell behind the back push press,,sem exercício correspondente no catálogo,Barbell-Behind-the-Back-Push-Press_Weightlifting__converted.gif,exercises/barras/perna/Barbell-Behind-the-Back-Push-Press_Weightlifting__converted.gif,fcc609dafe66d62c4655b6dca400265e409c0114eaf51af5ac6d6a34eeefdf6f
UNMATCHED,barras,perna,barbell bench lateral step up,,sem exercício correspondente no catálogo,Barbell-Bench-Lateral-Step-up-(male)_Thighs__converted.gif,exercises/barras/perna/Barbell-Bench-Lateral-Step-up-(male)_Thighs__converted.gif,99877769f7d1fc1b889af8164b0ade6d0c66e6dfc5e4f823a3323d2ab2d24d0d
REVIEW,barras,perna,barbell bench squat,Agachamento livre,variação/parente de um exercício do catálogo — confirmar,Barbell-Bench-Squat-(female)_Thighs_converted.gif,exercises/barras/perna/Barbell-Bench-Squat-(female)_Thighs_converted.gif,038e94f7c22aa9e039a925fddaac5c24675ce8291d105aef7726a759ba3636e2
REVIEW,barras,perna,barbell bench squat,Agachamento livre,variação/parente de um exercício do catálogo — confirmar,Barbell-Bench-Squat_Hips__converted.gif,exercises/barras/perna/Barbell-Bench-Squat_Hips__converted.gif,58247c3ff31c202f6fc9e2a7ae9dc781deb2624e965078aaeb8ad2a354dcaea5
REVIEW,barras,perna,barbell box squat,Agachamento livre,variação/parente de um exercício do catálogo — confirmar,Barbell-Box-Squat_Hips__converted.gif,exercises/barras/perna/Barbell-Box-Squat_Hips__converted.gif,326e9fd59f8237e8462ca8a5b316cf1ba458d5dafe2f13135c93e191e6f14216
UNMATCHED,barras,perna,barbell clean and jerk,,sem exercício correspondente no catálogo,Barbell-Clean-and-Jerk_Weightlifting__converted.gif,exercises/barras/perna/Barbell-Clean-and-Jerk_Weightlifting__converted.gif,938153ff4813f10fb0d4321f9f8cd65badd83c71461fe54d8cfa2509cb02cbbc
UNMATCHED,barras,perna,barbell clean and press,,sem exercício correspondente no catálogo,Barbell-Clean-and-Press-(female)_Shoulders__converted.gif,exercises/barras/perna/Barbell-Clean-and-Press-(female)_Shoulders__converted.gif,56f305433db7393c8e47f24a0c033009fac858555c97a2fbb1e33767df82e41e
UNMATCHED,barras,perna,barbell clean and press,,sem exercício correspondente no catálogo,Barbell-Clean-and-Press_Shoulders-FIX__converted.gif,exercises/barras/perna/Barbell-Clean-and-Press_Shoulders-FIX__converted.gif,4f3ce52b24ca20d0126aa584d2ac996c2c62e5eb617bf8780fce3d8bc5844d11
REVIEW,barras,perna,barbell clean deadlift,Levantamento terra,variação/parente de um exercício do catálogo — confirmar,Barbell-Clean-Deadlift_Thighs__converted.gif,exercises/barras/perna/Barbell-Clean-Deadlift_Thighs__converted.gif,e981d158d60f4ef6f4b4b1318436665e7af18442b3e9b8b93b76e6a7c6c8fb49
REVIEW,barras,perna,barbell clean grip front squat,Agachamento livre,variação/parente de um exercício do catálogo — confirmar,Barbell-Clean-grip-Front-Squat-(female)_Thighs__converted.gif,exercises/barras/perna/Barbell-Clean-grip-Front-Squat-(female)_Thighs__converted.gif,0a98e083b02240c01749ecc7313f5e3614f4c8ed61d52cfa9381169a8d9a5acb
REVIEW,barras,perna,barbell clean grip front squat,Agachamento livre,variação/parente de um exercício do catálogo — confirmar,Barbell-Clean-grip-Front-Squat_Thighs-FIX__converted.gif,exercises/barras/perna/Barbell-Clean-grip-Front-Squat_Thighs-FIX__converted.gif,e9474756b1d1e559a8453fdd8193105faf1a0d77d90a1489782ca7136b72ccac
UNMATCHED,barras,perna,barbell clean high pull,,sem exercício correspondente no catálogo,Barbell-Clean-High-Pull_Weightlifts__converted.gif,exercises/barras/perna/Barbell-Clean-High-Pull_Weightlifts__converted.gif,6f72a0d6422003e0376c4202bfc5adfe3985de415256acc7a0555be8aa83a249
UNMATCHED,barras,perna,barbell clean pull,,sem exercício correspondente no catálogo,Barbell-Clean-Pull_Weightlifts__converted.gif,exercises/barras/perna/Barbell-Clean-Pull_Weightlifts__converted.gif,037b0775fe169c894ac2bf891cbb34ed8fd1a9f2513ed3ef630d5a6633d7fafb
REVIEW,barras,perna,barbell cossack squat,Agachamento livre,variação/parente de um exercício do catálogo — confirmar,Barbell-Cossack-Squat-(male)_Hips__converted.gif,exercises/barras/perna/Barbell-Cossack-Squat-(male)_Hips__converted.gif,e6023e05738c669ff5feffb340be9c6389095a040a4b78a8e45d89a8e72328e1
REVIEW,barras,perna,barbell curtsey lunge,Afundo (passada),variação/parente de um exercício do catálogo — confirmar,Barbell-Curtsey-Lunge-(female)_Thighs__converted.gif,exercises/barras/perna/Barbell-Curtsey-Lunge-(female)_Thighs__converted.gif,ac259f1709ac97a159cc15090f2c3dfb096b6c67bf6a3769ce690b033aaf6ad8
REVIEW,barras,perna,barbell curtsey lunge,Afundo (passada),variação/parente de um exercício do catálogo — confirmar,Barbell-Curtsey-Lunge_Thighs__converted.gif,exercises/barras/perna/Barbell-Curtsey-Lunge_Thighs__converted.gif,34dba5bf6da6e24a69bd51cf3fc0386397ac014a7b15a40525a39de61fd7e3f9
REVIEW,barras,perna,barbell deadlift 360 degrees,Levantamento terra,variação/parente de um exercício do catálogo — confirmar,Barbell-Deadlift-(360-degrees)_Hips_converted.gif,exercises/barras/perna/Barbell-Deadlift-(360-degrees)_Hips_converted.gif,96437a7fae2ffac0a97fd3e9941676f936528c373868d3db5aea8a1cc919cf6f
REVIEW,barras,perna,barbell deadlift from blocks,Levantamento terra,variação/parente de um exercício do catálogo — confirmar,Barbell-Deadlift-from-Blocks_Hips__converted.gif,exercises/barras/perna/Barbell-Deadlift-from-Blocks_Hips__converted.gif,393cfa906ee438f35e93701f29441e71b56850520e9316b1ffa2b9b3c5b45c2c
REVIEW,barras,perna,barbell deadlift from deficit,Levantamento terra,variação/parente de um exercício do catálogo — confirmar,Barbell-Deadlift-from-Deficit_Hips__converted.gif,exercises/barras/perna/Barbell-Deadlift-from-Deficit_Hips__converted.gif,eec91e61c01aebd382134b22df5fe765b53b9510f5c233e4805ee1fccea09ba9
REVIEW,barras,perna,barbell dimel deadlift,Levantamento terra,variação/parente de um exercício do catálogo — confirmar,Barbell-Dimel-Deadlift-(male)_Hips__converted.gif,exercises/barras/perna/Barbell-Dimel-Deadlift-(male)_Hips__converted.gif,b54951ad6d0e8ac0c6d25dbe01ebf7e0bd109d6a3259892d29aca2773a114bc7
REVIEW,barras,perna,barbell elevated heel clean grip squat,Agachamento livre,variação/parente de um exercício do catálogo — confirmar,Barbell-Elevated-Heel-Clean-Grip-Squat_Thighs__converted.gif,exercises/barras/perna/Barbell-Elevated-Heel-Clean-Grip-Squat_Thighs__converted.gif,fe802ad4fd698b5775c50fec1f0850e627c0a72459afa4b230cfcd4643a66c96
REVIEW,barras,perna,barbell elevated heel squat,Agachamento livre,variação/parente de um exercício do catálogo — confirmar,Barbell-Elevated-Heel-Squat_Thighs__converted.gif,exercises/barras/perna/Barbell-Elevated-Heel-Squat_Thighs__converted.gif,c8617272cc17da2beec0b9a1863167700c48cf1bcce762bd3e850a7241c9d584
REVIEW,barras,perna,barbell forward backward lunge,Afundo (passada),variação/parente de um exercício do catálogo — confirmar,Barbell-Forward-Backward-Lunge-(male)_Thighs__converted.gif,exercises/barras/perna/Barbell-Forward-Backward-Lunge-(male)_Thighs__converted.gif,b98adfd7dcd9281d8a5b87f43ed7afe8b8119ceaf924e61dbb26d0f5e35d5830
REVIEW,barras,perna,barbell forward backward lunge,Afundo (passada),variação/parente de um exercício do catálogo — confirmar,Barbell-Forward-Backward-Lunge-(VERSION-2)-(male)__converted.gif,exercises/barras/perna/Barbell-Forward-Backward-Lunge-(VERSION-2)-(male)__converted.gif,8f1319dfe8e864b0dcaaf34e988404cc9f484e92605af2f01d1511b0e918e012
REVIEW,barras,perna,barbell front bench squat,Agachamento livre,variação/parente de um exercício do catálogo — confirmar,Barbell-Front-Bench-Squat_Thighs__converted.gif,exercises/barras/perna/Barbell-Front-Bench-Squat_Thighs__converted.gif,3d33ea7097ff8467f621a92f91eadaaae8fe28a5392e47af67eb06ee1093906c
REVIEW,barras,perna,barbell front chest squat,Agachamento livre,variação/parente de um exercício do catálogo — confirmar,Barbell-Front-Chest-Squat_Thighs_converted.gif,exercises/barras/perna/Barbell-Front-Chest-Squat_Thighs_converted.gif,64f63cd3335c85a3716cdab3d65a97c30abf25b68b10ce3d42407fd5123572af
REVIEW,barras,perna,barbell front rack lunge,Afundo (passada),variação/parente de um exercício do catálogo — confirmar,Barbell-Front-Rack-Lunge-(female)_Thighs__converted.gif,exercises/barras/perna/Barbell-Front-Rack-Lunge-(female)_Thighs__converted.gif,f71ff1ccb1ef57e457f0cd9bb0dc3d2a731d42c0e205bd2ddf7fed30102513b1
REVIEW,barras,perna,barbell front rack lunge,Afundo (passada),variação/parente de um exercício do catálogo — confirmar,Barbell-Front-Rack-Lunge_Thighs_converted.gif,exercises/barras/perna/Barbell-Front-Rack-Lunge_Thighs_converted.gif,ef0b847abd09ac9a4101762cc4cde61475f10927d51812fe921dd050d82bdb59
REVIEW,barras,perna,barbell front rack split squat,Agachamento livre,variação/parente de um exercício do catálogo — confirmar,Barbell-Front-Rack-Split Squat-(female)_Thighs__converted.gif,exercises/barras/perna/Barbell-Front-Rack-Split Squat-(female)_Thighs__converted.gif,2cdf79389cb77a2cfe9b71e294125b7cba84f335d4d8ac40d49c324ca1e6feb5
REVIEW,barras,perna,barbell front squat,Agachamento livre,variação/parente de um exercício do catálogo — confirmar,Barbell-Front-Squat-(female)_Thighs_converted.gif,exercises/barras/perna/Barbell-Front-Squat-(female)_Thighs_converted.gif,d223382ff31ab6596966e8d58d984389522fd8d7738bb389d625deb871ad056d
REVIEW,barras,perna,barbell front squat,Agachamento livre,variação/parente de um exercício do catálogo — confirmar,Barbell-Front-Squat_Hips-FIX__converted.gif,exercises/barras/perna/Barbell-Front-Squat_Hips-FIX__converted.gif,cb5d49816544f119ccafe18e45c4e70e9f3982f2bf0d8403a097999196c47161
UNMATCHED,barras,perna,barbell full clean,,sem exercício correspondente no catálogo,Barbell-Full-Clean_Weightlifting-FIX__converted.gif,exercises/barras/perna/Barbell-Full-Clean_Weightlifting-FIX__converted.gif,d899e4361eb54a90ddee1de035843faef361520601aaffe450a337893bcc3a3b
UNMATCHED,barras,perna,barbell full clean,,sem exercício correspondente no catálogo,Barbell-Full-Clean_Weightlifting__converted.gif,exercises/barras/perna/Barbell-Full-Clean_Weightlifting__converted.gif,d3467ade1c2eeba9b98b1f91cb7e3366b16a729b2f3f4054570a109ec69132c6
REVIEW,barras,perna,barbell full squat with rack,Agachamento livre,variação/parente de um exercício do catálogo — confirmar,Barbell-Full-squat-(with-rack)_Thighs_converted.gif,exercises/barras/perna/Barbell-Full-squat-(with-rack)_Thighs_converted.gif,a2994efd9b54f1f7b5821bf01b966cee786d426ea9a146250c6c5db732ae8d33
REVIEW,barras,perna,barbell full zercher squat,Agachamento livre,variação/parente de um exercício do catálogo — confirmar,Barbell-full-Zercher-Squat-(female)_Thighs__converted.gif,exercises/barras/perna/Barbell-full-Zercher-Squat-(female)_Thighs__converted.gif,3bc6e575d0ef5c6fca5643bf2b3d24876c3bbe53d8a2756a46e5cc0cb07cf1c1
REVIEW,barras,perna,barbell full zercher squat,Agachamento livre,variação/parente de um exercício do catálogo — confirmar,Barbell-full-Zercher-Squat_Thighs_converted.gif,exercises/barras/perna/Barbell-full-Zercher-Squat_Thighs_converted.gif,1821a9759c71ae6e0a8710dadccac66f2534f07ae5223011828a3a0b631f8771
UNMATCHED,barras,perna,barbell glute bridge hands on bar,,sem exercício correspondente no catálogo,Barbell-Glute-Bridge-(hands-on-bar)-(female)_Hips_converted.gif,exercises/barras/perna/Barbell-Glute-Bridge-(hands-on-bar)-(female)_Hips_converted.gif,4918bb981111aae17fd559983fa68d17965282f0f337bb674cb99efa5d41373b
UNMATCHED,barras,perna,barbell glute bridge hands on bar,,sem exercício correspondente no catálogo,Barbell-Glute-Bridge-(hands-on-bar)_Hips__converted.gif,exercises/barras/perna/Barbell-Glute-Bridge-(hands-on-bar)_Hips__converted.gif,682a820b0a4e48607ceb4652aa4358eb8da970548d18d38faf906e9536e24f12
UNMATCHED,barras,perna,barbell good morning,,sem exercício correspondente no catálogo,Barbell-Good-Morning-(female)_Thighs__converted.gif,exercises/barras/perna/Barbell-Good-Morning-(female)_Thighs__converted.gif,01e1f0fe3d8a27dd616a9f464b252f2da3f6d701f6252c35b7d4206dec2b780f
UNMATCHED,barras,perna,barbell good morning,,sem exercício correspondente no catálogo,Barbell-Good-Morning_Thighs-FIX__converted.gif,exercises/barras/perna/Barbell-Good-Morning_Thighs-FIX__converted.gif,1b0c77a72c13c6d88a8c29c964468d0c566ea2bfa8f4d77382f9d16922166e14
REVIEW,barras,perna,barbell hack squat,Agachamento livre,variação/parente de um exercício do catálogo — confirmar,Barbell-Hack-Squat_Hips-FIX__converted.gif,exercises/barras/perna/Barbell-Hack-Squat_Hips-FIX__converted.gif,d592687e7ff6e89603f2b32de211497ca70aa9262b5b598b2f099d26e33b14e1
UNMATCHED,barras,perna,barbell hang clean below the knees,,sem exercício correspondente no catálogo,Barbell-Hang-Clean-Below-the-Knees_Weightlifts__converted.gif,exercises/barras/perna/Barbell-Hang-Clean-Below-the-Knees_Weightlifts__converted.gif,f44df27f5ec2c9448afe1313e7e65172e2e4fae382155b31f95187a07d8bbc55
UNMATCHED,barras,perna,barbell hang clean,,sem exercício correspondente no catálogo,Barbell-Hang-Clean_Weightlifts-FIX__converted.gif,exercises/barras/perna/Barbell-Hang-Clean_Weightlifts-FIX__converted.gif,1bd404a8482639feff6fbd43f74ffb9dd985a5e0e6f10979b10521ffc19a8360
UNMATCHED,barras,perna,barbell hang snatch below the knees,,sem exercício correspondente no catálogo,Barbell-Hang-Snatch-Below-the-Knees_Weightlifts__converted.gif,exercises/barras/perna/Barbell-Hang-Snatch-Below-the-Knees_Weightlifts__converted.gif,0db35b51a19209155c3aa68a7ed3525e4fb6a975ffac3239958e05ca35af9dd8
UNMATCHED,barras,perna,barbell hang snatch copy,,sem exercício correspondente no catálogo,Barbell-Hang-Snatch_Weightlifts-FIX_ copy_converted.gif,exercises/barras/perna/Barbell-Hang-Snatch_Weightlifts-FIX_ copy_converted.gif,2cdf9695457e79def017f12c45fa9bb9757f6d574cb2941e3d326727fb815da5
UNMATCHED,barras,perna,barbell hang snatch,,sem exercício correspondente no catálogo,Barbell-Hang-Snatch_Weightlifts-FIX__converted.gif,exercises/barras/perna/Barbell-Hang-Snatch_Weightlifts-FIX__converted.gif,71713141eff850e77d7f6b2138c8e844c30f41d2287b1da83d2f301810e0fb56
REVIEW,barras,perna,barbell high bar squat,Agachamento livre,variação/parente de um exercício do catálogo — confirmar,Barbell-High-Bar-Squat_Thighs__converted.gif,exercises/barras/perna/Barbell-High-Bar-Squat_Thighs__converted.gif,722a2246f2e5c6605e818a465f3dd9a2f216237b0bf23509a1888f6141741985
REVIEW,barras,perna,barbell hook grip deadlift,Levantamento terra,variação/parente de um exercício do catálogo — confirmar,Barbell-Hook-grip-Deadlift-(male)_Hips__converted.gif,exercises/barras/perna/Barbell-Hook-grip-Deadlift-(male)_Hips__converted.gif,bc5c9f95da2f22c6b13fe91aa66afd4f1883c66ab662a4ef29a43d85c8715910
UNMATCHED,barras,perna,barbell hyperextension,,sem exercício correspondente no catálogo,Barbell-Hyperextension-(male)_Hips__converted.gif,exercises/barras/perna/Barbell-Hyperextension-(male)_Hips__converted.gif,6a65ceac8615cd4c5874bb8272cad3ee32d8ddea27e22922280a72e4ed74674a
REVIEW,barras,perna,barbell jefferson squat,Agachamento livre,variação/parente de um exercício do catálogo — confirmar,Barbell-Jefferson-Squat_Thighs-FIX__converted.gif,exercises/barras/perna/Barbell-Jefferson-Squat_Thighs-FIX__converted.gif,8aa29b4dc79da978512d736cfd6f000eff960ecf16e588fba66fbab3b7b60409
REVIEW,barras,perna,barbell jump squat,Agachamento livre,variação/parente de um exercício do catálogo — confirmar,Barbell-Jump-Squat_Thighs__converted.gif,exercises/barras/perna/Barbell-Jump-Squat_Thighs__converted.gif,8edfd11b90dc76239adf0203992ce28737467ea4d0f7580ca88f7763bcbbe12f
UNMATCHED,barras,perna,barbell kas glute bridge,,sem exercício correspondente no catálogo,Barbell-KAS-Glute-Bridge-(female)_Hips__converted.gif,exercises/barras/perna/Barbell-KAS-Glute-Bridge-(female)_Hips__converted.gif,c9050c0d694ab7fd1c96d211dd09230100d00514dfae75ac1dbdf10614437bab
REVIEW,barras,perna,barbell lateral lunge,Afundo (passada),variação/parente de um exercício do catálogo — confirmar,Barbell-Lateral-Lunge-(female)_Thighs__converted.gif,exercises/barras/perna/Barbell-Lateral-Lunge-(female)_Thighs__converted.gif,da15aa30601f314cf9dfc6f8abe0860bc9e6fff8870ace05444f11296ac12cac
REVIEW,barras,perna,barbell lateral lunge,Afundo (passada),variação/parente de um exercício do catálogo — confirmar,Barbell-Lateral-Lunge_Hips_converted.gif,exercises/barras/perna/Barbell-Lateral-Lunge_Hips_converted.gif,4e02bdd8abfd7b4ed1675119a09e10aa3912ab73e92098db5ab585a73feca5b8
REVIEW,barras,perna,barbell low bar squat,Agachamento livre,variação/parente de um exercício do catálogo — confirmar,Barbell-Low-Bar-Squat-(female)_Thighs__converted.gif,exercises/barras/perna/Barbell-Low-Bar-Squat-(female)_Thighs__converted.gif,9cf6a47bf663e474ecc1f23530028e1181a098710a6e09a31e34310b47890abe
REVIEW,barras,perna,barbell low bar squat with rack,Agachamento livre,variação/parente de um exercício do catálogo — confirmar,Barbell-Low-Bar-Squat-with-Rack_Thighs__converted.gif,exercises/barras/perna/Barbell-Low-Bar-Squat-with-Rack_Thighs__converted.gif,c326c85c4ac4ef586ceaa9c10b71e7b685338a6d10ca74402d950d8d8936d840
REVIEW,barras,perna,barbell low bar squat,Agachamento livre,variação/parente de um exercício do catálogo — confirmar,Barbell-Low-Bar-Squat_Thighs-FIX__converted.gif,exercises/barras/perna/Barbell-Low-Bar-Squat_Thighs-FIX__converted.gif,ff04be0ff29ece6973553d3e7d6a2e7575eaa31b6b45bdf8c3af2e5d6bce49c7
REVIEW,barras,perna,barbell low split squat,Agachamento livre,variação/parente de um exercício do catálogo — confirmar,Barbell-Low-Split-Squat-(male)_Thighs__converted.gif,exercises/barras/perna/Barbell-Low-Split-Squat-(male)_Thighs__converted.gif,307efb4a291fc3ee6949733c5df71890ed7663de85041a22952c4387fff10a1a
REVIEW,barras,perna,barbell lunge,Afundo (passada),variação/parente de um exercício do catálogo — confirmar,Barbell-Lunge-(female)_Thighs_converted.gif,exercises/barras/perna/Barbell-Lunge-(female)_Thighs_converted.gif,6111e2cc24d949ff0ebcec5f09acf967ba2763cbd8f6c8711f9863a2be57e17f
REVIEW,barras,perna,barbell lunge twist,Afundo (passada),variação/parente de um exercício do catálogo — confirmar,Barbell-Lunge-Twist-(male)_Thighs__converted.gif,exercises/barras/perna/Barbell-Lunge-Twist-(male)_Thighs__converted.gif,756396951c1e78f73726e340976ea8dc57c781e4d094ae6afa0abd52b4f8b929
REVIEW,barras,perna,barbell lunge,Afundo (passada),variação/parente de um exercício do catálogo — confirmar,Barbell-Lunge_Thighs-FIX__converted.gif,exercises/barras/perna/Barbell-Lunge_Thighs-FIX__converted.gif,6cb00f6c3314cfcf4b15d7c358d1f623716a99e4abb4bc6b83ebb2b60973b9d9
REVIEW,barras,perna,barbell mixed grip deadlift,Levantamento terra,variação/parente de um exercício do catálogo — confirmar,Barbell-Mixed-grip-Deadlift-(male)_Hips__converted.gif,exercises/barras/perna/Barbell-Mixed-grip-Deadlift-(male)_Hips__converted.gif,f962c4cb84182cd340ae829f787b24942160a576442558627afff9c3e4203cb7
UNMATCHED,barras,perna,barbell muscle clean,,sem exercício correspondente no catálogo,Barbell-Muscle-Clean_Weightlifting__converted.gif,exercises/barras/perna/Barbell-Muscle-Clean_Weightlifting__converted.gif,24d3c849e89edf1e8956458cde33746a5e0662bc21a1d6656ad372652cc2b9ff
REVIEW,barras,perna,barbell narrow stance squat,Agachamento livre,variação/parente de um exercício do catálogo — confirmar,Barbell-Narrow-Stance-Squat-(female)_Thighs__converted.gif,exercises/barras/perna/Barbell-Narrow-Stance-Squat-(female)_Thighs__converted.gif,44a902ed57538e4cb08572e9ede29f2fcef5a74c0075165b63591b9bbf21631b
REVIEW,barras,perna,barbell narrow stance squat,Agachamento livre,variação/parente de um exercício do catálogo — confirmar,Barbell-Narrow-Stance-Squat-(male)_Thighs__converted.gif,exercises/barras/perna/Barbell-Narrow-Stance-Squat-(male)_Thighs__converted.gif,b125ec5eea9bd0b2dc7dc04526dc9193c316206b2a126aaaa396cf2749381476
REVIEW,barras,perna,barbell olympic squat,Agachamento livre,variação/parente de um exercício do catálogo — confirmar,Barbell-Olympic-Squat_Thighs__converted.gif,exercises/barras/perna/Barbell-Olympic-Squat_Thighs__converted.gif,2fdfebd87f2204c317651124349606b08acf1147698772a1a7b46448b5d54974
REVIEW,barras,perna,barbell one arm side deadlift,Levantamento terra,variação/parente de um exercício do catálogo — confirmar,Barbell-One-Arm-Side-Deadlift_Thighs-FIX__converted.gif,exercises/barras/perna/Barbell-One-Arm-Side-Deadlift_Thighs-FIX__converted.gif,cc084877b9aceff42b8ba7d2f1a66cf06285bd88a5f4ff26cd442f317e87e8e4
UNMATCHED,barras,perna,barbell one arm twisted clean and press,,sem exercício correspondente no catálogo,Barbell-One-Arm-Twisted-Clean-and-Press_Hips__converted.gif,exercises/barras/perna/Barbell-One-Arm-Twisted-Clean-and-Press_Hips__converted.gif,706f06efb33810f16797b313d27def2c4a4715b379fa958a4e8c3180b831b0db
REVIEW,barras,perna,barbell one leg hip thrust,Elevação pélvica (hip thrust),variação/parente de um exercício do catálogo — confirmar,Barbell-one-leg-hip-thrust_Hips_converted.gif,exercises/barras/perna/Barbell-one-leg-hip-thrust_Hips_converted.gif,8b021bfa66ba6967120011e13df7078b9beefbbea24b7daee2b2b2ec5db672be
REVIEW,barras,perna,barbell one leg squat,Agachamento livre,variação/parente de um exercício do catálogo — confirmar,Barbell-One-Leg-Squat_Thighs-FIX__converted.gif,exercises/barras/perna/Barbell-One-Leg-Squat_Thighs-FIX__converted.gif,657a8c79510b2f798670a224b8376008367e0ab4639ea62e563c611b2d2d271a
REVIEW,barras,perna,barbell overhead lunge,Afundo (passada),variação/parente de um exercício do catálogo — confirmar,Barbell-Overhead-Lunge_Thighs__converted.gif,exercises/barras/perna/Barbell-Overhead-Lunge_Thighs__converted.gif,cc53fc5a7b0eaef0952f9d46877c691d13a6ee647727936358321fd86337ff56
UNMATCHED,barras,perna,barbell overhead shrug,,sem exercício correspondente no catálogo,Barbell-Overhead-Shrug_Back__converted.gif,exercises/barras/perna/Barbell-Overhead-Shrug_Back__converted.gif,f90bcba3aee85f6714ba905923299acc245c88b8a95e2dfc67b6727da33f39f5
REVIEW,barras,perna,barbell pause deadlift,Levantamento terra,variação/parente de um exercício do catálogo — confirmar,Barbell-Pause-Deadlift_Hips__converted.gif,exercises/barras/perna/Barbell-Pause-Deadlift_Hips__converted.gif,49a3bf3b4cbfc0c9c5fc8572f20e6d62cafcb5054845ecf6fc9ab56ae0ef659c
REVIEW,barras,perna,barbell pause front squat,Agachamento livre,variação/parente de um exercício do catálogo — confirmar,Barbell-Pause-Front-Squat_Hips__converted.gif,exercises/barras/perna/Barbell-Pause-Front-Squat_Hips__converted.gif,4b3654c62a8c3086257450d6d2a815ee32cd40727b95dcd01a565483defd4b31
REVIEW,barras,perna,barbell pause full squat,Agachamento livre,variação/parente de um exercício do catálogo — confirmar,Barbell-Pause-Full-Squat_Thighs__converted.gif,exercises/barras/perna/Barbell-Pause-Full-Squat_Thighs__converted.gif,8a8b721005cc9059c2e61e4f2230cec04a22a6e2ef61bc516fe51eedba89a757
REVIEW,barras,perna,barbell pause lunge,Afundo (passada),variação/parente de um exercício do catálogo — confirmar,Barbell-Pause-Lunge_Thighs__converted.gif,exercises/barras/perna/Barbell-Pause-Lunge_Thighs__converted.gif,c44ed4bbf223d8b01aca0d60b93ed65c0a6765a9611791310f257e4429904235
REVIEW,barras,perna,barbell paused bent over row,Remada curvada com barra,variação/parente de um exercício do catálogo — confirmar,Barbell-Paused-Bent-Over-Row_Back__converted.gif,exercises/barras/perna/Barbell-Paused-Bent-Over-Row_Back__converted.gif,a951a4d30c310b5998dbdd3f9ad9b30d14937a955d5b282904a8f07094780cca
REVIEW,barras,perna,barbell paused sumo deadlift,Levantamento terra,variação/parente de um exercício do catálogo — confirmar,Barbell-Paused-Sumo-Deadlift_Hips__converted.gif,exercises/barras/perna/Barbell-Paused-Sumo-Deadlift_Hips__converted.gif,e82d29956a5e02072dbed1fcb815e313b3954bebf7c607a9893360e800915849
REVIEW,barras,perna,barbell pin front squat,Agachamento livre,variação/parente de um exercício do catálogo — confirmar,Barbell-Pin-Front-Squat_Thighs__converted.gif,exercises/barras/perna/Barbell-Pin-Front-Squat_Thighs__converted.gif,f26021509878dab6eceb0b73c82f389a197ef0757c4059bcd5cd88acf33a69fa
UNMATCHED,barras,perna,barbell pin good morning,,sem exercício correspondente no catálogo,Barbell-Pin-Good-Morning_Thighs__converted.gif,exercises/barras/perna/Barbell-Pin-Good-Morning_Thighs__converted.gif,79bc8c189b4b591ae010ac7f2b0137ab1da127877ad55b6627f0fe464de65efd
UNMATCHED,barras,perna,barbell power clean,,sem exercício correspondente no catálogo,Barbell-Power-Clean-(female)_Weightlifting__converted.gif,exercises/barras/perna/Barbell-Power-Clean-(female)_Weightlifting__converted.gif,785bb0aceabf129826fbc9f8b9110498fb922fe7d983d97e8a3de46d93338472
UNMATCHED,barras,perna,barbell power clean from blocks,,sem exercício correspondente no catálogo,Barbell-Power-Clean-from-Blocks_Weightlifts__converted.gif,exercises/barras/perna/Barbell-Power-Clean-from-Blocks_Weightlifts__converted.gif,dd0917824f1e724cdcc3eae1e89424d4b7185dd050647f12abdb45c35c87603b
UNMATCHED,barras,perna,barbell power jerk,,sem exercício correspondente no catálogo,Barbell-Power-Jerk_Weightlifts__converted.gif,exercises/barras/perna/Barbell-Power-Jerk_Weightlifts__converted.gif,6361e09bdd0db3e50b5272f6be202a1b94fab56d331b6d56ed2675603e2dd75b
UNMATCHED,barras,perna,barbell power snatch from blocks,,sem exercício correspondente no catálogo,Barbell-Power-Snatch-From-Blocks_Weightlifts__converted.gif,exercises/barras/perna/Barbell-Power-Snatch-From-Blocks_Weightlifts__converted.gif,bbc06e788881957aa1784447afa0e13bdbb242e1e6f8f90742f9eb64b25952cd
UNMATCHED,barras,perna,barbell power snatch,,sem exercício correspondente no catálogo,Barbell-Power-Snatch_Weightlifts__converted.gif,exercises/barras/perna/Barbell-Power-Snatch_Weightlifts__converted.gif,ff341ea1e96790b57436ac217989949c3cf8e9014122477a3620ba5a05345b62
REVIEW,barras,perna,barbell quarter squat,Agachamento livre,variação/parente de um exercício do catálogo — confirmar,Barbell-Quarter-Squat_Thighs__converted.gif,exercises/barras/perna/Barbell-Quarter-Squat_Thighs__converted.gif,6a6f212efc10731f2c7d910f6c37a1527e7a61524745199cff751d437320feb0
UNMATCHED,barras,perna,barbell rack pull,,sem exercício correspondente no catálogo,Barbell-Rack-Pull-(female)_Hips__converted.gif,exercises/barras/perna/Barbell-Rack-Pull-(female)_Hips__converted.gif,06e1779665a96efddb7f828b931a71ecd776738432ce5ee69abfc6115643fe94
UNMATCHED,barras,perna,barbell rack pull,,sem exercício correspondente no catálogo,Barbell-Rack-Pull_Hips__converted.gif,exercises/barras/perna/Barbell-Rack-Pull_Hips__converted.gif,d4ff87d8d94eaed5402ce8c6a3ca26339ed145b406c74733afaa27fa4afc7196
REVIEW,barras,perna,barbell rear lunge,Afundo (passada),variação/parente de um exercício do catálogo — confirmar,Barbell-Rear-Lunge-(female)_Thighs__converted.gif,exercises/barras/perna/Barbell-Rear-Lunge-(female)_Thighs__converted.gif,0bb39860cf7141811ace6ae5f60cb8eb073432d9f018514749b4ee54356da072
REVIEW,barras,perna,barbell rear lunge,Afundo (passada),variação/parente de um exercício do catálogo — confirmar,Barbell-Rear-Lunge-(VERSION-2)_Thighs__converted.gif,exercises/barras/perna/Barbell-Rear-Lunge-(VERSION-2)_Thighs__converted.gif,77fd2673327699e46816d78fa5bcca28c65a596147be675fd7c15428515aed30
REVIEW,barras,perna,barbell rear lunge,Afundo (passada),variação/parente de um exercício do catálogo — confirmar,Barbell-Rear-Lunge_Thighs__converted.gif,exercises/barras/perna/Barbell-Rear-Lunge_Thighs__converted.gif,f2cd4761deacd238fbe9ef22bc26603b1ca25430aeff82d30340ebb2f14f4614
REVIEW,barras,perna,barbell reeves deadlift,Levantamento terra,variação/parente de um exercício do catálogo — confirmar,Barbell-Reeves-Deadlift-(male)_Hips__converted.gif,exercises/barras/perna/Barbell-Reeves-Deadlift-(male)_Hips__converted.gif,9f59942491ce44224c3642fd8faf198bd383404750d98c23c8992de7594232b1
REVIEW,barras,perna,barbell romanian deadlift,Levantamento terra,variação/parente de um exercício do catálogo — confirmar,Barbell-Romanian-Deadlift-(female)_Hips_converted.gif,exercises/barras/perna/Barbell-Romanian-Deadlift-(female)_Hips_converted.gif,00e83fd9acfc96d4cbd926f384233b029e5cf6d9a2453d1f15ca050338de28e5
REVIEW,barras,perna,barbell romanian deadlift to row,Levantamento terra,variação/parente de um exercício do catálogo — confirmar,Barbell-Romanian-Deadlift-to-Row-(male)_Hips__converted.gif,exercises/barras/perna/Barbell-Romanian-Deadlift-to-Row-(male)_Hips__converted.gif,f436a024f42ec41ab2c1a2b0b0f0b3ea0b179df4ee51fa8b29bd9f6dc9680340
REVIEW,barras,perna,barbell romanian deadlift,Levantamento terra,variação/parente de um exercício do catálogo — confirmar,Barbell-Romanian-Deadlift_Hips-FIX__converted.gif,exercises/barras/perna/Barbell-Romanian-Deadlift_Hips-FIX__converted.gif,5b2ec28d5bf7bc4414094ae4dec13c3c251dd692c5d23afcbf643f4b32e19f19
UNMATCHED,barras,perna,barbell seated calf raise,,sem exercício correspondente no catálogo,Barbell-Seated-Calf-Raise-(female)_Calves__converted.gif,exercises/barras/perna/Barbell-Seated-Calf-Raise-(female)_Calves__converted.gif,8efb57b3eff3e01d20218346c79a7094b93e9d579b2ac3da1870f70f40d014b8
UNMATCHED,barras,perna,barbell seated good morning,,sem exercício correspondente no catálogo,Barbell-Seated-Good-Morning-(female)_Hips__converted.gif,exercises/barras/perna/Barbell-Seated-Good-Morning-(female)_Hips__converted.gif,2beb51a44ae622b280561612fec3a8a07d405580672b5f95b619ab7ba2355360
UNMATCHED,barras,perna,barbell seated good morning,,sem exercício correspondente no catálogo,Barbell-Seated-Good-morning_Hips_converted.gif,exercises/barras/perna/Barbell-Seated-Good-morning_Hips_converted.gif,12f552b12966893864670113a0bbcd170fc76dba1a19e84ff35c5d0c5eed5a46
REVIEW,barras,perna,barbell side split squat,Agachamento livre,variação/parente de um exercício do catálogo — confirmar,Barbell-Side-Split-Squat-(version-2)_Thighs-FIX__converted.gif,exercises/barras/perna/Barbell-Side-Split-Squat-(version-2)_Thighs-FIX__converted.gif,a83756f5b7956aa431e1df5ad6ca83594264cc285620f61cbbe082d789b6999e
REVIEW,barras,perna,barbell single leg deadlift,Levantamento terra,variação/parente de um exercício do catálogo — confirmar,Barbell-Single-Leg-Deadlift_Hips__converted.gif,exercises/barras/perna/Barbell-Single-Leg-Deadlift_Hips__converted.gif,8a238a825684105fd370ec2553d4284bbc2cccee1bfa5f5b82f33c5cf6b86f38
UNMATCHED,barras,perna,barbell single leg good morning,,sem exercício correspondente no catálogo,Barbell-Single-Leg-Good-Morning_Thighs__converted.gif,exercises/barras/perna/Barbell-Single-Leg-Good-Morning_Thighs__converted.gif,a546ae114463436dcb0b4f8c05b761beb78cfb6ee55813fbe517048dce74382e
REVIEW,barras,perna,barbell single leg split squat,Agachamento livre,variação/parente de um exercício do catálogo — confirmar,Barbell-Single-Leg-Split-Squat-(female)_Thighs_converted.gif,exercises/barras/perna/Barbell-Single-Leg-Split-Squat-(female)_Thighs_converted.gif,d7f6c806d5ace1c579643ec17926b9c90d21fe152d2d43313a10f711b582024c
REVIEW,barras,perna,barbell single leg split squat,Agachamento livre,variação/parente de um exercício do catálogo — confirmar,Barbell-Single-Leg-Split-Squat_Hips__converted.gif,exercises/barras/perna/Barbell-Single-Leg-Split-Squat_Hips__converted.gif,71196da7671e177b40b52ab829bd1ca960eebf54bdfe1ec0ca6b0cafc9d51fd0
REVIEW,barras,perna,barbell single leg squat,Agachamento livre,variação/parente de um exercício do catálogo — confirmar,Barbell-Single-Leg-Squat_Thighs__converted.gif,exercises/barras/perna/Barbell-Single-Leg-Squat_Thighs__converted.gif,76ff58e67d8bca5bdbfd62bf399f31874947b880206c24ff2fed15df21d354cb
UNMATCHED,barras,perna,barbell snatch balance,,sem exercício correspondente no catálogo,Barbell-Snatch-Balance_Weightlifts__converted.gif,exercises/barras/perna/Barbell-Snatch-Balance_Weightlifts__converted.gif,221b5fb04145305c88ea2308210feb75ae8480577757878952eff811ca27ba95
REVIEW,barras,perna,barbell snatch deadlift,Levantamento terra,variação/parente de um exercício do catálogo — confirmar,Barbell-Snatch-Deadlift_Thighs__converted.gif,exercises/barras/perna/Barbell-Snatch-Deadlift_Thighs__converted.gif,e874a586f55dacbcc1bebd8d860e25704a87b8d1590f93389bb51417d50ea69e
UNMATCHED,barras,perna,barbell snatch from blocks,,sem exercício correspondente no catálogo,Barbell-Snatch-from-Blocks_Weightlifts__converted.gif,exercises/barras/perna/Barbell-Snatch-from-Blocks_Weightlifts__converted.gif,9f66e28f06ceaa256878567d983215f07bc28bea11b9ee66d147c28b865d2594
REVIEW,barras,perna,barbell snatch grip deadlift,Levantamento terra,variação/parente de um exercício do catálogo — confirmar,Barbell-Snatch-grip-Deadlift-(male)_Hips__converted.gif,exercises/barras/perna/Barbell-Snatch-grip-Deadlift-(male)_Hips__converted.gif,0f6ef23acb464df16c13fb64bded0af8a999da3f300ffd3f418a8d51dd54e7fb
UNMATCHED,barras,perna,barbell snatch,,sem exercício correspondente no catálogo,Barbell-Snatch_Weightlifts__converted.gif,exercises/barras/perna/Barbell-Snatch_Weightlifts__converted.gif,49eae4fe1bfc482223f2dcb1e90fbb66830706cc3b9bc72e55cac34cbdaaca6e
UNMATCHED,barras,perna,barbell split clean,,sem exercício correspondente no catálogo,Barbell-Split-Clean_Weightlifts__converted.gif,exercises/barras/perna/Barbell-Split-Clean_Weightlifts__converted.gif,3c7b984653ba170ab65add4e5c5944ec50dd6314f3b6cdcc2f6e1504bd7beca4
UNMATCHED,barras,perna,barbell split jerk,,sem exercício correspondente no catálogo,Barbell-Split-Jerk_Weightlifts__converted.gif,exercises/barras/perna/Barbell-Split-Jerk_Weightlifts__converted.gif,e428918ee4ea7a425f7d5aa98e06876ff0ad732c187c1493cc6f4d188814f28a
REVIEW,barras,perna,barbell split squat,Agachamento livre,variação/parente de um exercício do catálogo — confirmar,Barbell-Split-Squat-(female)_Thighs_converted.gif,exercises/barras/perna/Barbell-Split-Squat-(female)_Thighs_converted.gif,a9cf31a9c81c742c318605a99fd3264758e214cfcc9e6e451dce9c7bd95f1e46
REVIEW,barras,perna,barbell split squat,Agachamento livre,variação/parente de um exercício do catálogo — confirmar,Barbell-Split-Squat-(VERSION-2)_Hips__converted.gif,exercises/barras/perna/Barbell-Split-Squat-(VERSION-2)_Hips__converted.gif,ab0555d8d85aa3b1a2ad69b2e6a66a788b3721e51e820170f849121834d86c61
REVIEW,barras,perna,barbell split squat front foot elevated,Agachamento livre,variação/parente de um exercício do catálogo — confirmar,Barbell-Split-Squat-Front-Foot-Elevanted_Thighs__converted.gif,exercises/barras/perna/Barbell-Split-Squat-Front-Foot-Elevanted_Thighs__converted.gif,70f5e38d17a159fcad2acf23e6b73e2349308f522036d12f9a52b3465e815008
REVIEW,barras,perna,barbell split squat,Agachamento livre,variação/parente de um exercício do catálogo — confirmar,Barbell-Split-Squat_Thighs__converted.gif,exercises/barras/perna/Barbell-Split-Squat_Thighs__converted.gif,033f4641eccd8095846581c4bb5c24236bd3eff3edc983e7c78117a362e3585b
REVIEW,barras,perna,barbell squat on knees,Agachamento livre,variação/parente de um exercício do catálogo — confirmar,Barbell-Squat-(on-knees)_Thighs-FIX__converted.gif,exercises/barras/perna/Barbell-Squat-(on-knees)_Thighs-FIX__converted.gif,735a3a2be4f26b6c714cfa47927c1ff98120037b4da42dc5f5dfe40793042ca0
REVIEW,barras,perna,barbell squat hips wrong right,Agachamento livre,variação/parente de um exercício do catálogo — confirmar,Barbell-Squat---Hips-(WRONG-RIGHT)-(female)__converted.gif,exercises/barras/perna/Barbell-Squat---Hips-(WRONG-RIGHT)-(female)__converted.gif,e393f7fb42eb967a6278a1c3864387f4105768d2a54bd82a3190d7d322398d9d
REVIEW,barras,perna,barbell squat knees end position wrong right,Agachamento livre,variação/parente de um exercício do catálogo — confirmar,Barbell-Squat---Knees---End-position-(WRONG-RIGHT)-(female)__converted.gif,exercises/barras/perna/Barbell-Squat---Knees---End-position-(WRONG-RIGHT)-(female)__converted.gif,b8f8190d79cd252de27e2b4120a3d3b826120378ba4f86574cafd1c5dbed1cea
REVIEW,barras,perna,barbell squat knees middle position wrong right,Agachamento livre,variação/parente de um exercício do catálogo — confirmar,Barbell-Squat---Knees---Middle position-(WRONG-RIGHT)-(female)__converted.gif,exercises/barras/perna/Barbell-Squat---Knees---Middle position-(WRONG-RIGHT)-(female)__converted.gif,fdbafbe821171fe009ceec7c7f2bd29c2943188e93af1736eddf7ac17acf97ec
REVIEW,barras,perna,barbell squat 2 sec hold,Agachamento livre,variação/parente de um exercício do catálogo — confirmar,Barbell-Squat-2-sec-Hold_Thighs_converted.gif,exercises/barras/perna/Barbell-Squat-2-sec-Hold_Thighs_converted.gif,ba3049b409e6920e8a256bb6e6dfd7dc95e7aca59268343b3f37258cc8de1c33
REVIEW,barras,perna,barbell srtict curl,Rosca direta,variação/parente de um exercício do catálogo — confirmar,Barbell-Srtict-Curl_Upper-Arms__converted.gif,exercises/barras/perna/Barbell-Srtict-Curl_Upper-Arms__converted.gif,de41daeff8fe0073e5fdbdb27fc71a6aca5d71a39b5fd7b4e80250c557b7a117
REVIEW,barras,perna,barbell staggered stance deadlift,Levantamento terra,variação/parente de um exercício do catálogo — confirmar,Barbell-Staggered-Stance-Deadlift-(male)_Hips__converted.gif,exercises/barras/perna/Barbell-Staggered-Stance-Deadlift-(male)_Hips__converted.gif,2bf102091d303b6b00da1d9a926a09692da613851dc676f2a54854f7704d15ae
REVIEW,barras,perna,barbell staggered stance hip thrust,Elevação pélvica (hip thrust),variação/parente de um exercício do catálogo — confirmar,Barbell-Staggered-Stance-Hip-Thrust_Hips__converted.gif,exercises/barras/perna/Barbell-Staggered-Stance-Hip-Thrust_Hips__converted.gif,3e7fbeb1d31efe639109264c5e1e361e63a3382effe1beb7231cf513672c4f01
UNMATCHED,barras,perna,barbell step up,,sem exercício correspondente no catálogo,Barbell-Step-up-(female)_Hips__converted.gif,exercises/barras/perna/Barbell-Step-up-(female)_Hips__converted.gif,a9e3344ecab21794e245fa9a84f485458f5965dfe053c46606b30b74db4d8156
UNMATCHED,barras,perna,barbell step up,,sem exercício correspondente no catálogo,Barbell-Step-up_Hips-FIX__converted.gif,exercises/barras/perna/Barbell-Step-up_Hips-FIX__converted.gif,ad35d82f67303b5a5dd10f0975d24f4f4c5b32e9c18533feea4c866a8e04d671
REVIEW,barras,perna,barbell stiff legged deadlift,Levantamento terra,variação/parente de um exercício do catálogo — confirmar,Barbell-Stiff-Legged-Deadlift-(female)_Hips__converted.gif,exercises/barras/perna/Barbell-Stiff-Legged-Deadlift-(female)_Hips__converted.gif,334af0b0d1371be441343843e0a50ad7ec9ce6adff01d846b7d5426e015afc88
REVIEW,barras,perna,barbell stiff legged deadlift,Levantamento terra,variação/parente de um exercício do catálogo — confirmar,Barbell-Stiff-Legged-Deadlift_Hips-FIX__converted.gif,exercises/barras/perna/Barbell-Stiff-Legged-Deadlift_Hips-FIX__converted.gif,4d0e1d8ec5cf32ee2e76665aafa6cec247f58eed6482bb0822d3c9b00cdb76e5
REVIEW,barras,perna,barbell straight leg deadlift,Levantamento terra,variação/parente de um exercício do catálogo — confirmar,Barbell-Straight-Leg-Deadlift-(female)_Thighs_converted.gif,exercises/barras/perna/Barbell-Straight-Leg-Deadlift-(female)_Thighs_converted.gif,aad421247645cb325c712ab45318a83e08b1b9c513c9b590b729068402a86df8
REVIEW,barras,perna,barbell straight leg deadlift,Levantamento terra,variação/parente de um exercício do catálogo — confirmar,Barbell-Straight-Leg-Deadlift_Thighs_converted.gif,exercises/barras/perna/Barbell-Straight-Leg-Deadlift_Thighs_converted.gif,0b1280ff05fea4c534985896e52fd69636ff471094af1791b990ee3209b9aa84
REVIEW,barras,perna,barbell sumo deadlift,Levantamento terra,variação/parente de um exercício do catálogo — confirmar,Barbell-Sumo-Deadlift-(female)_Hips__converted.gif,exercises/barras/perna/Barbell-Sumo-Deadlift-(female)_Hips__converted.gif,c1654ea6b5ca8f491b71ef2b73324ab9a80dc8ca7673efb0ab163ea5b5c83cc5
REVIEW,barras,perna,barbell sumo deadlift from deficit,Levantamento terra,variação/parente de um exercício do catálogo — confirmar,Barbell-Sumo-Deadlift-from-Deficit_Hips__converted.gif,exercises/barras/perna/Barbell-Sumo-Deadlift-from-Deficit_Hips__converted.gif,695dd217e463090c9496310f4f25df6e527973f770bd37b947b2b5841fa17fe3
REVIEW,barras,perna,barbell sumo deadlift,Levantamento terra,variação/parente de um exercício do catálogo — confirmar,Barbell-Sumo-Deadlift_Hips-FIX__converted.gif,exercises/barras/perna/Barbell-Sumo-Deadlift_Hips-FIX__converted.gif,595990a38ccce37dddedacbce399a6d878bb915ae0056b5550aac442362b4b5e
REVIEW,barras,perna,barbell sumo romanian deadlift,Levantamento terra,variação/parente de um exercício do catálogo — confirmar,Barbell-Sumo-Romanian-Deadlift-(female)_Hips__converted.gif,exercises/barras/perna/Barbell-Sumo-Romanian-Deadlift-(female)_Hips__converted.gif,da97f93db240deb4e2b2ed5022353b41761cc6215d2ea10a8dc1c89958a69d8d
REVIEW,barras,perna,barbell sumo romanian deadlift,Levantamento terra,variação/parente de um exercício do catálogo — confirmar,Barbell-Sumo-Romanian-Deadlift_Hips__converted.gif,exercises/barras/perna/Barbell-Sumo-Romanian-Deadlift_Hips__converted.gif,92b96b21378a359633543203dee18cd021bf16247a86fba0eb44a09995beb730
REVIEW,barras,perna,barbell sumo squat,Agachamento livre,variação/parente de um exercício do catálogo — confirmar,Barbell-Sumo-Squat-(female)_Thighs__converted.gif,exercises/barras/perna/Barbell-Sumo-Squat-(female)_Thighs__converted.gif,0ba9ab731808c4b2b2b574535cffe9d7d5bf7268966a14cedb1d04765207751e
REVIEW,barras,perna,barbell sumo squat,Agachamento livre,variação/parente de um exercício do catálogo — confirmar,Barbell-sumo-squat_Thighs_converted.gif,exercises/barras/perna/Barbell-sumo-squat_Thighs_converted.gif,652412225fd20d940508fa34b8e6d15125725771843391e6a7b1caae41d9efe8
UNMATCHED,barras,perna,barbell thruster,,sem exercício correspondente no catálogo,Barbell-Thruster_Weightlifting__converted.gif,exercises/barras/perna/Barbell-Thruster_Weightlifting__converted.gif,70894d33391798a76f2340c10590db7dc07d689e68183832a42d831986f8f0b4
REVIEW,barras,perna,barbell underhand bent over row,Remada curvada com barra,variação/parente de um exercício do catálogo — confirmar,Barbell-Underhand-Bent-Over-Row_Back-FIX__converted.gif,exercises/barras/perna/Barbell-Underhand-Bent-Over-Row_Back-FIX__converted.gif,14c783c17d8df90f26961d373086484da6b09dce15dae309de17ca5102c5f6d0
REVIEW,barras,perna,barbell walking lunge,Afundo (passada),variação/parente de um exercício do catálogo — confirmar,Barbell-Walking-Lunge_Thighs__converted.gif,exercises/barras/perna/Barbell-Walking-Lunge_Thighs__converted.gif,c0555a0fc1f435a4dae47d3938f36c3cae01a3e165e5d45077dc1a70de5ac86d
REVIEW,barras,perna,barbell weighted chains bench squat,Agachamento livre,variação/parente de um exercício do catálogo — confirmar,Barbell-Weighted-Chains-Bench-Squat-(male)_Thighs__converted.gif,exercises/barras/perna/Barbell-Weighted-Chains-Bench-Squat-(male)_Thighs__converted.gif,069941fce828fc4efbcf154a24bbb17cb4602e4f42b23f819fa6f5203cf1b2d0
REVIEW,barras,perna,barbell wide squat,Agachamento livre,variação/parente de um exercício do catálogo — confirmar,Barbell-Wide-Squat-(female)_Thighs__converted.gif,exercises/barras/perna/Barbell-Wide-Squat-(female)_Thighs__converted.gif,4b26d4a21ab2cbbb1e3d8d33d9889d88bccc92d4ae00da6ee41fd4d518746658
REVIEW,barras,perna,barbell wide squat,Agachamento livre,variação/parente de um exercício do catálogo — confirmar,Barbell-Wide-Squat_Thighs__converted.gif,exercises/barras/perna/Barbell-Wide-Squat_Thighs__converted.gif,b4889ea4a17d44eb59dbb492795fa4c1046d0c33aaafa21be1ef1859f1d59bab
UNMATCHED,barras,perna,barbell zercher back extension,,sem exercício correspondente no catálogo,Barbell-Zercher-Back-Extension-(male)_Hips__converted.gif,exercises/barras/perna/Barbell-Zercher-Back-Extension-(male)_Hips__converted.gif,489e54f4a9d9e6b3fb9897ca78a03712dc0f6441f3d1aca55345831d4e3d5043
REVIEW,barras,perna,barbell zercher bulgarian split squat,Agachamento livre,variação/parente de um exercício do catálogo — confirmar,Barbell-Zercher-Bulgarian-Split-Squat-(male)_Thigh_converted.gif,exercises/barras/perna/Barbell-Zercher-Bulgarian-Split-Squat-(male)_Thigh_converted.gif,66bff6dbf092a05cca2fd2cdf70752feb9d0d00536f1bb06aa123d93e1cd39a5
REVIEW,barras,perna,barbell zercher squat hold,Agachamento livre,variação/parente de um exercício do catálogo — confirmar,Barbell-Zercher-Squat-Hold_Isometrics__converted.gif,exercises/barras/perna/Barbell-Zercher-Squat-Hold_Isometrics__converted.gif,bcd9f11e80a5219fbb600966ed898a83acd6bf975b4d71db512d0db7f0ab61da
UNMATCHED,barras,perna,cluster,,sem exercício correspondente no catálogo,Cluster_Weightlifting__converted.gif,exercises/barras/perna/Cluster_Weightlifting__converted.gif,4abe44a26c666869756519fe79dce231b2d72b33da6c550adaecc2d706889bb7
UNMATCHED,barras,perna,deadlift back wrong right,,sem exercício correspondente no catálogo,Deadlift---Back-(WRONG-RIGHT)__converted.gif,exercises/barras/perna/Deadlift---Back-(WRONG-RIGHT)__converted.gif,f1eadc359abe1b5e33b87d3831e81c1b3937770ae8e0bbeb04e575e5696a3b4a
REVIEW,barras,perna,ez bar deadlift with biceps curl,Rosca direta,variação/parente de um exercício do catálogo — confirmar,EZ-bar-Deadlift-with-Biceps-Curl_Hips__converted.gif,exercises/barras/perna/EZ-bar-Deadlift-with-Biceps-Curl_Hips__converted.gif,be11f73a6fbbfe5fefae7ca0a59fdac7ea7c70f425199b97008608b8f96cd005
REVIEW,barras,perna,ez barbell stiff legged deadlift,Levantamento terra,variação/parente de um exercício do catálogo — confirmar,EZ-Barbell-Stiff-Legged-Deadlift_Hips__converted.gif,exercises/barras/perna/EZ-Barbell-Stiff-Legged-Deadlift_Hips__converted.gif,fa93469bef97cddf2bf116352592ffa99a8de5c990fe8fe7a657a74ba9b59951
UNMATCHED,barras,perna,jump shrug,,sem exercício correspondente no catálogo,Jump-Shrug_Thighs__converted.gif,exercises/barras/perna/Jump-Shrug_Thighs__converted.gif,426937ec9d5a41f7ac18263f9fb2c403763d83e02d750f2967e0ff9c9c38f91e
REVIEW,barras,perna,landmine single leg hip thrust,Elevação pélvica (hip thrust),variação/parente de um exercício do catálogo — confirmar,Landmine-Single-Leg-Hip-Thrust-(female)_Hips__converted.gif,exercises/barras/perna/Landmine-Single-Leg-Hip-Thrust-(female)_Hips__converted.gif,7cbd8c70c0fab2134005e4ff38aff17a02ae1a98c45bcc9b7f068a8a0174b420
UNMATCHED,barras,perna,power clean thruster,,sem exercício correspondente no catálogo,Power-Clean-Thruster_Weightlifting__converted.gif,exercises/barras/perna/Power-Clean-Thruster_Weightlifting__converted.gif,cab1d9f264659fd90ade1be4b26b75591b0978d0964546813c2e84a2fd628450
UNMATCHED,barras,perna,power clean,,sem exercício correspondente no catálogo,Power-Clean_Thighs_converted.gif,exercises/barras/perna/Power-Clean_Thighs_converted.gif,55657d12aefbea80818bd2e7a28424192b830c1e2dc20f60cf48f147df9f82b0
UNMATCHED,barras,perna,press under,,sem exercício correspondente no catálogo,Press-Under_Weightlifting__converted.gif,exercises/barras/perna/Press-Under_Weightlifting__converted.gif,060b36279feb7cbe53825dd7a28554c609fe7e341943c05278618dca145b8a90
UNMATCHED,barras,perna,push press,,sem exercício correspondente no catálogo,Push-Press_Shoulders_converted.gif,exercises/barras/perna/Push-Press_Shoulders_converted.gif,edfa1b5bb9e8c44983a4330336c2c4ab7adb1dffd6ccf58220e56882af9b14d2
UNMATCHED,barras,perna,safety bar front squat,,sem exercício correspondente no catálogo,Safety-Bar-Front-Squat_Thighs__converted.gif,exercises/barras/perna/Safety-Bar-Front-Squat_Thighs__converted.gif,76f0f9a9f48d6c86270d9320af3d527842efa36240344247cf2984d2041bcd37
UNMATCHED,barras,perna,safety bar good morning,,sem exercício correspondente no catálogo,Safety-Bar-Good-Morning-(male)_Hips__converted.gif,exercises/barras/perna/Safety-Bar-Good-Morning-(male)_Hips__converted.gif,878a7a708a095184b68fbe20a258df76db325b963435e2192f417365bb616e66
UNMATCHED,barras,perna,smith calf raise,,sem exercício correspondente no catálogo,Smith-Calf-Raise-(version-2)-(female)_Calves__converted.gif,exercises/barras/perna/Smith-Calf-Raise-(version-2)-(female)_Calves__converted.gif,bfec717311cf539a7d1c6175c18f8abe2186ae5c5a87bb0cfd147bdfd8fba551
UNMATCHED,barras,perna,smith chair squat,,sem exercício correspondente no catálogo,Smith-Chair-Squat-(female)_Thighs_converted.gif,exercises/barras/perna/Smith-Chair-Squat-(female)_Thighs_converted.gif,6613038a7bd66927522ec6e62e4bfb16a7a75d6c5eefa2f667178d335eec67bb
UNMATCHED,barras,perna,smith deadlift,,sem exercício correspondente no catálogo,Smith-Deadlift-(female)_Hips_converted.gif,exercises/barras/perna/Smith-Deadlift-(female)_Hips_converted.gif,53279d482bd270938064bf229d60376db257e375de57e125e4cc156a943ab65b
UNMATCHED,barras,perna,smith front squat clean grip,,sem exercício correspondente no catálogo,Smith-Front-Squat-(Clean-Grip)-(female)_Thighs__converted.gif,exercises/barras/perna/Smith-Front-Squat-(Clean-Grip)-(female)_Thighs__converted.gif,4646262dc043d54cb816d454e5706e1cbb8f40e9185d7035b8cd44a5239b327b
REVIEW,barras,perna,smith hip thrust,Elevação pélvica (hip thrust),variação/parente de um exercício do catálogo — confirmar,Smith-Hip-Thrust-(female)_Hips__converted.gif,exercises/barras/perna/Smith-Hip-Thrust-(female)_Hips__converted.gif,d2c950bd4d59eabe2f5c3081501c7485f79fe7aa1c07617826154a439267ef6b
UNMATCHED,barras,perna,smith kneeling rear kick,,sem exercício correspondente no catálogo,Smith-kneeling-rear-kick_Hips_converted.gif,exercises/barras/perna/Smith-kneeling-rear-kick_Hips_converted.gif,48407ea31b11c0b9753d1468e563e9370947265fb47dc51471a9e99019fe862b
UNMATCHED,barras,perna,smith lateral step up,,sem exercício correspondente no catálogo,Smith-Lateral-Step-Up-(female)_Thighs__converted.gif,exercises/barras/perna/Smith-Lateral-Step-Up-(female)_Thighs__converted.gif,2a934e8692d4dadc540212d29eaa4bab9b4c103d82d33d3a185de355b8bedd7b
REVIEW,barras,perna,smith leg press,Leg press 45°,variação/parente de um exercício do catálogo — confirmar,Smith-Leg-Press-(female)_Thighs_converted.gif,exercises/barras/perna/Smith-Leg-Press-(female)_Thighs_converted.gif,74aaf1d144818c5a50612d93f5f02b728976921d0c297544f54ba6d4762458ee
UNMATCHED,barras,perna,smith low bar squat,,sem exercício correspondente no catálogo,Smith-Low-Bar-Squat-(female)_Thighs__converted.gif,exercises/barras/perna/Smith-Low-Bar-Squat-(female)_Thighs__converted.gif,255c853564d226189fa95d62318fbb2a19db59fbf555cfe1598edfff47a14d2e
UNMATCHED,barras,perna,smith one leg floor calf raise,,sem exercício correspondente no catálogo,Smith-One-Leg-Floor-Calf-Raise-(female)_Calves__converted.gif,exercises/barras/perna/Smith-One-Leg-Floor-Calf-Raise-(female)_Calves__converted.gif,608a2f38aba3dc2bd49bdd6d827a99052cbb6943f85cc33fc729076e451d8c59
UNMATCHED,barras,perna,smith rear lunge,,sem exercício correspondente no catálogo,Smith-rear-lunge-(version-2)-(female)_Thighs__converted.gif,exercises/barras/perna/Smith-rear-lunge-(version-2)-(female)_Thighs__converted.gif,76003796866450c39f0a105b7e9d96b473bdbe577fd50f7b2815424c44a43305
UNMATCHED,barras,perna,smith single leg chair squat,,sem exercício correspondente no catálogo,Smith-Single-Leg-Chair-Squat-(female)_Thighs__converted.gif,exercises/barras/perna/Smith-Single-Leg-Chair-Squat-(female)_Thighs__converted.gif,cfc49755d6521c3c9b381233c3810fad1a9911e624c4ba01b593259923d9a897
UNMATCHED,barras,perna,smith single leg split squat,,sem exercício correspondente no catálogo,Smith-Single-Leg-Split-Squat-(female)_Thighs-FIX__converted.gif,exercises/barras/perna/Smith-Single-Leg-Split-Squat-(female)_Thighs-FIX__converted.gif,779c87a6042a87da5a5309bf820d7aae322c6e95edb6967a7fa92a28008061d1
UNMATCHED,barras,perna,smith split squat,,sem exercício correspondente no catálogo,Smith-Split-Squat-(female)_Thighs__converted.gif,exercises/barras/perna/Smith-Split-Squat-(female)_Thighs__converted.gif,ecde4e5fd41fba47261773b5bc6b469799f95c1beb4fbda89d7eb357da72ece9
UNMATCHED,barras,perna,smith staggered stance romanian deadlift,,sem exercício correspondente no catálogo,Smith-Staggered-Stance-Romanian-Deadlift-(female)__converted.gif,exercises/barras/perna/Smith-Staggered-Stance-Romanian-Deadlift-(female)__converted.gif,5bfa3bde82b2cce7a1a5fe39a83290fa2e0509dfc7e04dbe56e125d3acf8df0a
UNMATCHED,barras,perna,smith sumo deadlift,,sem exercício correspondente no catálogo,Smith-Sumo-Deadlift-(female)_Hips__converted.gif,exercises/barras/perna/Smith-Sumo-Deadlift-(female)_Hips__converted.gif,8d809de09126fb5dd51d35dab9db66c05a4530c885b8a3018fd7b7635f708ae0
UNMATCHED,barras,perna,smith sumo squat,,sem exercício correspondente no catálogo,Smith-Sumo-Squat-(female)_Hips__converted.gif,exercises/barras/perna/Smith-Sumo-Squat-(female)_Hips__converted.gif,9b84e75ae1f954fc3888017111e1dd201aa81bfc9ffabfec5dbd45c5a009947c
UNMATCHED,barras,perna,sumo deadlift high pull shoulders fix,,sem exercício correspondente no catálogo,Sumo-Deadlift-High-Pull_Thighs_Shoulders-FIX__converted.gif,exercises/barras/perna/Sumo-Deadlift-High-Pull_Thighs_Shoulders-FIX__converted.gif,79962f3e4a389b2de2aa06359fdbce465331181d750658a0db93f0f720291c14
REVIEW,barras,perna,trap bar bent over row,Remada curvada com barra,variação/parente de um exercício do catálogo — confirmar,Trap-Bar-Bent-Over-Row-(male)_Back__converted.gif,exercises/barras/perna/Trap-Bar-Bent-Over-Row-(male)_Back__converted.gif,6078c0c21ad54bcc8240767bc9802c023e0f6b7678da1bc585c2448ffffd9fe1
UNMATCHED,barras,perna,trap bar deadlift,,sem exercício correspondente no catálogo,Trap-Bar-Deadlift-(female)_Thighs__converted.gif,exercises/barras/perna/Trap-Bar-Deadlift-(female)_Thighs__converted.gif,76fd39c49834dc899ecea162af7546ddebe13b9b0cb0de8267a49dc8e03d3392
UNMATCHED,barras,perna,trap bar deadlift,,sem exercício correspondente no catálogo,Trap-Bar-Deadlift_Thighs-FIX__converted.gif,exercises/barras/perna/Trap-Bar-Deadlift_Thighs-FIX__converted.gif,20eeef418f23dc6424700f71e974a8241dd801d46a0ce0a1a5b562915d5dc34f
UNMATCHED,barras,perna,trap bar farmers carry,,sem exercício correspondente no catálogo,Trap-Bar-Farmers-Carry-(female)_Thighs__converted.gif,exercises/barras/perna/Trap-Bar-Farmers-Carry-(female)_Thighs__converted.gif,d01ecd22263bba13ed505214e2ae5b0a1ee65bf52c9a6d721fb13c31d1bacd86
UNMATCHED,barras,perna,trap bar farmers carry,,sem exercício correspondente no catálogo,Trap-Bar-Farmers-Carry_Thighs__converted.gif,exercises/barras/perna/Trap-Bar-Farmers-Carry_Thighs__converted.gif,08ff0b36ddaa683865f79201cadfe18beedeeda4cf47b39f020497685ad1f60d
UNMATCHED,barras,perna,trap bar squat,,sem exercício correspondente no catálogo,Trap-Bar-Squat_Thighs__converted.gif,exercises/barras/perna/Trap-Bar-Squat_Thighs__converted.gif,4611a0f6e4d341ee9b8a7a4f4bdba459f8b986d27f3e762f691fbbdfb1b241df
UNMATCHED,barras,perna,zercher carry,,sem exercício correspondente no catálogo,Zercher-Carry_Cardio_converted.gif,exercises/barras/perna/Zercher-Carry_Cardio_converted.gif,ac199986d4e02c8326108ee22a255f72fbfbcd8f4a7c9fe091809876fa0d07f0
UNMATCHED,barras,trapezio,barbell back wide shrug,,sem exercício correspondente no catálogo,Barbell-Back-Wide-Shrug_Back__converted.gif,exercises/barras/trapezio/Barbell-Back-Wide-Shrug_Back__converted.gif,53db55baac7ddddd49b206d241b1674b9defe549f174f1e06a252a6a97c1fe00
UNMATCHED,barras,trapezio,barbell behind the back shrug,,sem exercício correspondente no catálogo,Barbell-Behind-The-Back-Shrug_Back__converted.gif,exercises/barras/trapezio/Barbell-Behind-The-Back-Shrug_Back__converted.gif,f0e2cae2d7f0c26d29f27c73fa14372cd24ed1b03566b0fc31fb674f79bfd592
UNMATCHED,barras,trapezio,barbell decline shrug,,sem exercício correspondente no catálogo,Barbell-Decline-Shrug_Back__converted.gif,exercises/barras/trapezio/Barbell-Decline-Shrug_Back__converted.gif,2aae425f2e88a6174f30e3d99aa19114589ad2f939c4e95a49866b4c5de488c9
UNMATCHED,barras,trapezio,barbell seated shrug,,sem exercício correspondente no catálogo,Barbell-Seated-Shrug_Back__converted.gif,exercises/barras/trapezio/Barbell-Seated-Shrug_Back__converted.gif,a577dc57f5cdf1481e0f3542c1bcd7c421c734bbb8675f851d942a609ef06de8
UNMATCHED,barras,trapezio,barbell shrug,,sem exercício correspondente no catálogo,Barbell-Shrug_Back_converted.gif,exercises/barras/trapezio/Barbell-Shrug_Back_converted.gif,32cfdb3044d4a8e022a8be67995d08902ab467d28a32da313192262d55d4b62f
UNMATCHED,barras,trapezio,barbell wide shrug,,sem exercício correspondente no catálogo,Barbell-Wide-Shrug_Back__converted.gif,exercises/barras/trapezio/Barbell-Wide-Shrug_Back__converted.gif,f78ac640855e10388bb395622131dcb5673ecc4d832a18894fc847fc9153e2f0
UNMATCHED,barras,trapezio,trap bar standing shrug,,sem exercício correspondente no catálogo,Trap-Bar-Standing-Shrug-(male)_Back__converted.gif,exercises/barras/trapezio/Trap-Bar-Standing-Shrug-(male)_Back__converted.gif,7497d221e86d6e65ae686648b053efcfe0e6e45f633f81154bbc02abe7943dee
UNMATCHED,barras,triceps,barbell incline triceps extension skull crusher,,sem exercício correspondente no catálogo,Barbell-Incline-Triceps-Extension-Skull-Crusher_Up_converted.gif,exercises/barras/triceps/Barbell-Incline-Triceps-Extension-Skull-Crusher_Up_converted.gif,15c4bc42e052ec41e1fc5e3b76237ce65e9b947ce6908b6fc318debed13df47b
UNMATCHED,barras,triceps,barbell lying extension,,sem exercício correspondente no catálogo,Barbell-Lying-extension_Upper-arms_converted.gif,exercises/barras/triceps/Barbell-Lying-extension_Upper-arms_converted.gif,59044506eab0b7c33a8da3b5a4916fdd96b56bcbcd9ae9ecb437192b992ad2b5
UNMATCHED,barras,triceps,barbell lying triceps extension,,sem exercício correspondente no catálogo,Barbell-Lying-Triceps-Extension-(female)_Upper-Arms__converted.gif,exercises/barras/triceps/Barbell-Lying-Triceps-Extension-(female)_Upper-Arms__converted.gif,1604c8449022d5804827cb3c4bec948aa9197d9d60fd0f8752262f38a103eb8b
UNMATCHED,barras,triceps,barbell lying triceps extension skull crusher,,sem exercício correspondente no catálogo,Barbell-Lying-Triceps-Extension-Skull-Crusher_Upper-Arms_converted.gif,exercises/barras/triceps/Barbell-Lying-Triceps-Extension-Skull-Crusher_Upper-Arms_converted.gif,3f786d7b23a53821ad3db49e5db33ca4d948d12ec255e9be000a8209db3aa076
UNMATCHED,barras,triceps,barbell seated overhead triceps extension,,sem exercício correspondente no catálogo,Barbell-Seated-Overhead-Triceps-Extension-(female)_Upper-Arms_converted.gif,exercises/barras/triceps/Barbell-Seated-Overhead-Triceps-Extension-(female)_Upper-Arms_converted.gif,a1ff7c9dee0deb9739ced072e8dd781f6944b03e7e3dec6c61ce5172f40d793c
UNMATCHED,barras,triceps,barbell seated overhead triceps extension,,sem exercício correspondente no catálogo,Barbell-Seated-Overhead-Triceps-Extension_Upper-Ar_converted.gif,exercises/barras/triceps/Barbell-Seated-Overhead-Triceps-Extension_Upper-Ar_converted.gif,465aa087fe5d3e2cd275a4c6fb2e146daa2828a37d77ed89f9ee572b6e080aa1
UNMATCHED,barras,triceps,barbell standing overhead triceps extension,,sem exercício correspondente no catálogo,Barbell-Standing-Overhead-Triceps-Extension-(femal_converted.gif,exercises/barras/triceps/Barbell-Standing-Overhead-Triceps-Extension-(femal_converted.gif,c26f62424fb6518ed5a5e81f841fe3164ae9affb7e87f38cfc0bab0e9853b060
UNMATCHED,barras,triceps,ez bar standing french press,,sem exercício correspondente no catálogo,EZ-Bar-Standing-French-Press_Upper-Arms-FIX__converted.gif,exercises/barras/triceps/EZ-Bar-Standing-French-Press_Upper-Arms-FIX__converted.gif,9905a2523707d459808b9182c603d066a9d9ada89e0fc8b2c7b68e378636ef5f
UNMATCHED,barras,triceps,ez barbell decline triceps extension,,sem exercício correspondente no catálogo,EZ-Barbell-Decline-Triceps-Extension_Upper-Arms_converted.gif,exercises/barras/triceps/EZ-Barbell-Decline-Triceps-Extension_Upper-Arms_converted.gif,605013b186a18cff922c1757960e76285164bd6e3fa0f0d344254bf472b22e78
UNMATCHED,barras,triceps,ez barbell incline triceps extension,,sem exercício correspondente no catálogo,EZ-Barbell-Incline-Triceps-Extension_Upper-Arms-FI_converted.gif,exercises/barras/triceps/EZ-Barbell-Incline-Triceps-Extension_Upper-Arms-FI_converted.gif,370555774aaea97fef731637479113bdc33c16ea1affae8417ead46613ce195a
REVIEW,barras,triceps,ez barbell jm bench press,Supino reto com barra,variação/parente de um exercício do catálogo — confirmar,EZ-Barbell-JM-Bench-Press_Upper-Arms__converted.gif,exercises/barras/triceps/EZ-Barbell-JM-Bench-Press_Upper-Arms__converted.gif,c838a06db13213fa3844246cb7c561f977de02551352119e1516edea857f46f4
UNMATCHED,barras,triceps,ez barbell lying triceps extension,,sem exercício correspondente no catálogo,EZ-Barbell-Lying-Triceps-Extension-(female)_Upper-Arms_converted.gif,exercises/barras/triceps/EZ-Barbell-Lying-Triceps-Extension-(female)_Upper-Arms_converted.gif,93ae5215df999c9fb19a6a0bba24fdb8ca14ad58f2acf4e9a3d0f841de4fb3b8
UNMATCHED,barras,triceps,ez barbell lying triceps extension,,sem exercício correspondente no catálogo,EZ-Barbell-Lying-Triceps-Extension-(male)_Upper-Arms__converted.gif,exercises/barras/triceps/EZ-Barbell-Lying-Triceps-Extension-(male)_Upper-Arms__converted.gif,d7860b036af702b3c8a3c421ae8a9cdd355804297929784b7231c4213893651d
UNMATCHED,barras,triceps,ez barbell seated triceps extension,,sem exercício correspondente no catálogo,EZ-Barbell-Seated-Triceps-Extension_Upper-Arms__converted.gif,exercises/barras/triceps/EZ-Barbell-Seated-Triceps-Extension_Upper-Arms__converted.gif,31035b19ea069f259cf0f106320155a05340a113b0b96dfae274b5ea7b3f423c
UNMATCHED,barras,triceps,olympic barbell triceps extension,,sem exercício correspondente no catálogo,Olympic-Barbell-Triceps-Extension_Upper-Arms-FIX__converted.gif,exercises/barras/triceps/Olympic-Barbell-Triceps-Extension_Upper-Arms-FIX__converted.gif,f80296434f198980c504128340300ff9263cf841fc245deef5398125200a285c
UNMATCHED,maquinas,abdominais,45 degree bycicle twisting crunch,,sem exercício correspondente no catálogo,45-degree-Bycicle-Twisting-Crunch-(male)_Waist__converted.gif,exercises/maquinas/abdominais/45-degree-Bycicle-Twisting-Crunch-(male)_Waist__converted.gif,7f399a997f16e91ef56f386ed334204817173b164f9e1d84c951fc68c73cbdfb
UNMATCHED,maquinas,abdominais,45 degree bycicle twisting crunch,,sem exercício correspondente no catálogo,45-degree-Bycicle-Twisting-Crunch_Waist-FIX__converted.gif,exercises/maquinas/abdominais/45-degree-Bycicle-Twisting-Crunch_Waist-FIX__converted.gif,37c76ea96ae4a3ab80461fe3492205332b6e88341f55874670ee87241216ce97
UNMATCHED,maquinas,abdominais,45 degree side bend,,sem exercício correspondente no catálogo,45-degree-Side-Bend_Waist-FIX__converted.gif,exercises/maquinas/abdominais/45-degree-Side-Bend_Waist-FIX__converted.gif,95734691287ce3be9139dedff69624e239b780fcbcc938a110b0de2e63892542
UNMATCHED,maquinas,abdominais,45 degree twisting hyperextension,,sem exercício correspondente no catálogo,45-degree-Twisting-Hyperextension-(male)_Hips__converted.gif,exercises/maquinas/abdominais/45-degree-Twisting-Hyperextension-(male)_Hips__converted.gif,ef1de54b69da803c6b15c32662d0d7bb110c1115c01b4e871058060e23865239
UNMATCHED,maquinas,abdominais,45 degrees back extension scapular adduction,,sem exercício correspondente no catálogo,45-degrees-Back-Extension-Scapular-Adduction-(male_converted.gif,exercises/maquinas/abdominais/45-degrees-Back-Extension-Scapular-Adduction-(male_converted.gif,24dfb654b49dbf51994f90735c91ee5731f9b93d7cced55a3f516bb92743c29b
UNMATCHED,maquinas,abdominais,45 degrees side bend,,sem exercício correspondente no catálogo,45-degrees-Side-Bend-(female)_Waist_converted.gif,exercises/maquinas/abdominais/45-degrees-Side-Bend-(female)_Waist_converted.gif,f05e75740fb87665c74df0d5fe3d07642e2afa22ba5d6fc1d354c81c27d6334e
UNMATCHED,maquinas,abdominais,ab roller crunch,,sem exercício correspondente no catálogo,Ab-Roller-Crunch_Waist_converted.gif,exercises/maquinas/abdominais/Ab-Roller-Crunch_Waist_converted.gif,2d2b69cefe5b692f64c6c10e1d9fafb324be7e05f0678a8013063311d52299b7
UNMATCHED,maquinas,abdominais,ab tuck,,sem exercício correspondente no catálogo,Ab-Tuck-(male)_Waist__converted.gif,exercises/maquinas/abdominais/Ab-Tuck-(male)_Waist__converted.gif,1b3784c329869f5ca7d6ca09a0c56d905475eef36d2ab368b0e4e0e782564028
UNMATCHED,maquinas,abdominais,air bike on a chair,,sem exercício correspondente no catálogo,Air-Bike-on-a-Chair-(female)_Waist__converted.gif,exercises/maquinas/abdominais/Air-Bike-on-a-Chair-(female)_Waist__converted.gif,57a3b53ffd44676220c6e19e591f5013f8439e12d123429d11d4b20fb1883c5d
UNMATCHED,maquinas,abdominais,arm slingers hanging straight legs,,sem exercício correspondente no catálogo,Arm-slingers-Hanging-Straight-Legs_Waist__converted.gif,exercises/maquinas/abdominais/Arm-slingers-Hanging-Straight-Legs_Waist__converted.gif,d5e7b55ee8bedc866dc1182e0456c14f7e2dc2bdbde0d9820b513c79506c422d
UNMATCHED,maquinas,abdominais,back bend over bench stretch,,sem exercício correspondente no catálogo,Back-Bend-Over-Bench-Stretch-(male)_Stretching__converted.gif,exercises/maquinas/abdominais/Back-Bend-Over-Bench-Stretch-(male)_Stretching__converted.gif,0ff8812ed47547502c0138bdb76626faec90cf65e820370daf544525c6f80c01
UNMATCHED,maquinas,abdominais,captains chair leg raise,,sem exercício correspondente no catálogo,Captains-chair-leg-raise_Hips_converted.gif,exercises/maquinas/abdominais/Captains-chair-leg-raise_Hips_converted.gif,f4ab9c5e0e258076a83db61143c11234f13bfe6f82358d3609a4d54a64cbb1f7
UNMATCHED,maquinas,abdominais,captains chair straight leg raise,,sem exercício correspondente no catálogo,Captains-Chair-Straight-Leg-Raise-(female)_Waist__converted.gif,exercises/maquinas/abdominais/Captains-Chair-Straight-Leg-Raise-(female)_Waist__converted.gif,9bbf3e22e7279e279f1fd0e7f382043e2ca9c6047c677577a89e6e5141f6e2de
UNMATCHED,maquinas,abdominais,captains chair straight leg raise,,sem exercício correspondente no catálogo,Captains-Chair-Straight-Leg-Raise_Waist-FIX__converted.gif,exercises/maquinas/abdominais/Captains-Chair-Straight-Leg-Raise_Waist-FIX__converted.gif,7874c108a5b66565958127c5ee63ed97cd926d14158de47682dc05a74b7d15f6
UNMATCHED,maquinas,abdominais,decline bent leg reverse crunch,,sem exercício correspondente no catálogo,Decline-Bent-Leg-Reverse-Crunch_Waist_converted.gif,exercises/maquinas/abdominais/Decline-Bent-Leg-Reverse-Crunch_Waist_converted.gif,c9dc51b74690afe6eacca655d2a4646ba314183a02d811d2bc3dcb6861b2cdb7
UNMATCHED,maquinas,abdominais,decline crunch,,sem exercício correspondente no catálogo,Decline-Crunch-(female)_Waist__converted.gif,exercises/maquinas/abdominais/Decline-Crunch-(female)_Waist__converted.gif,189013c2c0bbd0bbfb3f7fc7b13f724ba21fa89fd955338484200c290493cd82
UNMATCHED,maquinas,abdominais,decline crunch,,sem exercício correspondente no catálogo,Decline-Crunch_Waist_converted.gif,exercises/maquinas/abdominais/Decline-Crunch_Waist_converted.gif,bad5aa1204d1b7cf851cb0398e458838f44981fdb1b991edfc0aca7901be78dd
UNMATCHED,maquinas,abdominais,decline knee raise,,sem exercício correspondente no catálogo,Decline-Knee-Raise-(female)_Waist__converted.gif,exercises/maquinas/abdominais/Decline-Knee-Raise-(female)_Waist__converted.gif,4940c338cc2b658b08ed11813d102326739d562163f5f186f1c3471cfa44c0c1
UNMATCHED,maquinas,abdominais,decline leg hip raise,,sem exercício correspondente no catálogo,Decline-Leg-Hip-Raise_Waist__converted.gif,exercises/maquinas/abdominais/Decline-Leg-Hip-Raise_Waist__converted.gif,a6ec029ea3a207cadddc427d8d3f935081dca413f5ed0a758bebd67fe2427438
REVIEW,maquinas,abdominais,floor crunch feet on bench,Abdominal supra,variação/parente de um exercício do catálogo — confirmar,Floor-Crunch-Feet-on-Bench-(female)_Waist__converted.gif,exercises/maquinas/abdominais/Floor-Crunch-Feet-on-Bench-(female)_Waist__converted.gif,20a78fa6775bdc435e31cae9dd7a408d6b17cd6ae34a80c9e57c691312b8f2a8
UNMATCHED,maquinas,abdominais,front lever converted 2,,sem exercício correspondente no catálogo,Front-Lever_Waist__converted 2.gif,exercises/maquinas/abdominais/Front-Lever_Waist__converted 2.gif,5bf2f51dc2c72f4416cfb9cd9a3af95baa4eb392f8352f706ca535f073e2298c
UNMATCHED,maquinas,abdominais,front lever,,sem exercício correspondente no catálogo,Front-Lever_Waist__converted.gif,exercises/maquinas/abdominais/Front-Lever_Waist__converted.gif,5bf2f51dc2c72f4416cfb9cd9a3af95baa4eb392f8352f706ca535f073e2298c
UNMATCHED,maquinas,abdominais,glute ham developer crunch,,sem exercício correspondente no catálogo,Glute-Ham-Developer-crunch_Waist_converted.gif,exercises/maquinas/abdominais/Glute-Ham-Developer-crunch_Waist_converted.gif,f67665ebb1c9476ba88e7d3b180429b7ed7f77e08c074a808a2c354361eeeecd
UNMATCHED,maquinas,abdominais,glute ham sit up,,sem exercício correspondente no catálogo,Glute-Ham-Sit-up-(female)_Waist__converted.gif,exercises/maquinas/abdominais/Glute-Ham-Sit-up-(female)_Waist__converted.gif,d6a9f1ee1f5aad16f5141c391c710a34764b259386065fb08446c3e892898147
UNMATCHED,maquinas,abdominais,glute ham twist,,sem exercício correspondente no catálogo,Glute-Ham-Twist_Waist__converted.gif,exercises/maquinas/abdominais/Glute-Ham-Twist_Waist__converted.gif,ede1a14fd7bfca97fc2756c98c8011228a1591a04e415f1505c6631428ecc1d1
UNMATCHED,maquinas,abdominais,hanging advanced tucked front lever hold,,sem exercício correspondente no catálogo,Hanging-Advanced-Tucked-Front-Lever-Hold-(male)_Wa_converted.gif,exercises/maquinas/abdominais/Hanging-Advanced-Tucked-Front-Lever-Hold-(male)_Wa_converted.gif,ed6fdcf2596cbf5d531c25cd11c2b766dcad7e847072d3c3e42a29c7d85104fd
UNMATCHED,maquinas,abdominais,hanging deadbug,,sem exercício correspondente no catálogo,Hanging-Deadbug_Hips__converted.gif,exercises/maquinas/abdominais/Hanging-Deadbug_Hips__converted.gif,9d60337a808d72145fc0a1dd50b9902921b6012e10d2c7e5d5a93a2337fa341d
UNMATCHED,maquinas,abdominais,hanging flutter kick,,sem exercício correspondente no catálogo,Hanging-Flutter-Kick_Hips__converted.gif,exercises/maquinas/abdominais/Hanging-Flutter-Kick_Hips__converted.gif,3fbe3923933088993e50cf0d7a587874b49cb37938f72e3e884430a0c4f19d2c
UNMATCHED,maquinas,abdominais,hanging front lever hold,,sem exercício correspondente no catálogo,Hanging-Front-Lever-Hold-(male)_Waist__converted.gif,exercises/maquinas/abdominais/Hanging-Front-Lever-Hold-(male)_Waist__converted.gif,cb09f2e22ae43bd7ee1e5b54bdc7c360f304a3937e358cc7c74a86eff5c81d9b
UNMATCHED,maquinas,abdominais,hanging front lever raise,,sem exercício correspondente no catálogo,Hanging-Front-Lever-Raise-(male)_Waist__converted.gif,exercises/maquinas/abdominais/Hanging-Front-Lever-Raise-(male)_Waist__converted.gif,f605578de49c5303084b081c0034758da079c6b9b11bbdcc5b41aa6c52edc121
UNMATCHED,maquinas,abdominais,hanging half windmill,,sem exercício correspondente no catálogo,Hanging-Half-Windmill_Waist__converted.gif,exercises/maquinas/abdominais/Hanging-Half-Windmill_Waist__converted.gif,569fc8ca7f9c2946982ea005215996dcde1ea4673f86c002b36e58eb36aa8bc8
UNMATCHED,maquinas,abdominais,hanging knees to elbows,,sem exercício correspondente no catálogo,Hanging-Knees-to-Elbows_Waist__converted.gif,exercises/maquinas/abdominais/Hanging-Knees-to-Elbows_Waist__converted.gif,1e1ab002b0f655eed219e57f7581a1fc90eca4c0db788e970863bc2da0251f33
UNMATCHED,maquinas,abdominais,hanging leg hip raise,,sem exercício correspondente no catálogo,Hanging-Leg-Hip-Raise_Waist_converted.gif,exercises/maquinas/abdominais/Hanging-Leg-Hip-Raise_Waist_converted.gif,41db2e509ba4b43f7eb38c212897acf4e861af0977d27c07ff4649cf01ff1019
UNMATCHED,maquinas,abdominais,hanging leg tuck,,sem exercício correspondente no catálogo,Hanging-Leg-Tuck_Waist__converted.gif,exercises/maquinas/abdominais/Hanging-Leg-Tuck_Waist__converted.gif,04445cc8c98a271ed4ed55df89aada29c3f1f0af96110467df06dd1037a8e942
UNMATCHED,maquinas,abdominais,hanging oblique knee raise,,sem exercício correspondente no catálogo,Hanging-Oblique-Knee-Raise_Waist_converted.gif,exercises/maquinas/abdominais/Hanging-Oblique-Knee-Raise_Waist_converted.gif,70c59bd7a423f2fe4d1d0e50d6b42eb78f4a9a0a38e588a67301a775bb9b13bd
UNMATCHED,maquinas,abdominais,hanging pike,,sem exercício correspondente no catálogo,Hanging-Pike_Waist__converted.gif,exercises/maquinas/abdominais/Hanging-Pike_Waist__converted.gif,d1e4b27ae034617588e3e408546e6f1fdf63b06c8486f8f34f78bf2cceae897f
UNMATCHED,maquinas,abdominais,hanging side lean,,sem exercício correspondente no catálogo,Hanging-Side-Lean-(male)_Waist__converted.gif,exercises/maquinas/abdominais/Hanging-Side-Lean-(male)_Waist__converted.gif,7384595dcfe1156b614cd9e84c45095465d720664f3ad12ea7021e45c99b4f5b
UNMATCHED,maquinas,abdominais,hanging straight leg hip raise,,sem exercício correspondente no catálogo,Hanging-Straight-Leg-Hip-Raise_Waist_converted.gif,exercises/maquinas/abdominais/Hanging-Straight-Leg-Hip-Raise_Waist_converted.gif,811c65968243322bba42cf843e014beb875ccaf01d8023ddf45a8e1891eaa299
UNMATCHED,maquinas,abdominais,hanging straight leg raise,,sem exercício correspondente no catálogo,Hanging-Straight-Leg-Raise_Hips-FIX__converted.gif,exercises/maquinas/abdominais/Hanging-Straight-Leg-Raise_Hips-FIX__converted.gif,a3936a8d454caad4f4893928998c44f643ce16c530fd5f22b14a76b26a6564e6
UNMATCHED,maquinas,abdominais,hanging toes to bar,,sem exercício correspondente no catálogo,Hanging-Toes-to-Bar_Waist__converted.gif,exercises/maquinas/abdominais/Hanging-Toes-to-Bar_Waist__converted.gif,56af24fc3e3061e3c4ef71f918d621e5bc182e151ceacb67730bec1748dcb30c
UNMATCHED,maquinas,abdominais,hanging tucked front lever hold,,sem exercício correspondente no catálogo,Hanging-Tucked-Front-Lever-Hold-(male)_Waist__converted.gif,exercises/maquinas/abdominais/Hanging-Tucked-Front-Lever-Hold-(male)_Waist__converted.gif,80c774603bd3cb9ae32cfd1dd77c69b39b9bf27efea361596dbf797fd45a8fe0
UNMATCHED,maquinas,abdominais,incline leg hip raise leg straight,,sem exercício correspondente no catálogo,Incline-Leg-Hip-Raise-(leg-straight)-(female)_waist_converted.gif,exercises/maquinas/abdominais/Incline-Leg-Hip-Raise-(leg-straight)-(female)_waist_converted.gif,aaeb710afac48450dc80e81915561dc4d96b24de6bc4750c29fb4301a211253b
UNMATCHED,maquinas,abdominais,incline twisting sit up,,sem exercício correspondente no catálogo,Incline-Twisting-Sit-up-(version-2)-(female)_Waist_converted.gif,exercises/maquinas/abdominais/Incline-Twisting-Sit-up-(version-2)-(female)_Waist_converted.gif,b3c432a4caa7be76421f759d1c799a355769cd7ff5226e4bf895f7e2d8bc4e2a
UNMATCHED,maquinas,abdominais,l sit,,sem exercício correspondente no catálogo,L-sit_Waist_converted.gif,exercises/maquinas/abdominais/L-sit_Waist_converted.gif,e79537baeaa121bb590517d371c9228dd50a9f6492f9c4f41bdae3c89a75798e
UNMATCHED,maquinas,abdominais,lever ab coaster crunch,,sem exercício correspondente no catálogo,Lever-Ab-Coaster-Crunch-(male)_Waist__converted.gif,exercises/maquinas/abdominais/Lever-Ab-Coaster-Crunch-(male)_Waist__converted.gif,dca5af8658a322044cee0420c5834b0fd9c95380dc9d77a1a0e61b6b70918937
UNMATCHED,maquinas,abdominais,lever ab swing,,sem exercício correspondente no catálogo,Lever-Ab-Swing-(male)_Waist__converted.gif,exercises/maquinas/abdominais/Lever-Ab-Swing-(male)_Waist__converted.gif,77cd3a1d886143db9dd7e3d831e97ffaf85f72240bcb621eeedc568f978f7a59
UNMATCHED,maquinas,abdominais,lever abdominal leg raise,,sem exercício correspondente no catálogo,Lever-Abdominal-Leg-Raise-(male)_Waist__converted.gif,exercises/maquinas/abdominais/Lever-Abdominal-Leg-Raise-(male)_Waist__converted.gif,0d59ee8c528a4c842837437fbde8a55b689adeee4aad733d6ded233ceddbf377
UNMATCHED,maquinas,abdominais,lever back extension,,sem exercício correspondente no catálogo,Lever-Back-Extension-(version-2)_Back_converted.gif,exercises/maquinas/abdominais/Lever-Back-Extension-(version-2)_Back_converted.gif,b34e4c04e8cc91994ea8af60a343974e97a9e4d1d39104d450c4d6ee9998399a
UNMATCHED,maquinas,abdominais,lever back extension,,sem exercício correspondente no catálogo,Lever-Back-Extension_Waist_converted.gif,exercises/maquinas/abdominais/Lever-Back-Extension_Waist_converted.gif,e9a8fcfa9a001e38b2c86167ecba8793ee59d2ea3cd5dae34dfe057e3f60e7b0
UNMATCHED,maquinas,abdominais,lever banded abdominal leg raise,,sem exercício correspondente no catálogo,Lever-Banded-Abdominal-Leg-Raise-(male)_Waist__converted.gif,exercises/maquinas/abdominais/Lever-Banded-Abdominal-Leg-Raise-(male)_Waist__converted.gif,537fb565b11fe4b511cd511c1d623a3b86ed28ef0a1f43aeb8623f14462fc30e
UNMATCHED,maquinas,abdominais,lever lying crunch,,sem exercício correspondente no catálogo,Lever-Lying-Crunch_Waist_converted.gif,exercises/maquinas/abdominais/Lever-Lying-Crunch_Waist_converted.gif,60d6a145cb4b867f43ecbc459a07b1f447dceb619f7d573e5196ffb23c388977
UNMATCHED,maquinas,abdominais,lever lying leg raise bent knee,,sem exercício correspondente no catálogo,Lever-Lying-Leg-Raise-Bent-Knee_Hips-FIX__converted.gif,exercises/maquinas/abdominais/Lever-Lying-Leg-Raise-Bent-Knee_Hips-FIX__converted.gif,fdb23f75257aba82151bca72cfe29e34a9ad0a9bbcecf9340d5a32a0b32ab970
UNMATCHED,maquinas,abdominais,lever outdoor side surf,,sem exercício correspondente no catálogo,Lever-Outdoor-Side-Surf_Waist__converted.gif,exercises/maquinas/abdominais/Lever-Outdoor-Side-Surf_Waist__converted.gif,025ccf03f26b11d4daf1284bf3831ea661bb10be7d7cdb23feb335ce4a1d8ea1
UNMATCHED,maquinas,abdominais,lever seated crunch chest pad,,sem exercício correspondente no catálogo,Lever-Seated-Crunch-(chest-pad)_converted.gif,exercises/maquinas/abdominais/Lever-Seated-Crunch-(chest-pad)_converted.gif,017a117304262bf9205c2c6de73ef997d3fc702382e01b568bc7aa6923ae5898
UNMATCHED,maquinas,abdominais,lever seated crunch hands pad,,sem exercício correspondente no catálogo,Lever-Seated-Crunch-(hands-pad)_Waist_converted.gif,exercises/maquinas/abdominais/Lever-Seated-Crunch-(hands-pad)_Waist_converted.gif,583242c1836ad9cf359fb78d4da9cd2099d394f3a57a9fc3debae7e0d786f116
UNMATCHED,maquinas,abdominais,lever seated crunch,,sem exercício correspondente no catálogo,Lever-Seated-Crunch_Waist_converted.gif,exercises/maquinas/abdominais/Lever-Seated-Crunch_Waist_converted.gif,7a8178f0639b1c567334ae38a4bc6fe0a3c7757a2ef3f557abf23a1863a3fbf2
UNMATCHED,maquinas,abdominais,lever seated leg raise crunch plate loaded,,sem exercício correspondente no catálogo,Lever-Seated-Leg-Raise-Crunch-(plate-loaded)_Waist_converted.gif,exercises/maquinas/abdominais/Lever-Seated-Leg-Raise-Crunch-(plate-loaded)_Waist_converted.gif,3c6a47deac99d09ba9facea06545e777c350291cd6f26003e1a5d4d954c8f63b
UNMATCHED,maquinas,abdominais,lever seated twist,,sem exercício correspondente no catálogo,Lever-Seated-Twist_Waist-FIX__converted.gif,exercises/maquinas/abdominais/Lever-Seated-Twist_Waist-FIX__converted.gif,7d0a319081e262087587a8a92cdcd39ea21bcea388688be0a9e6b19876e39192
UNMATCHED,maquinas,abdominais,lever total abdominal crunch,,sem exercício correspondente no catálogo,Lever-Total-Abdominal-Crunch_Waist_converted.gif,exercises/maquinas/abdominais/Lever-Total-Abdominal-Crunch_Waist_converted.gif,0094e8e3a211eb4a82176ceaa76ee1e8fcb3a0f1ec9b9fe0b767e71fc7f40c30
UNMATCHED,maquinas,abdominais,lever trunk rotation,,sem exercício correspondente no catálogo,Lever-Trunk-Rotation_Waist__converted.gif,exercises/maquinas/abdominais/Lever-Trunk-Rotation_Waist__converted.gif,a55545e01ba852b8f47105c0a2faabbf130fabc6d5c94c40f2704e557407c225
REVIEW,maquinas,abdominais,scapular pull up,Barra fixa (pull-up),variação/parente de um exercício do catálogo — confirmar,Scapular-Pull-Up_Back__converted.gif,exercises/maquinas/abdominais/Scapular-Pull-Up_Back__converted.gif,3cee8bb41a4912cbab96903b44193f558c7bf7d9060714bbe656d992adf7c3fa
UNMATCHED,maquinas,abdominais,self assisted inverted pullover,,sem exercício correspondente no catálogo,Self-Assisted-Inverted-Pullover-(female)_Back__converted.gif,exercises/maquinas/abdominais/Self-Assisted-Inverted-Pullover-(female)_Back__converted.gif,b896a31e2fdfbee0bb0cd178ad471a4bce8d5ce85d425006d85ff8b7a25d973a
UNMATCHED,maquinas,abdominais,side hip on parallel bars,,sem exercício correspondente no catálogo,Side-Hip-(on-parallel-bars)_Waist-FIX__converted.gif,exercises/maquinas/abdominais/Side-Hip-(on-parallel-bars)_Waist-FIX__converted.gif,c00757b26e050f33feee4697ec5716eee8f696bf8e7ff40505f97c0b9b56aa47
UNMATCHED,maquinas,abdominais,smith hip raise,,sem exercício correspondente no catálogo,Smith-Hip-Raise_waist_converted.gif,exercises/maquinas/abdominais/Smith-Hip-Raise_waist_converted.gif,b0873c279d6b5a2e403ebfc3e69f025e754edb443cce383a1112d4d60c731294
UNMATCHED,maquinas,abdominais,twist turn lift,,sem exercício correspondente no catálogo,Twist-Turn-Lift-(male)_Waist__converted.gif,exercises/maquinas/abdominais/Twist-Turn-Lift-(male)_Waist__converted.gif,cc56aef385f1665e61cf9e7afaa8fc006f2bfacfc6d1d2f734364aefbb2dc739
UNMATCHED,maquinas,abdominais,twisted leg raise,,sem exercício correspondente no catálogo,Twisted-Leg-Raise-(female)_Waist_converted.gif,exercises/maquinas/abdominais/Twisted-Leg-Raise-(female)_Waist_converted.gif,81bf09cdfde3f1269e1ba673eb954abd143d041a5e2c8adf381998be23dcd647
UNMATCHED,maquinas,abdominais,twisted leg raise,,sem exercício correspondente no catálogo,Twisted-Leg-Raise_Waist__converted.gif,exercises/maquinas/abdominais/Twisted-Leg-Raise_Waist__converted.gif,f1be6acdb1a5f1f72a9bdec8c0a30f90bf98bde6ed9663b44e8fc0e3d948ca14
UNMATCHED,maquinas,abdominais,vertical leg raise on parallel bars,,sem exercício correspondente no catálogo,Vertical-Leg-Raise-(on-parallel-bars)-(female)-(VERSION-2)_Hips_converted.gif,exercises/maquinas/abdominais/Vertical-Leg-Raise-(on-parallel-bars)-(female)-(VERSION-2)_Hips_converted.gif,5a6398753c16e1550ddce88ac205ab180884a8050d9b7e69ef52b58e8fcacc85
UNMATCHED,maquinas,abdominais,vertical leg raise on parallel bars,,sem exercício correspondente no catálogo,Vertical-Leg-Raise-(on-parallel-bars)_Hips__converted.gif,exercises/maquinas/abdominais/Vertical-Leg-Raise-(on-parallel-bars)_Hips__converted.gif,1cc5344c5cec62adc6443607430af8d01ec7116b2c56cddf6641f81e63af57e1
UNMATCHED,maquinas,abdominais,vertical sit up,,sem exercício correspondente no catálogo,Vertical-Sit-Up-(male)_Waist__converted.gif,exercises/maquinas/abdominais/Vertical-Sit-Up-(male)_Waist__converted.gif,2ad00b3b1cd0a6d3f9b6d3dd8c1296ff9fcfef98af62f52e3572e4271b113b8b
UNMATCHED,maquinas,abdominais,vibrate plate plank,,sem exercício correspondente no catálogo,Vibrate-Plate-Plank-(female)_Stretching_converted.gif,exercises/maquinas/abdominais/Vibrate-Plate-Plank-(female)_Stretching_converted.gif,641c0281fded1b8f19a07e3ecd01e8c165c4f3107d3fe5bfae7c1989d8d63aaa
UNMATCHED,maquinas,abdominais,weighted captains chair leg raise,,sem exercício correspondente no catálogo,Weighted-Captains-chair-leg-raise_Hips_converted.gif,exercises/maquinas/abdominais/Weighted-Captains-chair-leg-raise_Hips_converted.gif,4ef66bfd60f8b3971282089279f9b84a3cdf40ae07eea7f7007a680eed81721e
UNMATCHED,maquinas,abdominais,weighted decline crunch,,sem exercício correspondente no catálogo,Weighted-Decline-Crunch-(female)_Waist__converted.gif,exercises/maquinas/abdominais/Weighted-Decline-Crunch-(female)_Waist__converted.gif,7b7c0ebc7018f596ad6ca51f2fac5e355ea8a6268ee727dfe40aaf62aaf278ce
UNMATCHED,maquinas,antebraco,lever gripper hands plate loaded,,sem exercício correspondente no catálogo,Lever-Gripper-Hands-(plate-loaded)_Hands__converted.gif,exercises/maquinas/antebraco/Lever-Gripper-Hands-(plate-loaded)_Hands__converted.gif,18947bacaaf0b4cef644a3181623f9c2ed4fd7b0c8871977af187fe05ba0af14
UNMATCHED,maquinas,biceps,bar biceps curl,,sem exercício correspondente no catálogo,Bar-Biceps-Curl_Upper-Arms__converted.gif,exercises/maquinas/biceps/Bar-Biceps-Curl_Upper-Arms__converted.gif,cb2596e541cdd62015f3b07850223611916900e795782600e97bbb3a612a05e7
UNMATCHED,maquinas,biceps,lever alternate biceps curl,,sem exercício correspondente no catálogo,Lever-Alternate-Biceps-Curl_Upper-Arms__converted.gif,exercises/maquinas/biceps/Lever-Alternate-Biceps-Curl_Upper-Arms__converted.gif,692b7873515330680be6ce327925c724534d542238ba809b65486c9075eb5ed9
UNMATCHED,maquinas,biceps,lever bicep curl,,sem exercício correspondente no catálogo,Lever-Bicep-Curl_Upper-Arms__converted.gif,exercises/maquinas/biceps/Lever-Bicep-Curl_Upper-Arms__converted.gif,61b8681e6b140d04fdfdcbc8e7bdcf5a274f9682421b17b65bd8d51da9d1d6cb
UNMATCHED,maquinas,biceps,lever biceps curl,,sem exercício correspondente no catálogo,Lever-Biceps-Curl_Upper-Arms__converted.gif,exercises/maquinas/biceps/Lever-Biceps-Curl_Upper-Arms__converted.gif,f859940d54855b7ac75c81b187acea75973083e4b3cba57ef61c164c4edcc6eb
UNMATCHED,maquinas,biceps,lever hammer grip preacher curl,,sem exercício correspondente no catálogo,Lever-Hammer-Grip-Preacher-Curl_Upper-Arms__converted.gif,exercises/maquinas/biceps/Lever-Hammer-Grip-Preacher-Curl_Upper-Arms__converted.gif,0c645ba164547f7ab3f8122a1e8189c2f2d9e0e78d60ad537a7aeb98bb012d61
UNMATCHED,maquinas,biceps,lever preacher curl plate loaded,,sem exercício correspondente no catálogo,Lever-Preacher-Curl-(plate-loaded)_converted.gif,exercises/maquinas/biceps/Lever-Preacher-Curl-(plate-loaded)_converted.gif,79402fb1a5548575abf3694ace0574430e804e494d6cd288587f0e5c1046494e
UNMATCHED,maquinas,biceps,lever preacher curl plate loaded,,sem exercício correspondente no catálogo,Lever-Preacher-Curl-(plate-loaded)_Upper-Arms_converted.gif,exercises/maquinas/biceps/Lever-Preacher-Curl-(plate-loaded)_Upper-Arms_converted.gif,289941d971b5ecf1e42cd8d0dbf3eb774a2eb57359f879f4d6dac7e5ba9a5210
UNMATCHED,maquinas,biceps,lever preacher curl turned torso,,sem exercício correspondente no catálogo,Lever-Preacher-Curl-(Turned-Torso)_Upper-Arms__converted.gif,exercises/maquinas/biceps/Lever-Preacher-Curl-(Turned-Torso)_Upper-Arms__converted.gif,51eb38581fdef56849a1858939f13f0df987a6744eb0b7195666535055bb3ee3
UNMATCHED,maquinas,biceps,lever preacher curl,,sem exercício correspondente no catálogo,Lever-Preacher-Curl-(version 2)_Upper-Arms_converted.gif,exercises/maquinas/biceps/Lever-Preacher-Curl-(version 2)_Upper-Arms_converted.gif,c22069424243d38121be2330efda6d63103e5b72dc640089a0a7e712a9e598cf
UNMATCHED,maquinas,biceps,lever preacher curl,,sem exercício correspondente no catálogo,Lever-Preacher-Curl_Upper-Arms-FIX__converted.gif,exercises/maquinas/biceps/Lever-Preacher-Curl_Upper-Arms-FIX__converted.gif,37156de020430ac16ab8eb8df7ee889db1e4664b575c60b549e14f7f08a4532c
UNMATCHED,maquinas,biceps,smith machine bicep curl,,sem exercício correspondente no catálogo,Smith-Machine-Bicep-Curl_Upper-Arms_converted.gif,exercises/maquinas/biceps/Smith-Machine-Bicep-Curl_Upper-Arms_converted.gif,2d9048e0bf9424076a5f71cd67f565068b3d4598008935fbad98d03c319c92c0
REVIEW,maquinas,costas,archer pull up,Barra fixa (pull-up),variação/parente de um exercício do catálogo — confirmar,Archer-Pull-up_Back__converted.gif,exercises/maquinas/costas/Archer-Pull-up_Back__converted.gif,99cdd0dde3537676198963f22a9866de2364a3c8b5ba581e6fecce2d3d32156c
REVIEW,maquinas,costas,assisted chin up on a bench,Barra fixa (pull-up),variação/parente de um exercício do catálogo — confirmar,Assisted-Chin-Up-on-a-bench-(male)_Back__converted.gif,exercises/maquinas/costas/Assisted-Chin-Up-on-a-bench-(male)_Back__converted.gif,04255dc4bc975518f276fdc6cc22b435f49cfbee6ae30b933d0a5870d001ffe2
REVIEW,maquinas,costas,assisted close grip underhand chin up,Barra fixa (pull-up),variação/parente de um exercício do catálogo — confirmar,Assisted-Close-grip-Underhand-Chin-up-(female)_Back_converted.gif,exercises/maquinas/costas/Assisted-Close-grip-Underhand-Chin-up-(female)_Back_converted.gif,a4c04b0248561b5641936af5690b993833150e555f2a2baa65e83bd96819a8aa
REVIEW,maquinas,costas,assisted parallel close grip pull up,Barra fixa (pull-up),variação/parente de um exercício do catálogo — confirmar,Assisted-Parallel-Close-Grip-Pull-up_Back-FIX__converted.gif,exercises/maquinas/costas/Assisted-Parallel-Close-Grip-Pull-up_Back-FIX__converted.gif,70e74f28aeb047277597a72ed87aa4aa5f212455fd28e00c2d124967e6b896a1
REVIEW,maquinas,costas,assisted pull up,Barra fixa (pull-up),variação/parente de um exercício do catálogo — confirmar,Assisted-Pull-up-(female)_Back__converted.gif,exercises/maquinas/costas/Assisted-Pull-up-(female)_Back__converted.gif,4894816e28d07fdcd2972d5ecd875ffbc15b65cc09304a2d3303fd1efb333c39
REVIEW,maquinas,costas,assisted pull up,Barra fixa (pull-up),variação/parente de um exercício do catálogo — confirmar,Assisted-Pull-up_Back_converted.gif,exercises/maquinas/costas/Assisted-Pull-up_Back_converted.gif,a966f2130f659f01774e4bd746c94033a3a1571cb1bd2f2cda0c3299666c0a1b
REVIEW,maquinas,costas,assisted single arm pull up,Barra fixa (pull-up),variação/parente de um exercício do catálogo — confirmar,Assisted-Single-Arm-Pull-up-(male)_Back__converted.gif,exercises/maquinas/costas/Assisted-Single-Arm-Pull-up-(male)_Back__converted.gif,4d5f1b3b9a6de182b25a6f07421ad50fd6fab7a07ab2a9684d29b26119cae1a4
REVIEW,maquinas,costas,box assisted pull up,Barra fixa (pull-up),variação/parente de um exercício do catálogo — confirmar,Box-Assisted-Pull-up-(female)_Back__converted.gif,exercises/maquinas/costas/Box-Assisted-Pull-up-(female)_Back__converted.gif,79e8c3637263dca3a0294ae3315376a2e5075e8613b1f2972539daea25f07bc2
REVIEW,maquinas,costas,box single leg assisted pull up,Barra fixa (pull-up),variação/parente de um exercício do catálogo — confirmar,Box-Single-Leg-Assisted-Pull-up-(female)_Back__converted.gif,exercises/maquinas/costas/Box-Single-Leg-Assisted-Pull-up-(female)_Back__converted.gif,fc5151841b05d6cf3ba02cf9a165c46f5e52af89e93bab959f9bbaf0a370f820
REVIEW,maquinas,costas,butterfly pull up,Barra fixa (pull-up),variação/parente de um exercício do catálogo — confirmar,Butterfly-Pull-Up_Back__converted.gif,exercises/maquinas/costas/Butterfly-Pull-Up_Back__converted.gif,779fa0281261247c1a07122ff2276517c04d5ac943b93e55b1c183f9385e0357
REVIEW,maquinas,costas,chin up izometric and negative,Barra fixa (pull-up),variação/parente de um exercício do catálogo — confirmar,Chin-up-(izometric-and-negative)_Back__converted.gif,exercises/maquinas/costas/Chin-up-(izometric-and-negative)_Back__converted.gif,0504b9bf98b1a58055a991515120469d19121f2a33f25889a0ae067e7e3d4dd3
UNMATCHED,maquinas,costas,chin ups narrow parallel grip,,sem exercício correspondente no catálogo,Chin-ups-(narrow-parallel-grip)_Back_converted.gif,exercises/maquinas/costas/Chin-ups-(narrow-parallel-grip)_Back_converted.gif,15a59c8e67b386f9ff6cfc6e266e8f0a56dbc9bb6cc7d92e7389ac23828973b7
REVIEW,maquinas,costas,chin up,Barra fixa (pull-up),variação/parente de um exercício do catálogo — confirmar,Chin-Up_Back-FIX__converted.gif,exercises/maquinas/costas/Chin-Up_Back-FIX__converted.gif,289e6635baa98284d60c7e2771387f24edd6b72b6a403afcabbcafbb5ae7af33
REVIEW,maquinas,costas,close grip chin up,Barra fixa (pull-up),variação/parente de um exercício do catálogo — confirmar,Close-Grip-Chin-Up_Back_converted.gif,exercises/maquinas/costas/Close-Grip-Chin-Up_Back_converted.gif,cb9ba4dd9bf6f082813eb2b769f41d84524581df33a92b1902658a5f8f3c8c60
REVIEW,maquinas,costas,close grip pull up,Barra fixa (pull-up),variação/parente de um exercício do catálogo — confirmar,Close-Grip-Pull-Up_Back__converted.gif,exercises/maquinas/costas/Close-Grip-Pull-Up_Back__converted.gif,93328aa19a18b5f6b0af3f83f69627c50d1b9311b38cbe4c1ea6d62c13233b77
REVIEW,maquinas,costas,commando pull up,Barra fixa (pull-up),variação/parente de um exercício do catálogo — confirmar,Commando-Pull-up-(female)_Back__converted.gif,exercises/maquinas/costas/Commando-Pull-up-(female)_Back__converted.gif,e399177143b19ac71b9a3fd8f41db9133ebfc4292fd322b0bf427ed73eca64fa
REVIEW,maquinas,costas,commando pull up,Barra fixa (pull-up),variação/parente de um exercício do catálogo — confirmar,Commando-Pull-up_Back__converted.gif,exercises/maquinas/costas/Commando-Pull-up_Back__converted.gif,f68767e5240d3d3553d0820b01df368618ed0dd1d09473c1895ab3fe1422d1d6
REVIEW,maquinas,costas,corn cob side to side pull up,Barra fixa (pull-up),variação/parente de um exercício do catálogo — confirmar,Corn-Cob-(Side-to-Side)-Pull-up-(male)_Back__converted.gif,exercises/maquinas/costas/Corn-Cob-(Side-to-Side)-Pull-up-(male)_Back__converted.gif,294571a8343dd0f892350984eb822443bb5e9fd92921cc6f7e6b713cd06d5912
UNMATCHED,maquinas,costas,dead hang stretch,,sem exercício correspondente no catálogo,Dead-Hang-Stretch_Stretching__converted.gif,exercises/maquinas/costas/Dead-Hang-Stretch_Stretching__converted.gif,707f0e44d77257fcca9e4971ceb8e5ffc20cc658398927115c628072dce12225
REVIEW,maquinas,costas,hammer grip pull up on dip cage,Barra fixa (pull-up),variação/parente de um exercício do catálogo — confirmar,Hammer-Grip-Pull-up-on-Dip-Cage_Back_converted.gif,exercises/maquinas/costas/Hammer-Grip-Pull-up-on-Dip-Cage_Back_converted.gif,1c809982dc3e73bd5f8aefde6fe946759bc8f1988a20a8ae85fab34aaddfd06e
UNMATCHED,maquinas,costas,hangback bar stretch,,sem exercício correspondente no catálogo,Hangback-Bar-Stretch_Stretching__converted.gif,exercises/maquinas/costas/Hangback-Bar-Stretch_Stretching__converted.gif,8b8031282e39dc02bcdb5aafa1e93022c091629c078256450db7ecb11a049c0c
UNMATCHED,maquinas,costas,inverted row bent knees,,sem exercício correspondente no catálogo,Inverted-Row-Bent-Knees_Back_converted.gif,exercises/maquinas/costas/Inverted-Row-Bent-Knees_Back_converted.gif,cde552dc1edab45fcf7ed02a6b15ac06b0f7d700ad86e398a01d176b38b793dd
UNMATCHED,maquinas,costas,inverted row on bench,,sem exercício correspondente no catálogo,Inverted-Row-on-Bench_Back__converted.gif,exercises/maquinas/costas/Inverted-Row-on-Bench_Back__converted.gif,19aed1e7bc23d9cf9d87d795142c39d13b5f01ac2bdb1b733cb9230980c150b1
UNMATCHED,maquinas,costas,inverted row with straps,,sem exercício correspondente no catálogo,Inverted-Row-with-Straps_Back_converted.gif,exercises/maquinas/costas/Inverted-Row-with-Straps_Back_converted.gif,e2ed039bcec2e2420052c7e3a666814b3e0e121e2b3756daef707e83e322a21d
UNMATCHED,maquinas,costas,inverted row,,sem exercício correspondente no catálogo,Inverted-Row_Back-FIX__converted.gif,exercises/maquinas/costas/Inverted-Row_Back-FIX__converted.gif,7d5cb33fa37011185ab2bf1de18543bc9947059de331b49fa9b40bc9d21ac35f
REVIEW,maquinas,costas,jumping pull up,Barra fixa (pull-up),variação/parente de um exercício do catálogo — confirmar,Jumping-Pull-up_Back-FIX__converted.gif,exercises/maquinas/costas/Jumping-Pull-up_Back-FIX__converted.gif,40a8ee1de0a2f5e711b2124319f4486223098748fdc0de191d50cfc748f3bfb1
REVIEW,maquinas,costas,l pull up waist,Barra fixa (pull-up),variação/parente de um exercício do catálogo — confirmar,L-Pull-Up_Back_Waist__converted.gif,exercises/maquinas/costas/L-Pull-Up_Back_Waist__converted.gif,5bb608d79195458e6b54bda387b04ce06ce0551a789a1ba5d5920ae89ce5b5a2
REVIEW,maquinas,costas,l sit chin up,Barra fixa (pull-up),variação/parente de um exercício do catálogo — confirmar,L-Sit-Chin-up-(male)_Back__converted.gif,exercises/maquinas/costas/L-Sit-Chin-up-(male)_Back__converted.gif,7ff490c4fe7456467f1aadf08b43e24781c3a3d8b1232999eecd14d28bec70a5
REVIEW,maquinas,costas,l sit pull up,Barra fixa (pull-up),variação/parente de um exercício do catálogo — confirmar,L-Sit-Pull-up-(male)_Back__converted.gif,exercises/maquinas/costas/L-Sit-Pull-up-(male)_Back__converted.gif,076e39cfac5325e2d492bf8ec9f3f95766a0df7a5c1e7a7ba42cf1732110d351
REVIEW,maquinas,costas,lever assisted chin up,Barra fixa (pull-up),variação/parente de um exercício do catálogo — confirmar,Lever-Assisted-Chin-Up_Back__converted.gif,exercises/maquinas/costas/Lever-Assisted-Chin-Up_Back__converted.gif,4d16a79c8260042d67d1bc69edb136223fb351996ec1634bc54c16ab89ebdb41
REVIEW,maquinas,costas,lever assisted neutral grip chin up,Barra fixa (pull-up),variação/parente de um exercício do catálogo — confirmar,Lever-Assisted-Neutral-Grip-Chin-Up-(male)_Back__converted.gif,exercises/maquinas/costas/Lever-Assisted-Neutral-Grip-Chin-Up-(male)_Back__converted.gif,54efd04f80467820696ed954af889723921836ca4476c286e151711ba309bf57
REVIEW,maquinas,costas,lever assisted standing chin up,Barra fixa (pull-up),variação/parente de um exercício do catálogo — confirmar,Lever-Assisted-Standing-Chin-Up_Back__converted.gif,exercises/maquinas/costas/Lever-Assisted-Standing-Chin-Up_Back__converted.gif,f92213206d108b48e39b12a09baaefbe602ad74156cc15f6b5c5fc2c5becec2c
REVIEW,maquinas,costas,lever bent over low row,Remada curvada com barra | Remada baixa (polia),mais de um exercício possível,Lever-Bent-Over-Low-Row-(male)_Back__converted.gif,exercises/maquinas/costas/Lever-Bent-Over-Low-Row-(male)_Back__converted.gif,75d33c73e0ad214817ced211ff89f7a26dddca4421627e758562f2c44a353b81
REVIEW,maquinas,costas,lever bent over neutral grip row with chest support,Remada curvada com barra,variação/parente de um exercício do catálogo — confirmar,Lever-Bent-Over-Neutral-Grip-Row-(with-chest-support)_Back__converted.gif,exercises/maquinas/costas/Lever-Bent-Over-Neutral-Grip-Row-(with-chest-support)_Back__converted.gif,aba6f7d2efcd4c6f1145d05d439394fd929bed92f78538a89bec42a85721a3d0
REVIEW,maquinas,costas,lever cross lat pulldown,Puxada frontal (pulley),variação/parente de um exercício do catálogo — confirmar,Lever-Cross-Lat-Pulldown-(male)_Back__converted.gif,exercises/maquinas/costas/Lever-Cross-Lat-Pulldown-(male)_Back__converted.gif,2ac2800314795388948d79b3017004f08d49f7f21f1626964df5774b395693d9
REVIEW,maquinas,costas,lever cross lat pulldown,Puxada frontal (pulley),variação/parente de um exercício do catálogo — confirmar,Lever-Cross-Lat-Pulldown-(VERSION-2)-(male)_Back__converted.gif,exercises/maquinas/costas/Lever-Cross-Lat-Pulldown-(VERSION-2)-(male)_Back__converted.gif,49d5d06f0a4ff22fd4a4933aaa9fc1856b07ef8095100a415d7ad3a83592445b
REVIEW,maquinas,costas,lever front pulldown,Puxada frontal (pulley),variação/parente de um exercício do catálogo — confirmar,Lever-Front-Pulldown_Back_converted.gif,exercises/maquinas/costas/Lever-Front-Pulldown_Back_converted.gif,0bcf2c75f2c5c1472bc0df91f797ef71bf30b45c60a6b5f2e1bc6ab9c22df235
UNMATCHED,maquinas,costas,lever high row plate loaded,,sem exercício correspondente no catálogo,Lever-High-Row-(plate-loaded)-(VERSION-2)_Back_converted.gif,exercises/maquinas/costas/Lever-High-Row-(plate-loaded)-(VERSION-2)_Back_converted.gif,3da1e5f42e690f1615ffc561dabdc1cb15143f458430f2900efd1c58f485358d
UNMATCHED,maquinas,costas,lever high row plate loaded,,sem exercício correspondente no catálogo,Lever-High-Row-(plate-loaded)-(VERSION-3)_Back_converted.gif,exercises/maquinas/costas/Lever-High-Row-(plate-loaded)-(VERSION-3)_Back_converted.gif,e2ac3977b8e246a646a3c0a885b9d8d8d553e2e73a3ce50bf86d7d8807e22541
UNMATCHED,maquinas,costas,lever high row plate loaded,,sem exercício correspondente no catálogo,Lever-High-Row-(plate-loaded)_Back_converted.gif,exercises/maquinas/costas/Lever-High-Row-(plate-loaded)_Back_converted.gif,634d64f605638bc1ee083693edeae9bc9fb986dd8f895c42c86de88bd0a45070
UNMATCHED,maquinas,costas,lever lateral pulldown plate loaded,,sem exercício correspondente no catálogo,Lever-Lateral-Pulldown-(plate-loaded)_Back_converted.gif,exercises/maquinas/costas/Lever-Lateral-Pulldown-(plate-loaded)_Back_converted.gif,4b5ce48d9a9bcb1ec1ba9dfaa2cf9804cdf9a93eb16c9880d008535bcbc8e16d
REVIEW,maquinas,costas,lever lateral wide pulldown,Puxada frontal (pulley),variação/parente de um exercício do catálogo — confirmar,Lever-Lateral-Wide-Pulldown_Back_converted.gif,exercises/maquinas/costas/Lever-Lateral-Wide-Pulldown_Back_converted.gif,28c661147a1fd6af28137948a5d78af7d5db194a384394ab43321dae00994518
REVIEW,maquinas,costas,lever low row plate loaded,Remada baixa (polia),variação/parente de um exercício do catálogo — confirmar,Lever-Low-Row-(plate-loaded)_Back__converted.gif,exercises/maquinas/costas/Lever-Low-Row-(plate-loaded)_Back__converted.gif,88fe4193af8534f05e31faaafbd1b4b7e25b078b42a5749ab5b73858f967ed4b
UNMATCHED,maquinas,costas,lever lying t bar row,,sem exercício correspondente no catálogo,Lever-Lying-T-bar-Row_Back_converted.gif,exercises/maquinas/costas/Lever-Lying-T-bar-Row_Back_converted.gif,24543afc02b7ab82d79dbff9bec342a247b7b867eadedc89845b5586e83c64b2
REVIEW,maquinas,costas,lever neutral grip seated row plate loaded,Remada baixa (polia),variação/parente de um exercício do catálogo — confirmar,Lever-Neutral-Grip-Seated-Row-(plate-loaded)_Back-_converted.gif,exercises/maquinas/costas/Lever-Neutral-Grip-Seated-Row-(plate-loaded)_Back-_converted.gif,679987f3543937776291879b16f4a2e2a90a6a1b522058cd6114060fb78be053
UNMATCHED,maquinas,costas,lever one arm lateral high row,,sem exercício correspondente no catálogo,Lever-One-Arm-Lateral-High-Row_Back__converted.gif,exercises/maquinas/costas/Lever-One-Arm-Lateral-High-Row_Back__converted.gif,f2780dedf52f294c895c023141ff3ef1e959349fead3e6490f0a36014e40af6f
REVIEW,maquinas,costas,lever one arm lateral wide pulldown plate loaded,Puxada frontal (pulley),variação/parente de um exercício do catálogo — confirmar,Lever-One-Arm-Lateral-Wide-Pulldown-(plate-loaded)_Back_converted.gif,exercises/maquinas/costas/Lever-One-Arm-Lateral-Wide-Pulldown-(plate-loaded)_Back_converted.gif,f2a6c636e96eaea4af2047fd37c196c1747c337a6912ccefbc5c74d328a2d9e5
REVIEW,maquinas,costas,lever one arm low row plate loaded,Remada baixa (polia),variação/parente de um exercício do catálogo — confirmar,Lever-One-Arm-Low-Row-(plate-loaded)_Back__converted.gif,exercises/maquinas/costas/Lever-One-Arm-Low-Row-(plate-loaded)_Back__converted.gif,7e21b9b320e945ca84481b8b858caa2eff584f2dc0c9453d5063a885fa07a841
REVIEW,maquinas,costas,lever outdoor seated lat pulldown,Puxada frontal (pulley),variação/parente de um exercício do catálogo — confirmar,Lever-Outdoor-Seated-Lat-Pulldown_Back__converted.gif,exercises/maquinas/costas/Lever-Outdoor-Seated-Lat-Pulldown_Back__converted.gif,2fc42f7f76a088e383fb8e6d5b3ad92499c0ca587f2dc600721ec5b8f28b71ae
REVIEW,maquinas,costas,lever pronated grip seated row plate loaded,Remada baixa (polia),variação/parente de um exercício do catálogo — confirmar,Lever-Pronated-Grip-Seated-Row-(plate-loaded)_Back_converted.gif,exercises/maquinas/costas/Lever-Pronated-Grip-Seated-Row-(plate-loaded)_Back_converted.gif,c840548789a7c00cba051442c00d0e1b0ec74420887d0c05eac6a9f360c85254
UNMATCHED,maquinas,costas,lever pronated grip seated scapular retraction shr,,sem exercício correspondente no catálogo,Lever-Pronated-Grip-Seated-Scapular-Retraction-Shr_converted.gif,exercises/maquinas/costas/Lever-Pronated-Grip-Seated-Scapular-Retraction-Shr_converted.gif,1f787a4c97c353ffb5eb339d41c06fa2d92df0438a1e97339645ce18eb1fa1ef
UNMATCHED,maquinas,costas,lever reverse grip high row plate loaded,,sem exercício correspondente no catálogo,Lever-Reverse-Grip-High-Row-(plate-loaded)_Back__converted.gif,exercises/maquinas/costas/Lever-Reverse-Grip-High-Row-(plate-loaded)_Back__converted.gif,4300db04d2bd3cc6a12e16433838a3d30dd94030e40ec04af83bedaea223953d
UNMATCHED,maquinas,costas,lever reverse grip lateral pulldown plate loaded,,sem exercício correspondente no catálogo,Lever-Reverse-grip-Lateral-Pulldown-(plate-loaded)_Back_converted.gif,exercises/maquinas/costas/Lever-Reverse-grip-Lateral-Pulldown-(plate-loaded)_Back_converted.gif,d8e550de087956d69e38c7982c9f5c7e754e7d4dd15ff1d6db3e4cccae574564
UNMATCHED,maquinas,costas,lever reverse t bar row,,sem exercício correspondente no catálogo,Lever-Reverse-T-Bar-Row_Back_converted.gif,exercises/maquinas/costas/Lever-Reverse-T-Bar-Row_Back_converted.gif,d8ec43ddf4bad8ec1c98d07b7e57476a80dc5b7e788bbdb390c90f8b129fbc7f
UNMATCHED,maquinas,costas,lever row plate loaded,,sem exercício correspondente no catálogo,Lever-Row-(plate-loaded)_Back__converted.gif,exercises/maquinas/costas/Lever-Row-(plate-loaded)_Back__converted.gif,638fc14a011f7ad994d6989202c3de01cade79bbc038c8d135a031dfdd0d55de
UNMATCHED,maquinas,costas,lever seated reverse fly parallel grip,,sem exercício correspondente no catálogo,Lever-Seated-Reverse-Fly-(parallel-grip)_Shoulders_converted.gif,exercises/maquinas/costas/Lever-Seated-Reverse-Fly-(parallel-grip)_Shoulders_converted.gif,d3f84a90b71a6b946fc43da5589e376f9686fc925e7f8325866eaf3bccd582bd
UNMATCHED,maquinas,costas,lever seated reverse fly parallel grip,,sem exercício correspondente no catálogo,Lever-Seated-Reverse-Fly-(parallel-grip)_shoulder_converted.gif,exercises/maquinas/costas/Lever-Seated-Reverse-Fly-(parallel-grip)_shoulder_converted.gif,4db518119d29ad533d52d0f680cef9f1f2f235513533279ac0b9056ee56e7665
UNMATCHED,maquinas,costas,lever seated reverse fly,,sem exercício correspondente no catálogo,Lever-Seated-Reverse-Fly_Shoulders-FIX__converted.gif,exercises/maquinas/costas/Lever-Seated-Reverse-Fly_Shoulders-FIX__converted.gif,946701817f11e0628d6937bb4d622b837e7221cc4d6f46ae45f8625a2397b69e
UNMATCHED,maquinas,costas,lever seated reverse fly,,sem exercício correspondente no catálogo,Lever-Seated-Reverse-Fly_Shoulders_converted.gif,exercises/maquinas/costas/Lever-Seated-Reverse-Fly_Shoulders_converted.gif,43e75c0e5f23e70a1364f9cf6aca37fbce03f88af5fcc333360e6738be305720
REVIEW,maquinas,costas,lever seated row plate loaded,Remada baixa (polia),variação/parente de um exercício do catálogo — confirmar,Lever-Seated-Row-(plate-loaded)_Back_converted.gif,exercises/maquinas/costas/Lever-Seated-Row-(plate-loaded)_Back_converted.gif,545bd3fe07fefddfdf326f95dbedbfec59f0d2db06156c48865b6841cea96937
REVIEW,maquinas,costas,lever seated row,Remada baixa (polia),variação/parente de um exercício do catálogo — confirmar,Lever-Seated-Row-(version-2)_Back_converted.gif,exercises/maquinas/costas/Lever-Seated-Row-(version-2)_Back_converted.gif,22390c739c31a60c965a80eca01da857b37d5caca94687abf90f7b7e528b8fa2
REVIEW,maquinas,costas,lever seated row,Remada baixa (polia),variação/parente de um exercício do catálogo — confirmar,Lever-Seated-Row_Back_converted.gif,exercises/maquinas/costas/Lever-Seated-Row_Back_converted.gif,8a6a9ba565037d9c4840ccd7650e9f6851baf02947578e39c385dfa41648a2e4
REVIEW,maquinas,costas,lever seated single arm row,Remada baixa (polia),variação/parente de um exercício do catálogo — confirmar,Lever-Seated-Single-Arm-Row-(male)_Back__converted.gif,exercises/maquinas/costas/Lever-Seated-Single-Arm-Row-(male)_Back__converted.gif,c891c500c35c5dfb7ab6091044e76e8aee8179e13025c9d3b7978a3800f1228d
REVIEW,maquinas,costas,lever seated single arm wide lat pulldown,Puxada frontal (pulley),variação/parente de um exercício do catálogo — confirmar,Lever-Seated-Single-Arm-Wide-Lat-Pulldown-(male)_B_converted.gif,exercises/maquinas/costas/Lever-Seated-Single-Arm-Wide-Lat-Pulldown-(male)_B_converted.gif,d32b73bb0422b1745c8af362ed6e8fef49ec32b340b930ca2ae1ce002daca88b
REVIEW,maquinas,costas,lever seated wide lat pulldown,Puxada frontal (pulley),variação/parente de um exercício do catálogo — confirmar,Lever-Seated-Wide-Lat-Pulldown-(male)_Back__converted.gif,exercises/maquinas/costas/Lever-Seated-Wide-Lat-Pulldown-(male)_Back__converted.gif,dc7e6b6a78f2cc6f6f24a2adfc61840cb5d1aba8de6e147f525124f0ac716bcf
REVIEW,maquinas,costas,lever seated wide pulldown plate loaded,Puxada frontal (pulley),variação/parente de um exercício do catálogo — confirmar,Lever-Seated-Wide-Pulldown-(plate-loaded)-(male)_B_converted.gif,exercises/maquinas/costas/Lever-Seated-Wide-Pulldown-(plate-loaded)-(male)_B_converted.gif,d32833402862d0d04b5a06ddac8810fdb72952e07f136bfde21994a8a5e92bee
REVIEW,maquinas,costas,lever single arm neutral grip seated row plate lo,Remada baixa (polia),variação/parente de um exercício do catálogo — confirmar,Lever-Single-Arm-Neutral-Grip-Seated-Row-(plate-lo_converted.gif,exercises/maquinas/costas/Lever-Single-Arm-Neutral-Grip-Seated-Row-(plate-lo_converted.gif,1aaa7306021c74f3e79eb7a733290dc1b2ba60d07c229fb669070c46ebff438c
UNMATCHED,maquinas,costas,lever single arm reverse grip high row plate load,,sem exercício correspondente no catálogo,Lever-Single-Arm-Reverse-Grip-High-Row-(plate-load_converted.gif,exercises/maquinas/costas/Lever-Single-Arm-Reverse-Grip-High-Row-(plate-load_converted.gif,c58bad5f10c1a342c530d4d9ae6f553ba71aeddaa01aa33ef18a38a08956e3c0
REVIEW,maquinas,costas,lever supinated grip seated row plate loaded,Remada baixa (polia),variação/parente de um exercício do catálogo — confirmar,Lever-Supinated-Grip-Seated-Row-(plate-loaded)_Bac_converted.gif,exercises/maquinas/costas/Lever-Supinated-Grip-Seated-Row-(plate-loaded)_Bac_converted.gif,59b187a7df2e3f9f3397810b8e11bf2d440098b366822315450cc3bfba8e2595
UNMATCHED,maquinas,costas,lever unilateral row,,sem exercício correspondente no catálogo,Lever-Unilateral-Row_Back_converted.gif,exercises/maquinas/costas/Lever-Unilateral-Row_Back_converted.gif,fcf4242a192fbe86a1384c0f31735022478329ac32f4f1983494d55212e9ad36
REVIEW,maquinas,costas,mixed grip chin up,Barra fixa (pull-up),variação/parente de um exercício do catálogo — confirmar,Mixed-Grip-Chin-up_Back__converted.gif,exercises/maquinas/costas/Mixed-Grip-Chin-up_Back__converted.gif,554f528b686c5377a1d577f884abee522cc26364c6414ba1cbf207be7ad5c69d
REVIEW,maquinas,costas,neutral grip chin up,Barra fixa (pull-up),variação/parente de um exercício do catálogo — confirmar,Neutral-Grip-Chin-Up-(male)_Back__converted.gif,exercises/maquinas/costas/Neutral-Grip-Chin-Up-(male)_Back__converted.gif,0f05c755541510740a73a6333c97a9eda68ad328b98fc3dd80dc7d12346185e4
UNMATCHED,maquinas,costas,one handed hang stretch,,sem exercício correspondente no catálogo,One-Handed-Hang-Stretch_Back__converted.gif,exercises/maquinas/costas/One-Handed-Hang-Stretch_Back__converted.gif,99227ef4a7e38407d2a2ba16d4b8d8254cae445f8affc18b7aa0d77f52a84fc2
REVIEW,maquinas,costas,partner assisted pull up,Barra fixa (pull-up),variação/parente de um exercício do catálogo — confirmar,Partner-Assisted-Pull-up-(female)_Back__converted.gif,exercises/maquinas/costas/Partner-Assisted-Pull-up-(female)_Back__converted.gif,00b2c444f9ad078de2036a4e07f6901c65bcf9637a4f6d8383db782d47da9777
REVIEW,maquinas,costas,pull up negative,Barra fixa (pull-up),variação/parente de um exercício do catálogo — confirmar,Pull-up-(negative)-(male)_Back__converted.gif,exercises/maquinas/costas/Pull-up-(negative)-(male)_Back__converted.gif,abc4a344d901389489b6dde3e0e384a66753f11e4db5f2354b503a049707863b
REVIEW,maquinas,costas,pull up wide grip,Barra fixa (pull-up),variação/parente de um exercício do catálogo — confirmar,Pull-up-(wide-grip)_Back-FIX__converted.gif,exercises/maquinas/costas/Pull-up-(wide-grip)_Back-FIX__converted.gif,acdf30cb424bc919f79ff008c2619bc716c8b8bedf3af087e883f296460d1484
REVIEW,maquinas,costas,rear pull up,Barra fixa (pull-up),variação/parente de um exercício do catálogo — confirmar,Rear-Pull-up_Back__converted.gif,exercises/maquinas/costas/Rear-Pull-up_Back__converted.gif,e44c6a74fe1264d42e3f1cc4de1749698c10999827dfc4ef0a7c6d7991565a5a
REVIEW,maquinas,costas,reverse grip machine lat pulldown,Puxada frontal (pulley),variação/parente de um exercício do catálogo — confirmar,Reverse-Grip-Machine-Lat-Pulldown-(female)_Back_converted.gif,exercises/maquinas/costas/Reverse-Grip-Machine-Lat-Pulldown-(female)_Back_converted.gif,d62eb23389f192b311b801a92d5f7b6bef4f0f85c0a6858b7352a25b4f0a03f2
REVIEW,maquinas,costas,reverse grip machine lat pulldown,Puxada frontal (pulley),variação/parente de um exercício do catálogo — confirmar,reverse-grip-machine-lat-pulldown_Back_converted.gif,exercises/maquinas/costas/reverse-grip-machine-lat-pulldown_Back_converted.gif,01a3cf47c84cdf3403fe9f2745f268fbad53d4919aec1072e6038784dabd98d9
REVIEW,maquinas,costas,reverse grip pull up,Barra fixa (pull-up),variação/parente de um exercício do catálogo — confirmar,Reverse-grip-Pull-up_Back-FIX__converted.gif,exercises/maquinas/costas/Reverse-grip-Pull-up_Back-FIX__converted.gif,8f3bbb7aced622f24a90d49359769018609902987767d2c08722ac4b4c91174c
REVIEW,maquinas,costas,rocky pull up pulldown,Barra fixa (pull-up),variação/parente de um exercício do catálogo — confirmar,Rocky-Pull-Up-Pulldown_Back__converted.gif,exercises/maquinas/costas/Rocky-Pull-Up-Pulldown_Back__converted.gif,42f4ba664c60b55a1597b6d2f0835822df25ad73f4ba535d0ac1fca73f462731
REVIEW,maquinas,costas,seated chin up legs elevated,Barra fixa (pull-up),variação/parente de um exercício do catálogo — confirmar,Seated-Chin-Up-(legs-elevated)_Back__converted.gif,exercises/maquinas/costas/Seated-Chin-Up-(legs-elevated)_Back__converted.gif,e043f1d437f41eeff13640bc466507c7723916792e24d4c04eae06dcab3724a6
REVIEW,maquinas,costas,seated chin up,Barra fixa (pull-up),variação/parente de um exercício do catálogo — confirmar,Seated-Chin-up_Back__converted.gif,exercises/maquinas/costas/Seated-Chin-up_Back__converted.gif,ef56cf79f039edd1930d1b782fd65d7dff4988ac729df89d275276b6bc88275e
REVIEW,maquinas,costas,seated isometric hold pull up,Barra fixa (pull-up),variação/parente de um exercício do catálogo — confirmar,Seated-Isometric-Hold-Pull-up_Back__converted.gif,exercises/maquinas/costas/Seated-Isometric-Hold-Pull-up_Back__converted.gif,7a1301c9f1f720f01a192e2dd5dafdd6df4ecafcedd540bd19b44df577bd0d3d
REVIEW,maquinas,costas,seated pull up legs elevated,Barra fixa (pull-up),variação/parente de um exercício do catálogo — confirmar,Seated-Pull-up-(legs-elevated)_Back__converted.gif,exercises/maquinas/costas/Seated-Pull-up-(legs-elevated)_Back__converted.gif,4e2b6e210a4aff12f1e1dc173c3d332720f05406e92c691603e24219c7482e75
REVIEW,maquinas,costas,seated pull up,Barra fixa (pull-up),variação/parente de um exercício do catálogo — confirmar,Seated-Pull-up_Back__converted.gif,exercises/maquinas/costas/Seated-Pull-up_Back__converted.gif,2da8074829448d7ab490ae47aee9d7095a352419ed067f1fc02a0e55d39d7005
REVIEW,maquinas,costas,single arm pull up,Barra fixa (pull-up),variação/parente de um exercício do catálogo — confirmar,Single-Arm-Pull-up-(male)_Back__converted.gif,exercises/maquinas/costas/Single-Arm-Pull-up-(male)_Back__converted.gif,cebf34508071034291440548921a63d7eed54e7a1b682e2b682065e7bc25e863
REVIEW,maquinas,costas,single arm side straight arm lat pulldown,Puxada frontal (pulley),variação/parente de um exercício do catálogo — confirmar,Single-Arm-Side-Straight-Arm-Lat-Pulldown-(male)_Back__converted.gif,exercises/maquinas/costas/Single-Arm-Side-Straight-Arm-Lat-Pulldown-(male)_Back__converted.gif,2150ceec1e58cd5beb3de4ea42050dfed488d0e363b4c7124b35e70426cba49c
UNMATCHED,maquinas,costas,ski ergometer,,sem exercício correspondente no catálogo,Ski-Ergometer_Cardio__converted.gif,exercises/maquinas/costas/Ski-Ergometer_Cardio__converted.gif,4d6fbf727b8a3a3957319a579698471489a1e50ac145d34d9b2ab3eff906159c
REVIEW,maquinas,costas,smith bent over row,Remada curvada com barra,variação/parente de um exercício do catálogo — confirmar,Smith-Bent-Over-Row-(VERSION-2)_Back__converted.gif,exercises/maquinas/costas/Smith-Bent-Over-Row-(VERSION-2)_Back__converted.gif,af3603d7dfd225535f98165e8eae584612e161cb8340d27cbcbfd351050c2e0c
UNMATCHED,maquinas,costas,smith narrow row,,sem exercício correspondente no catálogo,Smith-Narrow-Row_Back_converted.gif,exercises/maquinas/costas/Smith-Narrow-Row_Back_converted.gif,cce9dafa625a26799a89e03cf6dcc4fe9986bdb073b755edbc8926cb7c3a7969
REVIEW,maquinas,costas,smith single arm bent over row,Remada curvada com barra,variação/parente de um exercício do catálogo — confirmar,Smith-Single-Arm-Bent-Over-Row_Back__converted.gif,exercises/maquinas/costas/Smith-Single-Arm-Bent-Over-Row_Back__converted.gif,c1db19b0f619f77ff833bc1b8fbd30aaa09cbd306e9238de000c47cf20c34db9
UNMATCHED,maquinas,costas,supination bar suspension stretch,,sem exercício correspondente no catálogo,Supination-Bar-Suspension-Stretch_Upper-Arms__converted.gif,exercises/maquinas/costas/Supination-Bar-Suspension-Stretch_Upper-Arms__converted.gif,fcb10fd92231c45301c45e611c6d14f665c834eaac4c33da6595ac4645382eeb
UNMATCHED,maquinas,costas,underhand grip inverted back row,,sem exercício correspondente no catálogo,Underhand-Grip-Inverted-Back-Row_Back__converted.gif,exercises/maquinas/costas/Underhand-Grip-Inverted-Back-Row_Back__converted.gif,d1ec23af4f1ea8cd069a480ef2d95d1668ca0b4a0d5b74c56ddbc08469629a7b
REVIEW,maquinas,costas,uneven pull up,Barra fixa (pull-up),variação/parente de um exercício do catálogo — confirmar,Uneven-Pull-up-(male)_Back__converted.gif,exercises/maquinas/costas/Uneven-Pull-up-(male)_Back__converted.gif,af8430e8ffd1c9d1aa955924a32e537a48b1832ac4db5f051d92aef9334b325b
REVIEW,maquinas,costas,weighted chin up,Barra fixa (pull-up),variação/parente de um exercício do catálogo — confirmar,Weighted-Chin-Up-(male)_Back__converted.gif,exercises/maquinas/costas/Weighted-Chin-Up-(male)_Back__converted.gif,50cc44f4b4589c1267877e377b9815a9618c2faa66a54eed5e9a6b9db19a5104
REVIEW,maquinas,costas,weighted hammer grip pull up on dip cage,Barra fixa (pull-up),variação/parente de um exercício do catálogo — confirmar,Weighted-Hammer-Grip-Pull-up-on-Dip-Cage_Back__converted.gif,exercises/maquinas/costas/Weighted-Hammer-Grip-Pull-up-on-Dip-Cage_Back__converted.gif,c27e02ad6deae93f2b5eb7762536037d0169cf4125d9c18601b7a10f73b0b2e9
REVIEW,maquinas,costas,weighted hang chin up,Barra fixa (pull-up),variação/parente de um exercício do catálogo — confirmar,Weighted-Hang-Chin-Up_Back__converted.gif,exercises/maquinas/costas/Weighted-Hang-Chin-Up_Back__converted.gif,5dadc5d5af75e2eccb7ce03b5e5124082f7e4ad89afff1f38931bbd7df42bcdc
UNMATCHED,maquinas,costas,weighted inverted row,,sem exercício correspondente no catálogo,Weighted-Inverted-Row_Back__converted.gif,exercises/maquinas/costas/Weighted-Inverted-Row_Back__converted.gif,67bd85b3505ba35b4b559b98c8d8c792822f0dff986c11e8bb2fee76f5e54ad1
REVIEW,maquinas,costas,weighted neutral grip chin up,Barra fixa (pull-up),variação/parente de um exercício do catálogo — confirmar,Weighted-Neutral-Grip-Chin-Up-(male)_Back__converted.gif,exercises/maquinas/costas/Weighted-Neutral-Grip-Chin-Up-(male)_Back__converted.gif,cdaca6841d5d80f4079dd9020797c06c9fa8237ab04915f4c707bbba6a5e80a1
REVIEW,maquinas,costas,weighted pull up,Barra fixa (pull-up),variação/parente de um exercício do catálogo — confirmar,Weighted-Pull-Up_Back__converted.gif,exercises/maquinas/costas/Weighted-Pull-Up_Back__converted.gif,3c1162dd4320f2e226f010b3067c030a5623a3f1e8c619e78c8b5b7bf7fc1c28
REVIEW,maquinas,costas,wide chin up,Barra fixa (pull-up),variação/parente de um exercício do catálogo — confirmar,Wide-Chin-Up-(male)_Back__converted.gif,exercises/maquinas/costas/Wide-Chin-Up-(male)_Back__converted.gif,8190baf2cc47fcf49f28e8a306d5d8b4a2934096fce440dd4e68d1947c66f1f7
REVIEW,maquinas,costas,wide grip pull up,Barra fixa (pull-up),variação/parente de um exercício do catálogo — confirmar,Wide-Grip-Pull-Up_Back_converted.gif,exercises/maquinas/costas/Wide-Grip-Pull-Up_Back_converted.gif,33c1980e7e920bc65293d2456b56e3d25058cfc2ed163417388b83a0768082c1
REVIEW,maquinas,costas,wide grip rear pull up,Barra fixa (pull-up),variação/parente de um exercício do catálogo — confirmar,Wide-Grip-Rear-Pull-Up_Back_converted.gif,exercises/maquinas/costas/Wide-Grip-Rear-Pull-Up_Back_converted.gif,573337668ff6038b7da64b971d302a56a03721746cd76ba0214a640c3ef6efd0
REVIEW,maquinas,ombro,decline diamond pike push up,Flexão de braço,variação/parente de um exercício do catálogo — confirmar,Decline-Diamond-Pike-Push-Up_Shoulders__converted.gif,exercises/maquinas/ombro/Decline-Diamond-Pike-Push-Up_Shoulders__converted.gif,90f9914a33e38cc601febde8d593a1b3b00f734928cffa0a571071e7ccd1a210
REVIEW,maquinas,ombro,kneeling pike push up on bench,Flexão de braço,variação/parente de um exercício do catálogo — confirmar,Kneeling-Pike-Push-up-(on-Bench)-(female)_Shoulder_converted.gif,exercises/maquinas/ombro/Kneeling-Pike-Push-up-(on-Bench)-(female)_Shoulder_converted.gif,887302541c79c57358b5ca30a9fa18c434e571a58088740e64f36b4668fe8329
REVIEW,maquinas,ombro,lever lateral raise plate loaded,Elevação lateral,variação/parente de um exercício do catálogo — confirmar,Lever-Lateral-Raise-(plate-loaded)_Shoulders_converted.gif,exercises/maquinas/ombro/Lever-Lateral-Raise-(plate-loaded)_Shoulders_converted.gif,95b5af3971e65a64cb9c3c1d3dab8c0cc14e672dee649d50c04891967326fe7f
REVIEW,maquinas,ombro,lever lateral raise,Elevação lateral,variação/parente de um exercício do catálogo — confirmar,Lever-Lateral-Raise-(VERSION-2)_converted.gif,exercises/maquinas/ombro/Lever-Lateral-Raise-(VERSION-2)_converted.gif,3dfa84a6116e9c61f13dda446f5d3272620ba82ed571f8f784eee1924425f298
REVIEW,maquinas,ombro,lever lateral raise with chest support,Elevação lateral,variação/parente de um exercício do catálogo — confirmar,Lever-Lateral-Raise-with-Chest-Support-(male)_Shoulders__converted.gif,exercises/maquinas/ombro/Lever-Lateral-Raise-with-Chest-Support-(male)_Shoulders__converted.gif,713d957fe7ff8ed0b88d273a5309eb67134991a062d41a2893978ac159c3ef5e
REVIEW,maquinas,ombro,lever lateral raise,Elevação lateral,variação/parente de um exercício do catálogo — confirmar,Lever-Lateral-Raise_shoulder_converted.gif,exercises/maquinas/ombro/Lever-Lateral-Raise_shoulder_converted.gif,0b8797e24c5d4c83ce569e34ae516452f673d94be7197b42c04ffa8082223949
REVIEW,maquinas,ombro,lever military press plate loaded,Desenvolvimento militar,variação/parente de um exercício do catálogo — confirmar,Lever-Military-Press-(plate-loaded)_shoulder_converted.gif,exercises/maquinas/ombro/Lever-Military-Press-(plate-loaded)_shoulder_converted.gif,a30883e34bc09451adafcaa1f833a9985731519ef2448230d7e80e3006e512da
REVIEW,maquinas,ombro,lever one arm shoulder press plate loaded,Desenvolvimento militar,variação/parente de um exercício do catálogo — confirmar,Lever-One-Arm-Shoulder-Press-(plate-loaded)_Should_converted.gif,exercises/maquinas/ombro/Lever-One-Arm-Shoulder-Press-(plate-loaded)_Should_converted.gif,bee4849861043f8328d8f165ae22b4e539369f9813205fa205448012b8533623
REVIEW,maquinas,ombro,lever reverse seated shoulder press,Desenvolvimento militar,variação/parente de um exercício do catálogo — confirmar,Lever-Reverse-Seated-Shoulder-Press_Shoulders__converted.gif,exercises/maquinas/ombro/Lever-Reverse-Seated-Shoulder-Press_Shoulders__converted.gif,ed0872ab3a47bb53acc3e16f8c3d8e314cdcd9de914c534cccc62c18c9d1d5a3
UNMATCHED,maquinas,ombro,lever seated bent over rear delt fly,,sem exercício correspondente no catálogo,Lever-Seated-Bent-Over-Rear-Delt-Fly_Shoulders__converted.gif,exercises/maquinas/ombro/Lever-Seated-Bent-Over-Rear-Delt-Fly_Shoulders__converted.gif,b803f863152fab614adf50cf3e7c6bdce1436d166a3f880abbb9c6014af1f392
REVIEW,maquinas,ombro,lever seated hammer grip shoulder press,Desenvolvimento militar,variação/parente de um exercício do catálogo — confirmar,Lever-Seated-Hammer-Grip-Shoulder-Press_Shoulder-F_converted.gif,exercises/maquinas/ombro/Lever-Seated-Hammer-Grip-Shoulder-Press_Shoulder-F_converted.gif,d3a97d1cb7ab8d8b269e8a485b67435fec281ed523e950293d94625738bd31a7
REVIEW,maquinas,ombro,lever seated shoulder press,Desenvolvimento militar,variação/parente de um exercício do catálogo — confirmar,Lever-Seated-Shoulder-Press_Shoulders-FIX__converted.gif,exercises/maquinas/ombro/Lever-Seated-Shoulder-Press_Shoulders-FIX__converted.gif,1ce3cd7559101123a3d1b3427dcc7d244b8fe0fc2359bf1741c0bd3360d152e3
REVIEW,maquinas,ombro,lever seated single arm shoulder press,Desenvolvimento militar,variação/parente de um exercício do catálogo — confirmar,Lever-Seated-Single-Arm-Shoulder-Press_Shoulders__converted.gif,exercises/maquinas/ombro/Lever-Seated-Single-Arm-Shoulder-Press_Shoulders__converted.gif,08228c085b63c89f4bdad6f2d35b3b1b3f8381e47a50d6c1fbaee5d78021e6b7
REVIEW,maquinas,ombro,lever shoulder press plate loaded,Desenvolvimento militar,variação/parente de um exercício do catálogo — confirmar,Lever-Shoulder-Press-(plate-loaded)-(VERSION-2)_Shoulders__converted.gif,exercises/maquinas/ombro/Lever-Shoulder-Press-(plate-loaded)-(VERSION-2)_Shoulders__converted.gif,f67ff9bb49b5f1f79c7f0016dcf22464781c04b159566f78888f96689933fd80
REVIEW,maquinas,ombro,lever shoulder press plate loaded,Desenvolvimento militar,variação/parente de um exercício do catálogo — confirmar,Lever-Shoulder-Press-(plate-loaded)-version-3_Shoulders_converted.gif,exercises/maquinas/ombro/Lever-Shoulder-Press-(plate-loaded)-version-3_Shoulders_converted.gif,839fb8268aecafcfd2004139c7b93bc8f78504582ad79318a9ffa06f8ce0d2b1
UNMATCHED,maquinas,ombro,lever side seated single arm rear delt fly,,sem exercício correspondente no catálogo,Lever-Side-Seated-Single-Arm-Rear-Delt-Fly-(male)__converted.gif,exercises/maquinas/ombro/Lever-Side-Seated-Single-Arm-Rear-Delt-Fly-(male)__converted.gif,0c526332eb64b49c20ca5db9ef64a8d5a04b497c06977496afdbb8c807954850
REVIEW,maquinas,ombro,lever single arm shoulder press plate loaded ve,Desenvolvimento militar,variação/parente de um exercício do catálogo — confirmar,Lever-Single-Arm-Shoulder-Press-(plate-loaded)-(VE_converted.gif,exercises/maquinas/ombro/Lever-Single-Arm-Shoulder-Press-(plate-loaded)-(VE_converted.gif,d2876f10a7d096e6bf22d277d8af3d0cc18ec9a9c5a0a53fb4d584d1d5eb14af
REVIEW,maquinas,ombro,lever standing lateral raise,Elevação lateral,variação/parente de um exercício do catálogo — confirmar,Lever-Standing-Lateral-Raise-(male)_Shoulders__converted.gif,exercises/maquinas/ombro/Lever-Standing-Lateral-Raise-(male)_Shoulders__converted.gif,fb159d344bb04be8b20d38fb0888ad85392abf4dd914e168251e60d9042d9820
UNMATCHED,maquinas,ombro,lever standing viking press,,sem exercício correspondente no catálogo,Lever-Standing-Viking-Press-(male)_Shoulders__converted.gif,exercises/maquinas/ombro/Lever-Standing-Viking-Press-(male)_Shoulders__converted.gif,85e10d566db2326571034f312f44063e99c9a106cfc5627c25c5310616566b7e
REVIEW,maquinas,ombro,pike push up on bench,Flexão de braço,variação/parente de um exercício do catálogo — confirmar,Pike-Push-up-(on-Bench)-(VERSION-2)-(female)_Chest_converted.gif,exercises/maquinas/ombro/Pike-Push-up-(on-Bench)-(VERSION-2)-(female)_Chest_converted.gif,5838bdc2f925474b250cf3b559dc0c5f4bd7b164b26e0795770e102acbef04f5
UNMATCHED,maquinas,ombro,smith behind neck press,,sem exercício correspondente no catálogo,Smith-Behind-Neck-Press_Shoulders__converted.gif,exercises/maquinas/ombro/Smith-Behind-Neck-Press_Shoulders__converted.gif,e239a083ccc632a144efc62bf4f106e164553da0b64467b2bfe4e19b9ca9e0ce
UNMATCHED,maquinas,ombro,smith high pull,,sem exercício correspondente no catálogo,Smith-High-Pull-(male)_Shoulders__converted.gif,exercises/maquinas/ombro/Smith-High-Pull-(male)_Shoulders__converted.gif,4b489cf8fabee864e6c80d64f524ea4eac10cc840d000aaa5e2c081e6feab4db
REVIEW,maquinas,ombro,smith seated shoulder press,Desenvolvimento militar,variação/parente de um exercício do catálogo — confirmar,Smith-Seated-Shoulder-Press_Shoulders_converted.gif,exercises/maquinas/ombro/Smith-Seated-Shoulder-Press_Shoulders_converted.gif,ee21b4aa8f14e5fc3a786e6792bbf34004f9d273b0d6c01d076951ccc26fa413
REVIEW,maquinas,ombro,smith shoulder press,Desenvolvimento militar,variação/parente de um exercício do catálogo — confirmar,Smith-Shoulder-Press_shoulder_converted.gif,exercises/maquinas/ombro/Smith-Shoulder-Press_shoulder_converted.gif,d9bd71b1459fa28c442d9be47673558466c27c0609d17b6d55b77ddd25299f72
REVIEW,maquinas,ombro,smith standing military press,Desenvolvimento militar,variação/parente de um exercício do catálogo — confirmar,Smith-Standing-Military-Press_Shoulders__converted.gif,exercises/maquinas/ombro/Smith-Standing-Military-Press_Shoulders__converted.gif,a8e24192b98d3f1472497005f5763d2486c50e6afd1b2ab30357f6dc2713b13e
REVIEW,maquinas,ombro,smith standing shoulder press,Desenvolvimento militar,variação/parente de um exercício do catálogo — confirmar,Smith-Standing-Shoulder-Press_Shoulders_converted.gif,exercises/maquinas/ombro/Smith-Standing-Shoulder-Press_Shoulders_converted.gif,21bcd1a8323b50694807f42b751bf1c090f59717c28075ce201afe0953f30841
UNMATCHED,maquinas,ombro,smith upright row,,sem exercício correspondente no catálogo,Smith-Upright-Row_Shoulders__converted.gif,exercises/maquinas/ombro/Smith-Upright-Row_Shoulders__converted.gif,80d887efc1f7e8f052338c79b5de8b5824a978133470ec5a97f473627ef94f69
UNMATCHED,maquinas,panturrilha,hack calf raise,,sem exercício correspondente no catálogo,Hack-Calf-Raise_Calves__converted.gif,exercises/maquinas/panturrilha/Hack-Calf-Raise_Calves__converted.gif,ae14bcbef58a67374e272f3c61daa36eda2559095113ef385d901dfe10dc1db3
UNMATCHED,maquinas,panturrilha,lever rotary calf,,sem exercício correspondente no catálogo,Lever-Rotary-Calf_Calves_converted.gif,exercises/maquinas/panturrilha/Lever-Rotary-Calf_Calves_converted.gif,08712937302ba3149292a3cee2bf3b8cbdfa5f46b8d07df9ed487421c277eb2e
UNMATCHED,maquinas,panturrilha,lever seated calf press,,sem exercício correspondente no catálogo,Lever-Seated-Calf-Press-(VERSION-2)-(male)_Calves__converted.gif,exercises/maquinas/panturrilha/Lever-Seated-Calf-Press-(VERSION-2)-(male)_Calves__converted.gif,2145397a91ee324c05936641bb4bb8f61eadefd7821815240d080de10528f88a
UNMATCHED,maquinas,panturrilha,lever seated calf press,,sem exercício correspondente no catálogo,Lever-Seated-Calf-Press_Calves_converted.gif,exercises/maquinas/panturrilha/Lever-Seated-Calf-Press_Calves_converted.gif,126a2bfd5d1539cbc8d1574b73fe7c05abede22ca2e31de0ee7cc3c4267fc489
UNMATCHED,maquinas,panturrilha,lever seated calf raise plate loaded,,sem exercício correspondente no catálogo,Lever-Seated-Calf-Raise-(plate-loaded)-(VERSION-2)_converted.gif,exercises/maquinas/panturrilha/Lever-Seated-Calf-Raise-(plate-loaded)-(VERSION-2)_converted.gif,07137c59178b5bb2e03c22e2af512d2388191ffbf80b84060f85234acad436fc
UNMATCHED,maquinas,panturrilha,lever seated calf raise plate loaded,,sem exercício correspondente no catálogo,Lever-Seated-Calf-Raise-(plate-loaded)_converted.gif,exercises/maquinas/panturrilha/Lever-Seated-Calf-Raise-(plate-loaded)_converted.gif,f001a9fa3ecf7f26be7c6ab360802a19c84497d3b3ef5fa1834bf2e4761d069c
UNMATCHED,maquinas,panturrilha,lever sitting toe raise,,sem exercício correspondente no catálogo,Lever-Sitting-Toe-Raise-(male)_Calves__converted.gif,exercises/maquinas/panturrilha/Lever-Sitting-Toe-Raise-(male)_Calves__converted.gif,a46d2b160bafef73a6aff42838f6a381e6810dce2ee55d296a339faa9085cf47
UNMATCHED,maquinas,panturrilha,sled 45 calf press,,sem exercício correspondente no catálogo,Sled-45-Calf-Press_Calves-FIX__converted.gif,exercises/maquinas/panturrilha/Sled-45-Calf-Press_Calves-FIX__converted.gif,b089d8fdea5c8a122cec59bb547ed3a2e7df37a8b8b94cce32cacc9bcc541a4d
UNMATCHED,maquinas,panturrilha,sled backward angled calf raise,,sem exercício correspondente no catálogo,Sled-Backward-Angled-Calf-Raise_Calves__converted.gif,exercises/maquinas/panturrilha/Sled-Backward-Angled-Calf-Raise_Calves__converted.gif,0396162e0dde451b900912f4dd3fca634058afed43d09b11b01ad5922f19c910
REVIEW,maquinas,panturrilha,sled calf press on leg press,Leg press 45°,variação/parente de um exercício do catálogo — confirmar,Sled-Calf-Press-On-Leg-Press_Calves-FIX__converted.gif,exercises/maquinas/panturrilha/Sled-Calf-Press-On-Leg-Press_Calves-FIX__converted.gif,b2924df632cd1c03fcd404bbaa24a7aab2bb006bc63eda99220a030d0a11a66f
UNMATCHED,maquinas,panturrilha,smith calf raise,,sem exercício correspondente no catálogo,Smith-Calf-Raise-(version-2)_Calves-FIX__converted.gif,exercises/maquinas/panturrilha/Smith-Calf-Raise-(version-2)_Calves-FIX__converted.gif,f837eeba9bf2db9a5509d8039f75089d14895f5604172fca6af7fa75e3cbe347
UNMATCHED,maquinas,panturrilha,smith one leg floor calf raise,,sem exercício correspondente no catálogo,Smith-One-Leg-Floor-Calf-Raise_Calves_converted.gif,exercises/maquinas/panturrilha/Smith-One-Leg-Floor-Calf-Raise_Calves_converted.gif,7c39cd205b07327dd1dced62c1cc7809dc09ec3540036a358308cc3be62f84c1
UNMATCHED,maquinas,panturrilha,smith reverse calf raises,,sem exercício correspondente no catálogo,Smith-Reverse-Calf-Raises_Calves_converted.gif,exercises/maquinas/panturrilha/Smith-Reverse-Calf-Raises_Calves_converted.gif,ef8b0162233fd208cd92a125393be8a4c2290313c3544514a6eebf78fcc29ff5
UNMATCHED,maquinas,panturrilha,smith seated calf raise,,sem exercício correspondente no catálogo,Smith-Seated-Calf-Raise_Calves__converted.gif,exercises/maquinas/panturrilha/Smith-Seated-Calf-Raise_Calves__converted.gif,1ab2baf102c8df99323b813fd7872f85d8670fb740fc7146e4c141211cb10451
UNMATCHED,maquinas,panturrilha,weighted plate tibialis anterior curl,,sem exercício correspondente no catálogo,Weighted-Plate-Tibialis-Anterior-Curl-(male)_Calve_converted.gif,exercises/maquinas/panturrilha/Weighted-Plate-Tibialis-Anterior-Curl-(male)_Calve_converted.gif,d1352b560db1f334dddd39ef52f09c7177492e574897e1d0f82602993174e7ca
UNMATCHED,maquinas,peito,arms stretch on a support,,sem exercício correspondente no catálogo,Arms-Stretch-On-a-Support_Upper-Arms__converted.gif,exercises/maquinas/peito/Arms-Stretch-On-a-Support_Upper-Arms__converted.gif,0de5fb1da9cd76ac4055336ea87e7b3e38da479e35356edf2e09c4ead07bfde2
UNMATCHED,maquinas,peito,back lever,,sem exercício correspondente no catálogo,Back-lever_Back__converted.gif,exercises/maquinas/peito/Back-lever_Back__converted.gif,d8aca931c4f71b640723be65b25b5524ca9fdb1d119ec10fa5c69affeda93012
UNMATCHED,maquinas,peito,back pec stretch,,sem exercício correspondente no catálogo,Back-Pec-Stretch_Back_converted.gif,exercises/maquinas/peito/Back-Pec-Stretch_Back_converted.gif,aededecf3b815756a41331e245c4d5e591c2af52a9e72a430acd13de46934909
REVIEW,maquinas,peito,decline push up,Flexão de braço,variação/parente de um exercício do catálogo — confirmar,Decline-Push-up-(female)_Chest__converted.gif,exercises/maquinas/peito/Decline-Push-up-(female)_Chest__converted.gif,6a910ca82b2f48b1aa4cd444f0cbdb36ee5ffcef9ea641f7affd483419fd129b
REVIEW,maquinas,peito,decline push up kneeling,Flexão de braço,variação/parente de um exercício do catálogo — confirmar,Decline-Push-Up-(Kneeling)-(female)_Chest-FIX__converted.gif,exercises/maquinas/peito/Decline-Push-Up-(Kneeling)-(female)_Chest-FIX__converted.gif,56f93ec34b81a44ee301ee8af3c7a5ebd6667a58320ac2ca459727fae419611f
REVIEW,maquinas,peito,incline push up on a smith bar,Flexão de braço,variação/parente de um exercício do catálogo — confirmar,Incline-Push-up-on-a-Smith-Bar-(male)_Chest__converted.gif,exercises/maquinas/peito/Incline-Push-up-on-a-Smith-Bar-(male)_Chest__converted.gif,a8c208cf9b0e52700a0f70cf0ed7aa35530723857e8354a89c6e2038b744aabd
UNMATCHED,maquinas,peito,inverted row,,sem exercício correspondente no catálogo,Inverted-Row-(female)_Back_converted.gif,exercises/maquinas/peito/Inverted-Row-(female)_Back_converted.gif,65d7327eb6562f62c37e573319a3296ea56f7c2c696b9de65aea4dfbe7b3ecc3
UNMATCHED,maquinas,peito,inverted row bent knees,,sem exercício correspondente no catálogo,Inverted-Row-Bent-Knees-(female)_Back__converted.gif,exercises/maquinas/peito/Inverted-Row-Bent-Knees-(female)_Back__converted.gif,fb038a9f4f0dd3775316beb4eef8a5a8cf36dc5e6d83f115c8a6e233714f9231
UNMATCHED,maquinas,peito,lever alternating pullover plate loaded,,sem exercício correspondente no catálogo,Lever-Alternating-Pullover-(plate-loaded)_Back__converted.gif,exercises/maquinas/peito/Lever-Alternating-Pullover-(plate-loaded)_Back__converted.gif,6d01667792ff83c6e57f66f26bc5c2e38b979182f5d26953a1f19b8ec5c39b43
UNMATCHED,maquinas,peito,lever chest press plate loaded,,sem exercício correspondente no catálogo,Lever-Chest-Press-(plate-loaded)_Chest-FIX__converted.gif,exercises/maquinas/peito/Lever-Chest-Press-(plate-loaded)_Chest-FIX__converted.gif,d72392c40587045adcf113cf5fcc7dd41198f641c966370a30687a7580fbb2de
UNMATCHED,maquinas,peito,lever chest press,,sem exercício correspondente no catálogo,Lever-Chest-Press-(VERSION-3)_Chest+_converted.gif,exercises/maquinas/peito/Lever-Chest-Press-(VERSION-3)_Chest+_converted.gif,ca0a2feb268d8bd48981e9062aea76f6bfb1f71d1e5ef2d6330f31d172065801
UNMATCHED,maquinas,peito,lever chest press,,sem exercício correspondente no catálogo,Lever-Chest-Press-(VERSION-4)_converted.gif,exercises/maquinas/peito/Lever-Chest-Press-(VERSION-4)_converted.gif,c3bf9c3fd6d36d7b60312f203672c931d44974fba6b98274fbdeefac109b1aa7
UNMATCHED,maquinas,peito,lever chest press,,sem exercício correspondente no catálogo,Lever-Chest-Press-(VERSION-5)_Chest_converted.gif,exercises/maquinas/peito/Lever-Chest-Press-(VERSION-5)_Chest_converted.gif,0dc979619fd0823df7dac50b1e0f40b677bb42385bc77008abac2c59375ceaf7
UNMATCHED,maquinas,peito,lever chest press,,sem exercício correspondente no catálogo,Lever-Chest-Press_Chest-FIX__converted.gif,exercises/maquinas/peito/Lever-Chest-Press_Chest-FIX__converted.gif,dc074d07a0c5e42625de81f58d1c2cf9676b65ac7e487bd39549c31ee6a0708a
UNMATCHED,maquinas,peito,lever chest press,,sem exercício correspondente no catálogo,Lever-Chest-Press_Chest_converted.gif,exercises/maquinas/peito/Lever-Chest-Press_Chest_converted.gif,72c69763d90cf779dfc759f68447876759804a457cfefab4846920998484cdb0
UNMATCHED,maquinas,peito,lever crossovers,,sem exercício correspondente no catálogo,Lever-Crossovers_converted.gif,exercises/maquinas/peito/Lever-Crossovers_converted.gif,87e5acf3a1d43fda925d3513997d1eab9cd684cebe9bc0a111bf2159f1f4ae2a
UNMATCHED,maquinas,peito,lever decline chest press,,sem exercício correspondente no catálogo,Lever-Decline-Chest-Press-(VERSION-2)_Chest_converted.gif,exercises/maquinas/peito/Lever-Decline-Chest-Press-(VERSION-2)_Chest_converted.gif,053f5e8b7ed94eae717b9a343702e028cd8386bbafc222802164393171936218
UNMATCHED,maquinas,peito,lever decline chest press,,sem exercício correspondente no catálogo,Lever-Decline-Chest-Press_Chest-FIX__converted.gif,exercises/maquinas/peito/Lever-Decline-Chest-Press_Chest-FIX__converted.gif,38c7b4eefea4eb3dc1457340eeeeb52d82b5286a2f53fc8297239d544846d5c2
UNMATCHED,maquinas,peito,lever decline single arm chest press,,sem exercício correspondente no catálogo,Lever-Decline-Single-Arm-Chest-Press_Chest__converted.gif,exercises/maquinas/peito/Lever-Decline-Single-Arm-Chest-Press_Chest__converted.gif,c694d2a23ab2eeb51f9fced8c56750e6c4615b0a89e118dfec79a73ddbd2bc25
UNMATCHED,maquinas,peito,lever incline chest press plate loaded,,sem exercício correspondente no catálogo,Lever-Incline-Chest-Press-(plate-loaded)_converted.gif,exercises/maquinas/peito/Lever-Incline-Chest-Press-(plate-loaded)_converted.gif,915f960854cf0dd5c7cca4bee86078b5874d32a98334cd3a6f9b3a26ac23fa77
UNMATCHED,maquinas,peito,lever incline chest press,,sem exercício correspondente no catálogo,Lever-Incline-Chest-Press_Chest-FIX2__converted.gif,exercises/maquinas/peito/Lever-Incline-Chest-Press_Chest-FIX2__converted.gif,49e27e241a9c9c9048cc311c46666cb633fa4fda092852cb72165519624070b1
UNMATCHED,maquinas,peito,lever incline chest press,,sem exercício correspondente no catálogo,Lever-Incline-Chest-Press_Chest_converted.gif,exercises/maquinas/peito/Lever-Incline-Chest-Press_Chest_converted.gif,69cac5ce3f7ae7ae73b5d29cacf8bedd90a4efbc40d5aa8f919c12aafd961603
UNMATCHED,maquinas,peito,lever incline fly,,sem exercício correspondente no catálogo,Lever-Incline-Fly-(male)_Chest__converted.gif,exercises/maquinas/peito/Lever-Incline-Fly-(male)_Chest__converted.gif,59393e09a1a2be0e7a6159b476dc02bbb3bfc63533a0e9bad8fe05e6f3cb3e11
UNMATCHED,maquinas,peito,lever incline hammer chest press,,sem exercício correspondente no catálogo,Lever-Incline-Hammer-Chest-Press_Chest_converted.gif,exercises/maquinas/peito/Lever-Incline-Hammer-Chest-Press_Chest_converted.gif,b72b19873d4b7346a2b3e0b5db79ca239b196958c5ce3f913195bd80ed83f31e
UNMATCHED,maquinas,peito,lever incline single arm chest press,,sem exercício correspondente no catálogo,Lever-Incline-Single-Arm-Chest-Press_Chest__converted.gif,exercises/maquinas/peito/Lever-Incline-Single-Arm-Chest-Press_Chest__converted.gif,51d6f198e7d209451effac44dbf3bdb3c8ee376a7c1be89fdbbb40d41db9d013
UNMATCHED,maquinas,peito,lever lying chest press plate loaded,,sem exercício correspondente no catálogo,Lever-Lying-Chest-Press-(plate-loaded)_Chest-FIX__converted.gif,exercises/maquinas/peito/Lever-Lying-Chest-Press-(plate-loaded)_Chest-FIX__converted.gif,01da63f84287eca6dddb730a9aa536128478195fda314298ac01b60cbe7b5b39
UNMATCHED,maquinas,peito,lever lying decline chest press plate loaded,,sem exercício correspondente no catálogo,Lever-Lying-Decline-Chest-Press-(plate-loaded)_Che_converted.gif,exercises/maquinas/peito/Lever-Lying-Decline-Chest-Press-(plate-loaded)_Che_converted.gif,30bc8aca8a068ba2728c1654d082d0352fd3c3a711bc00b9ee75afc6fcfc0c6f
UNMATCHED,maquinas,peito,lever lying single arm full chest press plate loa,,sem exercício correspondente no catálogo,Lever-Lying-Single-Arm-Full-Chest-Press-(plate-loa_converted.gif,exercises/maquinas/peito/Lever-Lying-Single-Arm-Full-Chest-Press-(plate-loa_converted.gif,3f72f80ba5a5287682aedc3323984ca9d2dc66e0082882a5921f44c01798c3c2
UNMATCHED,maquinas,peito,lever one arm incline chest press plate loaded,,sem exercício correspondente no catálogo,Lever-One-Arm-Incline-Chest-Press-(plate-loaded)_Chest__converted.gif,exercises/maquinas/peito/Lever-One-Arm-Incline-Chest-Press-(plate-loaded)_Chest__converted.gif,3a72463ace91fda9cb2f036d7f9b140cda3988d6a0201a2e51f82077cac8195d
UNMATCHED,maquinas,peito,lever outdoor seated chest press,,sem exercício correspondente no catálogo,Lever-Outdoor-Seated-Chest-Press_Chest__converted.gif,exercises/maquinas/peito/Lever-Outdoor-Seated-Chest-Press_Chest__converted.gif,280348e9aa2a254eab0e88752c8d1d753c05c00029a3b9ecbc9ce8a30a8fe92c
UNMATCHED,maquinas,peito,lever parallel chest press,,sem exercício correspondente no catálogo,Lever-Parallel-Chest-Press_Chest__converted.gif,exercises/maquinas/peito/Lever-Parallel-Chest-Press_Chest__converted.gif,282ea85546ff96397557434d7a6253dc243c113879ac36441c504d1a62e8b67d
UNMATCHED,maquinas,peito,lever pec deck fly,,sem exercício correspondente no catálogo,Lever-Pec-Deck-Fly_Chest__converted.gif,exercises/maquinas/peito/Lever-Pec-Deck-Fly_Chest__converted.gif,1008171e9a28adec8487c5b8cfb232d6c05cd102a3539f6782b57de0004d273e
UNMATCHED,maquinas,peito,lever pullover plate loaded,,sem exercício correspondente no catálogo,Lever-Pullover-(plate-loaded)_Back__converted.gif,exercises/maquinas/peito/Lever-Pullover-(plate-loaded)_Back__converted.gif,1ca67b92344cf2838e34a073abee78e22274eec798d79fe58636c95948d8f13c
UNMATCHED,maquinas,peito,lever seated fly,,sem exercício correspondente no catálogo,Lever-Seated-Fly-(VERSION-2)-(male)_Chest__converted.gif,exercises/maquinas/peito/Lever-Seated-Fly-(VERSION-2)-(male)_Chest__converted.gif,239692ec6f71e47e69ee39f03cac731981722025c292736cb2bd85cfa77a62e7
UNMATCHED,maquinas,peito,lever seated fly,,sem exercício correspondente no catálogo,Lever-Seated-Fly_Chest-FIX__converted.gif,exercises/maquinas/peito/Lever-Seated-Fly_Chest-FIX__converted.gif,4c10bfb74824f75ba87e5face13d2d4f963ec7284999494c1ef59fbe36d598fd
UNMATCHED,maquinas,peito,lever single arm chest press plate loaded,,sem exercício correspondente no catálogo,Lever-Single-Arm-Chest-Press-(plate-loaded)_Chest__converted.gif,exercises/maquinas/peito/Lever-Single-Arm-Chest-Press-(plate-loaded)_Chest__converted.gif,fa99e699de5b4926f04e30fbf9063911cdd8c762f69fe0228b88331c8e32ecf4
UNMATCHED,maquinas,peito,lever standing pec fly,,sem exercício correspondente no catálogo,Lever-Standing-Pec-Fly-(male)_Chest__converted.gif,exercises/maquinas/peito/Lever-Standing-Pec-Fly-(male)_Chest__converted.gif,549252787bb97e7f1bcc04219a3585e6b4b0d76cad2be170d80791e53b8dd1d5
UNMATCHED,maquinas,peito,smith bench press,,sem exercício correspondente no catálogo,Smith-Bench-Press_Chest-FIX__converted.gif,exercises/maquinas/peito/Smith-Bench-Press_Chest-FIX__converted.gif,f2e56ab1c8b5a9ee73b58e212ce5768875389fef027f153ff11a31abae749aca
UNMATCHED,maquinas,peito,smith close grip bench press copy converted 2,,sem exercício correspondente no catálogo,Smith-Close-Grip-Bench-Press_Upper-Arms_ copy_converted 2.gif,exercises/maquinas/peito/Smith-Close-Grip-Bench-Press_Upper-Arms_ copy_converted 2.gif,70c1a42de675f86591ff4ebf872f10ddc571584d5d020e8911419745ab3689ad
UNMATCHED,maquinas,peito,smith close grip bench press copy,,sem exercício correspondente no catálogo,Smith-Close-Grip-Bench-Press_Upper-Arms_ copy_converted.gif,exercises/maquinas/peito/Smith-Close-Grip-Bench-Press_Upper-Arms_ copy_converted.gif,70c1a42de675f86591ff4ebf872f10ddc571584d5d020e8911419745ab3689ad
UNMATCHED,maquinas,peito,smith close grip bench press converted 2,,sem exercício correspondente no catálogo,Smith-Close-Grip-Bench-Press_Upper-Arms__converted 2.gif,exercises/maquinas/peito/Smith-Close-Grip-Bench-Press_Upper-Arms__converted 2.gif,70c1a42de675f86591ff4ebf872f10ddc571584d5d020e8911419745ab3689ad
UNMATCHED,maquinas,peito,smith close grip bench press,,sem exercício correspondente no catálogo,Smith-Close-Grip-Bench-Press_Upper-Arms__converted.gif,exercises/maquinas/peito/Smith-Close-Grip-Bench-Press_Upper-Arms__converted.gif,70c1a42de675f86591ff4ebf872f10ddc571584d5d020e8911419745ab3689ad
UNMATCHED,maquinas,peito,smith decline bench press,,sem exercício correspondente no catálogo,Smith-Decline-Bench-Press_Chest-FIX__converted.gif,exercises/maquinas/peito/Smith-Decline-Bench-Press_Chest-FIX__converted.gif,fe80eb107e867bede1c4dbeb6e6860343fd621676ddc6852d9d81ce7d972c619
UNMATCHED,maquinas,peito,smith decline close grip bench press,,sem exercício correspondente no catálogo,Smith-Decline-Close-Grip-Bench-Press-(male)_Upper-_converted.gif,exercises/maquinas/peito/Smith-Decline-Close-Grip-Bench-Press-(male)_Upper-_converted.gif,6d649e539f147420266ff1e677cf6d3e99eb7162b23f374e0fcbd9a7bfb89442
UNMATCHED,maquinas,peito,smith hex press,,sem exercício correspondente no catálogo,Smith-Hex-Press_Chest_converted.gif,exercises/maquinas/peito/Smith-Hex-Press_Chest_converted.gif,f14e25f37e30ac7747c8e046d956fc1043a24f70cfa73a1349ac80dd9e381822
UNMATCHED,maquinas,peito,smith incline bench press,,sem exercício correspondente no catálogo,Smith-Incline-Bench-Press_Chest-FIX__converted.gif,exercises/maquinas/peito/Smith-Incline-Bench-Press_Chest-FIX__converted.gif,4e75a9b678ac9a42b212d7bc9a6c78a98fe4b0a065cdb1d38120dae7f62e47bc
UNMATCHED,maquinas,peito,smith jm bench press,,sem exercício correspondente no catálogo,Smith-JM-Bench-Press_Upper-Arms__converted.gif,exercises/maquinas/peito/Smith-JM-Bench-Press_Upper-Arms__converted.gif,a364607a181afc8fa11f8eb069838a4c3e14996b52ac974468448b346aa762f4
UNMATCHED,maquinas,perna,45 degree hip extension glute focused,,sem exercício correspondente no catálogo,45-Degree-Hip-Extension-Glute-Focused-(female)_Hips__converted.gif,exercises/maquinas/perna/45-Degree-Hip-Extension-Glute-Focused-(female)_Hips__converted.gif,657fd3476545320219c125985225a35a35a3d95a5a5f51145f5f9de400a7692f
UNMATCHED,maquinas,perna,45 degree hip extension glute focused,,sem exercício correspondente no catálogo,45-Degree-Hip-Extension-Glute-Focused-(VERSION-2)-_converted.gif,exercises/maquinas/perna/45-Degree-Hip-Extension-Glute-Focused-(VERSION-2)-_converted.gif,d0573612eac3e634f0aae469e47fa95381a0d9654ae14d295f2aceb275925ade
UNMATCHED,maquinas,perna,45 degree hyperextension arms in front of chest,,sem exercício correspondente no catálogo,45-degree-hyperextension-(arms-in-front-of-chest)-(Side-view)_Back_converted.gif,exercises/maquinas/perna/45-degree-hyperextension-(arms-in-front-of-chest)-(Side-view)_Back_converted.gif,231677ed1da9127a7e2193f2bb0e83ec10bd77ebd9a0ceeb02f831851d83b7a5
UNMATCHED,maquinas,perna,45 degree hyperextension arms in front of chest,,sem exercício correspondente no catálogo,45-degree-Hyperextension-(arms-in-front-of-chest)-_converted.gif,exercises/maquinas/perna/45-degree-Hyperextension-(arms-in-front-of-chest)-_converted.gif,5030b572722a5ba572311caf01cbf233aa7b7e9520e30afe8a4263ad0939fb6c
UNMATCHED,maquinas,perna,45 degree hyperextension arms in front of chest,,sem exercício correspondente no catálogo,45-degree-hyperextension-(arms-in-front-of-chest)_Back_converted.gif,exercises/maquinas/perna/45-degree-hyperextension-(arms-in-front-of-chest)_Back_converted.gif,a90fb52997aebfcb7170900feb13a9f504e50ebdac702c4171c93c578e364e50
UNMATCHED,maquinas,perna,45 degree twisting hyperextension,,sem exercício correspondente no catálogo,45-degree-twisting-hyperextension_Hips_converted.gif,exercises/maquinas/perna/45-degree-twisting-hyperextension_Hips_converted.gif,b8cd9fe981f740aab7afd42e7e3d31841aaf5d71663858dea0abc9c5fe1f0ea8
UNMATCHED,maquinas,perna,45 degrees reverse hyperextension,,sem exercício correspondente no catálogo,45-degrees-Reverse-Hyperextension_Hips__converted.gif,exercises/maquinas/perna/45-degrees-Reverse-Hyperextension_Hips__converted.gif,2f6d968c0c44d8e02df721a0b3eaa3a9d9703290e82be9f89865f43885f22825
UNMATCHED,maquinas,perna,45 degrees single leg reverse hyperextension,,sem exercício correspondente no catálogo,45-degrees-Single-Leg-Reverse-Hyperextension_Hips__converted.gif,exercises/maquinas/perna/45-degrees-Single-Leg-Reverse-Hyperextension_Hips__converted.gif,c1a39807882cf7e01616e6f00b21532074ef11279322d8391434dffc97c949ba
UNMATCHED,maquinas,perna,assisted bulgarian split squat,,sem exercício correspondente no catálogo,Assisted-Bulgarian-Split-Squat_Thighs__converted.gif,exercises/maquinas/perna/Assisted-Bulgarian-Split-Squat_Thighs__converted.gif,9b089f4240b272c23b09139246e3e31b01525e7f42a2723cd8fc6552a6479313
REVIEW,maquinas,perna,assisted single leg press,Leg press 45°,variação/parente de um exercício do catálogo — confirmar,Assisted-Single-Leg-Press_Thighs-FIX__converted.gif,exercises/maquinas/perna/Assisted-Single-Leg-Press_Thighs-FIX__converted.gif,21d2963664bb2733f397d8106d619092ca1561524f642fc3a4fd2ad212f606fd
UNMATCHED,maquinas,perna,back forward leg swings,,sem exercício correspondente no catálogo,Back-Forward-Leg-Swings-(female)_Hips__converted.gif,exercises/maquinas/perna/Back-Forward-Leg-Swings-(female)_Hips__converted.gif,b660510116258ac72a93693f7a8b255fa3d031bd39751e95b8271c8c319a0119
UNMATCHED,maquinas,perna,back forward leg swings,,sem exercício correspondente no catálogo,Back-Forward-Leg-Swings-(male)_Hips__converted.gif,exercises/maquinas/perna/Back-Forward-Leg-Swings-(male)_Hips__converted.gif,ad5e0e4a501242f9a5c58bed3f5b0d34525d6b14e17d5e86cb3a1d4bead6e93f
UNMATCHED,maquinas,perna,bodyweight standing sissy squat,,sem exercício correspondente no catálogo,Bodyweight-Standing-Sissy-Squat_Thighs__converted.gif,exercises/maquinas/perna/Bodyweight-Standing-Sissy-Squat_Thighs__converted.gif,3ec1005b6ca1ce5cec26c609ff459981b5499d432a746c6b08f085dfd46b1eab
UNMATCHED,maquinas,perna,deep sumo squat hold,,sem exercício correspondente no catálogo,Deep-Sumo-Squat-Hold-(female)_Hips__converted.gif,exercises/maquinas/perna/Deep-Sumo-Squat-Hold-(female)_Hips__converted.gif,d0a0a7dcfef396e1d1b695db9506bc9849b96f2498b443bad9ca2e10c24ab26e
UNMATCHED,maquinas,perna,donkey calf raise,,sem exercício correspondente no catálogo,Donkey-Calf-Raise-(female)_Calves_converted.gif,exercises/maquinas/perna/Donkey-Calf-Raise-(female)_Calves_converted.gif,36f100ea118643b3d8ce30cf90aa417c34acb7dbc75a465043454ee1a3496195
UNMATCHED,maquinas,perna,dynamic leg swing,,sem exercício correspondente no catálogo,Dynamic-Leg-Swing-(female)_Hips__converted.gif,exercises/maquinas/perna/Dynamic-Leg-Swing-(female)_Hips__converted.gif,90a6fdd028f90e652b1625791a048d70ed44964633edc979a0a9ebc3dc09601b
REVIEW,maquinas,perna,elevated legs hip thrust,Elevação pélvica (hip thrust),variação/parente de um exercício do catálogo — confirmar,Elevated-Legs-Hip-Thrust-(female)_Hips__converted.gif,exercises/maquinas/perna/Elevated-Legs-Hip-Thrust-(female)_Hips__converted.gif,60a1a0dd4de5d896ce568ead302ceab17671c0752b6992a45410f3026b08e20a
REVIEW,maquinas,perna,elevated single leg hip thrust,Elevação pélvica (hip thrust),variação/parente de um exercício do catálogo — confirmar,Elevated-Single-Leg-Hip-Thrust-(female)_Hips__converted.gif,exercises/maquinas/perna/Elevated-Single-Leg-Hip-Thrust-(female)_Hips__converted.gif,6edcf7f10934a0ada6c2635b0b2ca60a0b990b121cf6c4d06379cd8adbca887b
REVIEW,maquinas,perna,elevated staggered leg hip thrust,Elevação pélvica (hip thrust),variação/parente de um exercício do catálogo — confirmar,Elevated-Staggered-Leg-Hip-Thrust-(female)_Hips__converted.gif,exercises/maquinas/perna/Elevated-Staggered-Leg-Hip-Thrust-(female)_Hips__converted.gif,39e37a0ae3ed3ed966ca2318d728836454de1195b5d40a15be07cabbb1c4ce3c
REVIEW,maquinas,perna,elevated two legs hip thrust,Elevação pélvica (hip thrust),variação/parente de um exercício do catálogo — confirmar,Elevated-Two-Legs-Hip-Thrust-(female)_Hips__converted.gif,exercises/maquinas/perna/Elevated-Two-Legs-Hip-Thrust-(female)_Hips__converted.gif,0e00c4ec9dc81b5ad1bf15a7b377efcbb4d2cfce87a7b1542c45a1cdb629c226
REVIEW,maquinas,perna,far leg hip thrust,Elevação pélvica (hip thrust),variação/parente de um exercício do catálogo — confirmar,Far-Leg-Hip-Thrust-(female)_Hips__converted.gif,exercises/maquinas/perna/Far-Leg-Hip-Thrust-(female)_Hips__converted.gif,f3e8cb7003058a00a4b84091ead0999c6b4308f99185ccfbcfa918cf60778885
UNMATCHED,maquinas,perna,frog reverse hyperextension on a bench,,sem exercício correspondente no catálogo,Frog-Reverse-Hyperextension-(on-a-bench)-(female)__converted.gif,exercises/maquinas/perna/Frog-Reverse-Hyperextension-(on-a-bench)-(female)__converted.gif,bb78bd9f0adb965f5265f9128c0fb69efc6ccec8c24403159f34f5507e5f41e4
UNMATCHED,maquinas,perna,glute ham developer hip extension,,sem exercício correspondente no catálogo,Glute-Ham-Developer-Hip-Extension_Hips__converted.gif,exercises/maquinas/perna/Glute-Ham-Developer-Hip-Extension_Hips__converted.gif,be31f82acbfb660075378bca2bb9c434b1f122db46c509dbae0e6d3c8b199fa4
UNMATCHED,maquinas,perna,glute ham raise,,sem exercício correspondente no catálogo,Glute-Ham-Raise-(VERSION-2)_Thighs__converted.gif,exercises/maquinas/perna/Glute-Ham-Raise-(VERSION-2)_Thighs__converted.gif,7db9e381a35277dbb8d706a5bc21db0ce3111846efcf11e2743aa3d40de0cc0f
UNMATCHED,maquinas,perna,hip flexor stretch rear foot elevated,,sem exercício correspondente no catálogo,Hip-Flexor-Stretch-Rear-foot-elevated-(female)_Hips_converted.gif,exercises/maquinas/perna/Hip-Flexor-Stretch-Rear-foot-elevated-(female)_Hips_converted.gif,949bde5d4e57952c34911510fe890a5db74a56e1b95eba1d823821b667cbad6c
UNMATCHED,maquinas,perna,hyperextension,,sem exercício correspondente no catálogo,Hyperextension-(VERSION-2)-(female)_Hips__converted.gif,exercises/maquinas/perna/Hyperextension-(VERSION-2)-(female)_Hips__converted.gif,92e6e94aa6f9a41888cbc1cecbe42b062b5ceb310d75e9fdefd65ea4250aff4c
UNMATCHED,maquinas,perna,hyperextension,,sem exercício correspondente no catálogo,Hyperextension-(VERSION-2)_Hips_converted.gif,exercises/maquinas/perna/Hyperextension-(VERSION-2)_Hips_converted.gif,95b5fe75e424fb577244b76e282df7599279c0cfb8048bcd43e630faa414f9c9
UNMATCHED,maquinas,perna,hyperextension,,sem exercício correspondente no catálogo,Hyperextension_Hips-FIX__converted.gif,exercises/maquinas/perna/Hyperextension_Hips-FIX__converted.gif,38ef1f35448402cd82ca80d7c1f89f3783b7e82f6cd67138342909191ee9789a
REVIEW,maquinas,perna,inverse leg curl with bench pads,Mesa flexora,variação/parente de um exercício do catálogo — confirmar,Inverse-Leg-Curl-with-Bench-Pads_Thighs__converted.gif,exercises/maquinas/perna/Inverse-Leg-Curl-with-Bench-Pads_Thighs__converted.gif,455061fe30d96ab36fba9040344b953fd1f912a54961ace6b2b55b995be85134
UNMATCHED,maquinas,perna,isometric mid thighs pull,,sem exercício correspondente no catálogo,Isometric-Mid-Thighs-Pull-(male)_Thighs__converted.gif,exercises/maquinas/perna/Isometric-Mid-Thighs-Pull-(male)_Thighs__converted.gif,0deae8e23f0193557639070762823146e7597237b94352ae28b39fe5022710eb
UNMATCHED,maquinas,perna,kneeling leg half circle on bench,,sem exercício correspondente no catálogo,Kneeling-Leg-Half-Circle-on-bench-(female)_Hips__converted.gif,exercises/maquinas/perna/Kneeling-Leg-Half-Circle-on-bench-(female)_Hips__converted.gif,bbfd4286b3f7fc11f95fd8a8571d739b454014cc761b221e903b3cb2518a21cc
UNMATCHED,maquinas,perna,lever abduction leg raise,,sem exercício correspondente no catálogo,Lever-Abduction-Leg-Raise_Pilates__converted.gif,exercises/maquinas/perna/Lever-Abduction-Leg-Raise_Pilates__converted.gif,9528f3f9c99dd5bb21c7b70a336a306e4c8f9a13214fcdbac31e3c5cad954fb0
UNMATCHED,maquinas,perna,lever air walk,,sem exercício correspondente no catálogo,Lever-Air-Walk-(male)_Cardio__converted.gif,exercises/maquinas/perna/Lever-Air-Walk-(male)_Cardio__converted.gif,b6b47c04a903207f2da044f1fbe1474082ef00d8795601acdf3f62d706deb28c
REVIEW,maquinas,perna,lever alternate leg extension plate loaded,Cadeira extensora,variação/parente de um exercício do catálogo — confirmar,Lever-Alternate-Leg-Extension-(plate-loaded)_Thigh_converted.gif,exercises/maquinas/perna/Lever-Alternate-Leg-Extension-(plate-loaded)_Thigh_converted.gif,671b50f077cf3574256ee726e049c75d7cec4992e10ca17ba03e8343382c9933
REVIEW,maquinas,perna,lever alternate leg press plate loaded,Leg press 45°,variação/parente de um exercício do catálogo — confirmar,Lever-Alternate-Leg-Press-(plate-loaded)_Thighs__converted.gif,exercises/maquinas/perna/Lever-Alternate-Leg-Press-(plate-loaded)_Thighs__converted.gif,c79b1e3d6ca892084c3720d747a1f41dc1f7cba5d043cb664aebacf2e87e5631
REVIEW,maquinas,perna,lever angled leg press,Leg press 45°,variação/parente de um exercício do catálogo — confirmar,Lever-Angled-Leg-Press-(male)_Thighs__converted.gif,exercises/maquinas/perna/Lever-Angled-Leg-Press-(male)_Thighs__converted.gif,efa0b827731e7397fff101709e5b22ea948f8311ae691889efa9d81ba0405c34
REVIEW,maquinas,perna,lever angled single leg press,Leg press 45°,variação/parente de um exercício do catálogo — confirmar,Lever-Angled-Single-Leg-Press-(male)_Thighs__converted.gif,exercises/maquinas/perna/Lever-Angled-Single-Leg-Press-(male)_Thighs__converted.gif,471f651cffd241731c9a5421a5cae557cc004693826605abab0c2442c60b7d74
UNMATCHED,maquinas,perna,lever belt romanian deadlift,,sem exercício correspondente no catálogo,Lever-Belt-Romanian-Deadlift_Hips__converted.gif,exercises/maquinas/perna/Lever-Belt-Romanian-Deadlift_Hips__converted.gif,99cb0aa1ab15fc4b49f8c1784e4e3cc880c5999d50382b19386e4bbc9cc12287
UNMATCHED,maquinas,perna,lever belt squat,,sem exercício correspondente no catálogo,Lever-Belt-Squat_Thighs__converted.gif,exercises/maquinas/perna/Lever-Belt-Squat_Thighs__converted.gif,46693b78924135d9185a7ff338a3fd5b7e8dca6e714c540ff58a89ad2a2a1bf9
UNMATCHED,maquinas,perna,lever belt sumo squat,,sem exercício correspondente no catálogo,Lever-Belt-Sumo-Squat_Hips__converted.gif,exercises/maquinas/perna/Lever-Belt-Sumo-Squat_Hips__converted.gif,e15a5a11eb7ce183430629e346a263d0567579898d23d472499b010c04027890
UNMATCHED,maquinas,perna,lever bulgarian split squat plate loaded,,sem exercício correspondente no catálogo,Lever-Bulgarian-Split-Squat-(plate-loaded)-(male)__converted.gif,exercises/maquinas/perna/Lever-Bulgarian-Split-Squat-(plate-loaded)-(male)__converted.gif,edabae3a582940ca3dc9d592f6b5b09c452cbeeeebff0bbdbd4ec22c67130f91
UNMATCHED,maquinas,perna,lever deadlift plate loaded,,sem exercício correspondente no catálogo,Lever-Deadlift-(plate-loaded)_Thighs_converted.gif,exercises/maquinas/perna/Lever-Deadlift-(plate-loaded)_Thighs_converted.gif,897c0896f2186a55b1b5632600546a9fcbbdd749aa5edcc64e701405f2d786d0
UNMATCHED,maquinas,perna,lever elevated squat,,sem exercício correspondente no catálogo,Lever-Elevanted-Squat-(male)_Thighs__converted.gif,exercises/maquinas/perna/Lever-Elevanted-Squat-(male)_Thighs__converted.gif,a5e4939c26e5c56c542e74f7da39c0aaedf4223c3661f8a8aa4bc82ad16a1196
UNMATCHED,maquinas,perna,lever elliptical static walk,,sem exercício correspondente no catálogo,Lever-Elliptical-Static-Walk_Cardio_converted.gif,exercises/maquinas/perna/Lever-Elliptical-Static-Walk_Cardio_converted.gif,adfef42a062f3678497dedbad21b168820e8c18877589779a5e3dc214e567e5d
UNMATCHED,maquinas,perna,lever glute abductors press,,sem exercício correspondente no catálogo,Lever-Glute-Abductors-Press-(male)_Hips__converted.gif,exercises/maquinas/perna/Lever-Glute-Abductors-Press-(male)_Hips__converted.gif,ad07770ca2bede249ca39ae990eba6c143523894100bcf7e0ba1fddec0cad15b
UNMATCHED,maquinas,perna,lever glute press,,sem exercício correspondente no catálogo,Lever-Glute-Press-(male)_Hips__converted.gif,exercises/maquinas/perna/Lever-Glute-Press-(male)_Hips__converted.gif,53716f3211ab1ccecd3a1809c5b9cb705ecb24662721ad6a2fea72fd89382042
UNMATCHED,maquinas,perna,lever hip extension,,sem exercício correspondente no catálogo,Lever-Hip-Extension-(VERSION-2)_Hips__converted.gif,exercises/maquinas/perna/Lever-Hip-Extension-(VERSION-2)_Hips__converted.gif,6bb8f42aac5080b7720cb0014fc161d095c718bd63b721e8ff43461683baf3cc
REVIEW,maquinas,perna,lever hip thrust plate loaded,Elevação pélvica (hip thrust),variação/parente de um exercício do catálogo — confirmar,Lever-Hip-Thrust-(plate-loaded)-(male)_Hips__converted.gif,exercises/maquinas/perna/Lever-Hip-Thrust-(plate-loaded)-(male)_Hips__converted.gif,ecb7b469589da562d1cfb655dd8c3697ab85a7e59100e28967026bdee012303b
REVIEW,maquinas,perna,lever horizontal leg press,Leg press 45°,variação/parente de um exercício do catálogo — confirmar,Lever-Horizontal-Leg-Press_Thighs__converted.gif,exercises/maquinas/perna/Lever-Horizontal-Leg-Press_Thighs__converted.gif,48a7516598ca698202face0f75e6f497bbe8f021f7b327b766c172cfaa9986f6
REVIEW,maquinas,perna,lever horizontal one leg press,Leg press 45°,variação/parente de um exercício do catálogo — confirmar,Lever-Horizontal-One-leg-Press_Hips_converted.gif,exercises/maquinas/perna/Lever-Horizontal-One-leg-Press_Hips_converted.gif,58f943eb28f4dbd1bb4be96b048a8528a7ba7e7b0da498f1b9c4e52a158fb652
REVIEW,maquinas,perna,lever kneeling leg curl plate loaded,Mesa flexora,variação/parente de um exercício do catálogo — confirmar,Lever-Kneeling-Leg-Curl-(plate-loaded)_Thighs_converted.gif,exercises/maquinas/perna/Lever-Kneeling-Leg-Curl-(plate-loaded)_Thighs_converted.gif,fd37dc27788588b4b1e0fc96e3543dfaeb191e089887dc05806bcebfba96a2b9
UNMATCHED,maquinas,perna,lever kneeling twist,,sem exercício correspondente no catálogo,Lever-Kneeling-Twist_Waist-FIX__converted.gif,exercises/maquinas/perna/Lever-Kneeling-Twist_Waist-FIX__converted.gif,4e204c344f0e8a2e72625c6689d0e7d8466acd9152c85e3db85be2a7bc2463d0
REVIEW,maquinas,perna,lever leg extension inward toes,Cadeira extensora,variação/parente de um exercício do catálogo — confirmar,Lever-Leg-Extension-(Inward-Toes)-(male)_Thighs__converted.gif,exercises/maquinas/perna/Lever-Leg-Extension-(Inward-Toes)-(male)_Thighs__converted.gif,bced6a2198862947eb74dfca730a9a6ad2e9d5dba36fc4bd84b38c870bdba4ca
REVIEW,maquinas,perna,lever leg extension plate loaded,Cadeira extensora,variação/parente de um exercício do catálogo — confirmar,Lever-Leg-Extension-(plate-loaded)_Thighs__converted.gif,exercises/maquinas/perna/Lever-Leg-Extension-(plate-loaded)_Thighs__converted.gif,2c71adf11fca6a314668c3e6e7eb5087a99eba35286d126a8753b0770d328620
REVIEW,maquinas,perna,lever leg press plate loaded,Leg press 45°,variação/parente de um exercício do catálogo — confirmar,Lever-Leg-Press-(plate-loaded)_Thighs__converted.gif,exercises/maquinas/perna/Lever-Leg-Press-(plate-loaded)_Thighs__converted.gif,429eb978dcc5777bc9bffde1064065c36371390fbb0ca5b741b9bf32e92b09fe
UNMATCHED,maquinas,perna,lever linear hack squat,,sem exercício correspondente no catálogo,Lever-Linear-Hack-Squat-(male)_Thighs__converted.gif,exercises/maquinas/perna/Lever-Linear-Hack-Squat-(male)_Thighs__converted.gif,67d45a485fc43f489237f86e4ccf4369a825b2d949e5866e3b1bfc6d89ff9802
REVIEW,maquinas,perna,lever lying single leg curl,Mesa flexora,variação/parente de um exercício do catálogo — confirmar,Lever-Lying-Single-Leg-Curl_Thighs__converted.gif,exercises/maquinas/perna/Lever-Lying-Single-Leg-Curl_Thighs__converted.gif,c1d1c4bc862869ab9edad4a5308b2d4ad0c4b90fcae1a8cd8fd7c64827f424d7
REVIEW,maquinas,perna,lever one leg extension,Cadeira extensora,variação/parente de um exercício do catálogo — confirmar,Lever-One-Leg-Extension_Thighs__converted.gif,exercises/maquinas/perna/Lever-One-Leg-Extension_Thighs__converted.gif,eb9a5a9185e62ec4c9b64a48001e9d89e0592ae8a5c268fad18dedff2c91b7bb
UNMATCHED,maquinas,perna,lever outdoor air walking,,sem exercício correspondente no catálogo,Lever-Outdoor-Air-Walking_Hips__converted.gif,exercises/maquinas/perna/Lever-Outdoor-Air-Walking_Hips__converted.gif,3d45f067b2b220e710263104a8d559b6d48bdc813668b119b20b972f8c9acf8c
REVIEW,maquinas,perna,lever outdoor seated leg press,Leg press 45°,variação/parente de um exercício do catálogo — confirmar,Lever-Outdoor-Seated-Leg-Press_Thighs__converted.gif,exercises/maquinas/perna/Lever-Outdoor-Seated-Leg-Press_Thighs__converted.gif,1be1717ca9f3a363c70b3b8f76a43e3a55792878655bca7647b22f0763e33be9
UNMATCHED,maquinas,perna,lever pendulum squat plate loaded,,sem exercício correspondente no catálogo,Lever-Pendulum-Squat-(plate-loaded)_Thighs__converted.gif,exercises/maquinas/perna/Lever-Pendulum-Squat-(plate-loaded)_Thighs__converted.gif,5258f7d4d6ce793c33eb4935baa6cf1a7e7d0d85b4e9fa0faacfabea3d229ac5
UNMATCHED,maquinas,perna,lever rear foot elevated split squat plate loade,,sem exercício correspondente no catálogo,Lever-Rear-Foot-Elevanted-Split-Squat-(plate-loade_converted.gif,exercises/maquinas/perna/Lever-Rear-Foot-Elevanted-Split-Squat-(plate-loade_converted.gif,515a91eeb6dd7b6f344d0285ae099785add34ee14b5636c6bbfbe80accc1d600
UNMATCHED,maquinas,perna,lever reverse hyperextension plate loaded,,sem exercício correspondente no catálogo,Lever-Reverse-Hyperextension-(plate-loaded)_Hips_converted.gif,exercises/maquinas/perna/Lever-Reverse-Hyperextension-(plate-loaded)_Hips_converted.gif,589b6dfe2d2a1b3f0166e3f2500750105a466ca84b12778666c08817ea78ea47
UNMATCHED,maquinas,perna,lever reverse vertical hack squat,,sem exercício correspondente no catálogo,Lever-Reverse-Vertical-Hack-Squat_Hips__converted.gif,exercises/maquinas/perna/Lever-Reverse-Vertical-Hack-Squat_Hips__converted.gif,528f47ac4472e2be95d74c00884738cf994708614ecd2e0cc61a7944b3f06b9c
UNMATCHED,maquinas,perna,lever romanian deadlift plate loaded,,sem exercício correspondente no catálogo,Lever-Romanian-Deadlift-(plate-loaded)-(male)_Hips_converted.gif,exercises/maquinas/perna/Lever-Romanian-Deadlift-(plate-loaded)-(male)_Hips_converted.gif,9aea41d4b7e373ecbe8729c3ca7cbd83f807b2474d1649cc3c19c640cbea9c21
UNMATCHED,maquinas,perna,lever seated hip abduction,,sem exercício correspondente no catálogo,Lever-Seated-Hip-Abduction_Hips-FIX__converted.gif,exercises/maquinas/perna/Lever-Seated-Hip-Abduction_Hips-FIX__converted.gif,8a98b61506f04384467839fd5847fd60ecfbf9bffe8f9e8719e27abde3c3ce47
UNMATCHED,maquinas,perna,lever seated hip adduction,,sem exercício correspondente no catálogo,Lever-Seated-Hip-Adduction_Thighs_converted.gif,exercises/maquinas/perna/Lever-Seated-Hip-Adduction_Thighs_converted.gif,b2e5abfba202d2030f132016856691a57190d10914e218c5e4055e29941d7e5e
REVIEW,maquinas,perna,lever seated leg curl plate loaded,Mesa flexora,variação/parente de um exercício do catálogo — confirmar,Lever-Seated-Leg-Curl-(plate-loaded)-(male)_Thighs_converted.gif,exercises/maquinas/perna/Lever-Seated-Leg-Curl-(plate-loaded)-(male)_Thighs_converted.gif,43ef756d1ed7efba5f74e1f5cea6e43c5d5ed3655209a736b2aa0d80476a5352
REVIEW,maquinas,perna,lever seated leg curl,Mesa flexora,variação/parente de um exercício do catálogo — confirmar,Lever-Seated-Leg-Curl_Thighs-FIX__converted.gif,exercises/maquinas/perna/Lever-Seated-Leg-Curl_Thighs-FIX__converted.gif,4b7516ea1907c46fc89761e375ba521437274d317c00aca8f23c13f456e5e352
REVIEW,maquinas,perna,lever seated leg press,Leg press 45°,variação/parente de um exercício do catálogo — confirmar,Lever-Seated-Leg-Press-(VERSION-2)_Thighs__converted.gif,exercises/maquinas/perna/Lever-Seated-Leg-Press-(VERSION-2)_Thighs__converted.gif,bf36f9694713d3f5cc9a010a820da9cd6f9d0bf3c6025426437fc95192655796
REVIEW,maquinas,perna,lever seated leg press,Leg press 45°,variação/parente de um exercício do catálogo — confirmar,Lever-Seated-Leg-Press_Thighs_converted.gif,exercises/maquinas/perna/Lever-Seated-Leg-Press_Thighs_converted.gif,f4761b2eb120bf48fdfc5a0fcb884f269fe88fdfdd98df546f3b4c856aca4bcd
REVIEW,maquinas,perna,lever seated one leg curl,Mesa flexora,variação/parente de um exercício do catálogo — confirmar,Lever-Seated-One-Leg-Curl_Thighs__converted.gif,exercises/maquinas/perna/Lever-Seated-One-Leg-Curl_Thighs__converted.gif,1531f401bb46a9eae042e85ed4076073c01d01c074e142d768774c5476f3af6e
REVIEW,maquinas,perna,lever seated single leg press,Leg press 45°,variação/parente de um exercício do catálogo — confirmar,Lever-Seated-Single-Leg-Press-(VERSION-2)_Thighs__converted.gif,exercises/maquinas/perna/Lever-Seated-Single-Leg-Press-(VERSION-2)_Thighs__converted.gif,d4da20e15456b73ef15fbe48612fe0e29062be0a8dc07e0746b1d42638754492
REVIEW,maquinas,perna,lever seated squat calf raise on leg press machine,Leg press 45°,variação/parente de um exercício do catálogo — confirmar,Lever-Seated-Squat-Calf-Raise-on-Leg-Press-Machine_Calves_converted.gif,exercises/maquinas/perna/Lever-Seated-Squat-Calf-Raise-on-Leg-Press-Machine_Calves_converted.gif,37607f45a7d13b0922a85e1cfd881a5565834256bf968dea14e36605ac382f5a
REVIEW,maquinas,perna,lever single leg extension plate loaded,Cadeira extensora,variação/parente de um exercício do catálogo — confirmar,Lever-Single-Leg-Extension-(plate-loaded)_Thighs__converted.gif,exercises/maquinas/perna/Lever-Single-Leg-Extension-(plate-loaded)_Thighs__converted.gif,885677eb1ab7aac78c5137731d6f7919997ca9c568de2aabe7f798f45e3ae2d4
UNMATCHED,maquinas,perna,lever squat plate loaded,,sem exercício correspondente no catálogo,Lever-Squat-(plate-loaded)-(female)_Thighs__converted.gif,exercises/maquinas/perna/Lever-Squat-(plate-loaded)-(female)_Thighs__converted.gif,061c220890877e38be8878989424c0875633770ee63bc040fd51c5b1853bb7db
UNMATCHED,maquinas,perna,lever squat plate loaded,,sem exercício correspondente no catálogo,Lever-Squat-(plate-loaded)-(male)_Thighs__converted.gif,exercises/maquinas/perna/Lever-Squat-(plate-loaded)-(male)_Thighs__converted.gif,adc790a8624bb68c308181a7b08875745d4b9ef47668945ec96526fb05bc317b
UNMATCHED,maquinas,perna,lever squat plate loaded,,sem exercício correspondente no catálogo,Lever-Squat-(plate-loaded)_Thighs_converted.gif,exercises/maquinas/perna/Lever-Squat-(plate-loaded)_Thighs_converted.gif,cf1e46facfa7655f26db6d62e68c4188158074155fbb2ea54997b818e113d418
UNMATCHED,maquinas,perna,lever standing hip extension,,sem exercício correspondente no catálogo,Lever-Standing-Hip-Extension-(female)_Hips_converted.gif,exercises/maquinas/perna/Lever-Standing-Hip-Extension-(female)_Hips_converted.gif,3e42e0d45d49837e301c688572f1760ed967137731feb959fdb425b641655fc4
UNMATCHED,maquinas,perna,lever standing hip extension,,sem exercício correspondente no catálogo,Lever-Standing-Hip-Extension_Hips_converted.gif,exercises/maquinas/perna/Lever-Standing-Hip-Extension_Hips_converted.gif,65d40b980c768b4b923b7e0325efbb7a0b49a7e4b5949e38d1c1d539bc56d034
UNMATCHED,maquinas,perna,lever standing rear kick,,sem exercício correspondente no catálogo,Lever-Standing-Rear-Kick-(female)_Hips_converted.gif,exercises/maquinas/perna/Lever-Standing-Rear-Kick-(female)_Hips_converted.gif,53c5b0f108bae5ed88bb7a3299e2d82438e384ba89fbe236caf2289bdf3d0f4c
UNMATCHED,maquinas,perna,lever standing rear kick,,sem exercício correspondente no catálogo,Lever-Standing-Rear-Kick_Hips_converted.gif,exercises/maquinas/perna/Lever-Standing-Rear-Kick_Hips_converted.gif,6c45b2d6ad9fe91f926e88b0a61ea0cbcac44d75928d90b50c00b8c77bcb816d
REVIEW,maquinas,perna,lever standing single leg curl plate loaded,Mesa flexora,variação/parente de um exercício do catálogo — confirmar,Lever-Standing-Single-Leg-Curl-(plate-loaded)_Thig_converted.gif,exercises/maquinas/perna/Lever-Standing-Single-Leg-Curl-(plate-loaded)_Thig_converted.gif,6534e2b88cf834c113bcfc3e5e90885c4b7ee637201182e20c0921bfad1cdf00
UNMATCHED,maquinas,perna,lever stepper,,sem exercício correspondente no catálogo,Lever-Stepper-(male)_Cardio__converted.gif,exercises/maquinas/perna/Lever-Stepper-(male)_Cardio__converted.gif,7466e0fc6ef5655a104634f85fb29b686a85a891240e9df9a66409c2aba6a526
UNMATCHED,maquinas,perna,lever stepper,,sem exercício correspondente no catálogo,Lever-stepper_Cardio_converted.gif,exercises/maquinas/perna/Lever-stepper_Cardio_converted.gif,0465e7148a78584f27b0d37809e22ca7c545aa93d1c9bbd8999192ed2bd33e49
REVIEW,maquinas,perna,lever vertical leg press,Leg press 45°,variação/parente de um exercício do catálogo — confirmar,Lever-Vertical-Leg-Press-(male)_Thighs__converted.gif,exercises/maquinas/perna/Lever-Vertical-Leg-Press-(male)_Thighs__converted.gif,ad58b5cb66c350f01c2b81099f834eda822d53446a2e3d378001eb846eac3d69
UNMATCHED,maquinas,perna,lever vertical squat,,sem exercício correspondente no catálogo,Lever-Vertical-Squat_Thighs__converted.gif,exercises/maquinas/perna/Lever-Vertical-Squat_Thighs__converted.gif,953bc72bc0599eb0a2cc11a13a5d77076656374caf7059a277162ca21a54ba92
UNMATCHED,maquinas,perna,one leg floor calf raise,,sem exercício correspondente no catálogo,One-Leg-Floor-Calf-Raise-(female)_Calves_converted.gif,exercises/maquinas/perna/One-Leg-Floor-Calf-Raise-(female)_Calves_converted.gif,dd52c02311eba0ce74aad3b890aee8f6729c31032c0ee69b01326276fc711626
UNMATCHED,maquinas,perna,potty squat with support,,sem exercício correspondente no catálogo,Potty-Squat-with-Support-(female)_Hips__converted.gif,exercises/maquinas/perna/Potty-Squat-with-Support-(female)_Hips__converted.gif,377ff70ff534a4c9d893956c7dde719835789aeb9ed9b036eb8feda2fb667e92
UNMATCHED,maquinas,perna,reverse hyper on flat bench,,sem exercício correspondente no catálogo,Reverse-Hyper-on-Flat-Bench-(female)_Hips__converted.gif,exercises/maquinas/perna/Reverse-Hyper-on-Flat-Bench-(female)_Hips__converted.gif,34bcde5aa053af0430e33743ca9ed70058812a2f1a7aab026d63dfb90548984f
UNMATCHED,maquinas,perna,rounded back extension,,sem exercício correspondente no catálogo,Rounded-Back-Extension_Hips__converted.gif,exercises/maquinas/perna/Rounded-Back-Extension_Hips__converted.gif,7b7687e5059340d30a8648137a9fdec0119d90f5fe83b1284acf58c43cbf557b
UNMATCHED,maquinas,perna,rowing with rowing machine,,sem exercício correspondente no catálogo,Rowing-(with-rowing-machine)_Cardio_converted.gif,exercises/maquinas/perna/Rowing-(with-rowing-machine)_Cardio_converted.gif,a5ea28488b2e76633347d22c0bbe048cddd7f3c389b4bf1830a5e00f81e5120f
UNMATCHED,maquinas,perna,side to side leg swings,,sem exercício correspondente no catálogo,Side-to-Side-Leg-Swings-(female)_Hips_converted.gif,exercises/maquinas/perna/Side-to-Side-Leg-Swings-(female)_Hips_converted.gif,4fa6b3dde7176856099e7c549a9943bcd4899289c04931a1786cd57c2aef46d0
UNMATCHED,maquinas,perna,side to side leg swings,,sem exercício correspondente no catálogo,Side-to-Side-Leg-Swings-(male)_Hips_converted.gif,exercises/maquinas/perna/Side-to-Side-Leg-Swings-(male)_Hips_converted.gif,06b7ca8f67f9de8eb5208042bbd455c90f8d93b7fe0621ced6f561e09b93250c
UNMATCHED,maquinas,perna,single leg squat with support,,sem exercício correspondente no catálogo,Single-Leg-Squat-with-Support-(female)_Thighs__converted.gif,exercises/maquinas/perna/Single-Leg-Squat-with-Support-(female)_Thighs__converted.gif,395974869fd7c640681378d557a89741e84a42eaf57d1ecbf56775990b87288b
UNMATCHED,maquinas,perna,single leg squat with support pistol,,sem exercício correspondente no catálogo,Single-Leg-Squat-with-Support-(pistol)_Thighs__converted.gif,exercises/maquinas/perna/Single-Leg-Squat-with-Support-(pistol)_Thighs__converted.gif,a5f575a1dbdb13eadf86366e0f6c97d960fccad6448b49f27b29882d60f75c70
REVIEW,maquinas,perna,sled 45 degrees narrow stance leg press,Leg press 45°,variação/parente de um exercício do catálogo — confirmar,Sled-45-degrees-Narrow-Stance-Leg-Press-(female)_Thighs_converted.gif,exercises/maquinas/perna/Sled-45-degrees-Narrow-Stance-Leg-Press-(female)_Thighs_converted.gif,72de3b31e7eefdb365a70834d85c8152aff250f255a66707fc5cb8e3d76a574f
REVIEW,maquinas,perna,sled 45 degrees one leg press,Leg press 45°,variação/parente de um exercício do catálogo — confirmar,Sled-45-degrees-One-Leg-Press-(female)_Hips__converted.gif,exercises/maquinas/perna/Sled-45-degrees-One-Leg-Press-(female)_Hips__converted.gif,5ff8e7af47e94edc20b470f1f2dab077337423cbbcd061ab15a954fd86384b85
REVIEW,maquinas,perna,sled 45 degrees one leg press,Leg press 45°,variação/parente de um exercício do catálogo — confirmar,Sled-45-degrees-One-Leg-Press_Hips-FIX__converted.gif,exercises/maquinas/perna/Sled-45-degrees-One-Leg-Press_Hips-FIX__converted.gif,f6c81cd343d2945cba55fa8fc5dda010b0d3ca61e2d7dd4db2da10f325bc82f3
REVIEW,maquinas,perna,sled 45 degrees wide stance leg press,Leg press 45°,variação/parente de um exercício do catálogo — confirmar,Sled-45-degrees-Wide-Stance-Leg-Press-(female)_Thighs_converted.gif,exercises/maquinas/perna/Sled-45-degrees-Wide-Stance-Leg-Press-(female)_Thighs_converted.gif,ef0197216ccda9f8f7cb881a93dc5d9306bdfe61543e03ccd0678ea2baa44e14
REVIEW,maquinas,perna,sled 45 leg wide press,Leg press 45°,variação/parente de um exercício do catálogo — confirmar,Sled-45-Leg-Wide-Press_Thighs-FIX__converted.gif,exercises/maquinas/perna/Sled-45-Leg-Wide-Press_Thighs-FIX__converted.gif,0f83e46c581cd596eefd9375a6373e7c0afc45777152fd0c7204f0ded1b74e99
REVIEW,maquinas,perna,sled 45 narrow stance leg press,Leg press 45°,variação/parente de um exercício do catálogo — confirmar,Sled-45-Narrow-Stance-Leg-Press_Thighs_converted.gif,exercises/maquinas/perna/Sled-45-Narrow-Stance-Leg-Press_Thighs_converted.gif,75e8146ed35de59abe683f1934542047be43f44c4b5fbbe57eb8c162b26e1275
REVIEW,maquinas,perna,sled angled single leg press,Leg press 45°,variação/parente de um exercício do catálogo — confirmar,Sled-Angled-Single-Leg-Press-(female)_Hips__converted.gif,exercises/maquinas/perna/Sled-Angled-Single-Leg-Press-(female)_Hips__converted.gif,d6a9e9560f5093d674f5b032989eef13c97e3140828c4a5ea98cb7d699ecd68b
REVIEW,maquinas,perna,sled calf press on leg press,Leg press 45°,variação/parente de um exercício do catálogo — confirmar,Sled-Calf-Press-On-Leg-Press-(female)_Calves_converted.gif,exercises/maquinas/perna/Sled-Calf-Press-On-Leg-Press-(female)_Calves_converted.gif,0cc587bab002fe53cb0e9dc702197d5a591bb6826db7cd22cc4c57c093d109ce
UNMATCHED,maquinas,perna,sled full hack squat,,sem exercício correspondente no catálogo,Sled-Full-Hack-Squat-(female)_Thighs__converted.gif,exercises/maquinas/perna/Sled-Full-Hack-Squat-(female)_Thighs__converted.gif,07586df5e9b15fbc37f77bd8c118ab4e471f5df9aacc8d4293d1745612c1e1d4
UNMATCHED,maquinas,perna,sled full hack squat,,sem exercício correspondente no catálogo,Sled-Full-Hack-Squat_Thighs__converted.gif,exercises/maquinas/perna/Sled-Full-Hack-Squat_Thighs__converted.gif,70a6ff03fc62b4bd701fa5c7fed5cd9d9272d091841690b11745d35505265f9d
REVIEW,maquinas,perna,sled glute dominant leg press,Leg press 45°,variação/parente de um exercício do catálogo — confirmar,Sled-Glute-Dominant-Leg-Press-(male)_Hips__converted.gif,exercises/maquinas/perna/Sled-Glute-Dominant-Leg-Press-(male)_Hips__converted.gif,c0893df6944f4a327a09682267b7335a7b633f70c080920b3ded044a6e95c0ad
UNMATCHED,maquinas,perna,sled hack squat,,sem exercício correspondente no catálogo,Sled-Hack-Squat-(female)_Thighs_converted.gif,exercises/maquinas/perna/Sled-Hack-Squat-(female)_Thighs_converted.gif,d004be86f8099c8311bd90552c8cbdb1fc4f197151a28ce18fbcebf71c07c39c
UNMATCHED,maquinas,perna,sled hack squat,,sem exercício correspondente no catálogo,Sled-Hack-Squat_Hips_converted.gif,exercises/maquinas/perna/Sled-Hack-Squat_Hips_converted.gif,fc4e932d20075926df202c959a8ebce68daf8738446c3ecfe6202afcce5b1f33
UNMATCHED,maquinas,perna,sled lying squat,,sem exercício correspondente no catálogo,Sled-Lying-Squat_Thighs-FIX__converted.gif,exercises/maquinas/perna/Sled-Lying-Squat_Thighs-FIX__converted.gif,6765fa363a576d90cefb9c08e845df60fbdd3ca46b105b582a463d1cd06d2c32
UNMATCHED,maquinas,perna,sled one leg hack squat,,sem exercício correspondente no catálogo,Sled-One-Leg-Hack-Squat-(female)_Thighs__converted.gif,exercises/maquinas/perna/Sled-One-Leg-Hack-Squat-(female)_Thighs__converted.gif,6b21f15bba842fe7cc6d58d730254841b9c0ee1aab9cd4b00f7492ad49f1bf3a
UNMATCHED,maquinas,perna,sled one leg hack squat,,sem exercício correspondente no catálogo,Sled-One-Leg-Hack-Squat_Thighs__converted.gif,exercises/maquinas/perna/Sled-One-Leg-Hack-Squat_Thighs__converted.gif,0345d6ed84962babf80cbf0ad70783bb93e3b98434f21dcb5475e6765b1ff264
UNMATCHED,maquinas,perna,sled reverse hack squat,,sem exercício correspondente no catálogo,Sled-Reverse-Hack-Squat_Thighs_converted.gif,exercises/maquinas/perna/Sled-Reverse-Hack-Squat_Thighs_converted.gif,c9857ed8b78388bff3aa1bd6e6af8afcea44b5b0b3071ecfd44781f74bcfd984
REVIEW,maquinas,perna,sled side leg press,Leg press 45°,variação/parente de um exercício do catálogo — confirmar,Sled-Side-Leg-Press-(male)_Hips__converted.gif,exercises/maquinas/perna/Sled-Side-Leg-Press-(male)_Hips__converted.gif,56d1bef65d957638d6f7dd80afd4b4fa96c96050478f2a813a6d0d5fe8a9ec39
UNMATCHED,maquinas,perna,sled wide hack squat,,sem exercício correspondente no catálogo,Sled-Wide-Hack-Squat-(male)_Thighs-FIX__converted.gif,exercises/maquinas/perna/Sled-Wide-Hack-Squat-(male)_Thighs-FIX__converted.gif,03a9f9c2b90dd0ba3b9816e14e5dc777a5be7f7a56c49401d9d55fe7c6ddb180
UNMATCHED,maquinas,perna,smith bent knee good morning,,sem exercício correspondente no catálogo,Smith-Bent-Knee-Good-morning_Hips__converted.gif,exercises/maquinas/perna/Smith-Bent-Knee-Good-morning_Hips__converted.gif,e02369834cf4f02d4a8e960b22166e0e0ae3f172cfcbc7a1cbb7177c387ad44c
REVIEW,maquinas,perna,smith bent over pronated grip row,Remada curvada com barra,variação/parente de um exercício do catálogo — confirmar,Smith-Bent-Over-Pronated-Grip-Row_Back-FIX__converted.gif,exercises/maquinas/perna/Smith-Bent-Over-Pronated-Grip-Row_Back-FIX__converted.gif,e9ca409cb8407efdb3ec34f6ec62c85201b7b2aa6a21f88a71f0e4aa40483c9a
UNMATCHED,maquinas,perna,smith chair squat converted 2,,sem exercício correspondente no catálogo,Smith-Chair-Squat_Thighs-FIX__converted 2.gif,exercises/maquinas/perna/Smith-Chair-Squat_Thighs-FIX__converted 2.gif,fd3b247d4c9a59b66c92a681d5fde2bea4ae586a46c21b0c1c13b56155deb222
UNMATCHED,maquinas,perna,smith chair squat,,sem exercício correspondente no catálogo,Smith-Chair-Squat_Thighs-FIX__converted.gif,exercises/maquinas/perna/Smith-Chair-Squat_Thighs-FIX__converted.gif,fd3b247d4c9a59b66c92a681d5fde2bea4ae586a46c21b0c1c13b56155deb222
UNMATCHED,maquinas,perna,smith curtsey lunge,,sem exercício correspondente no catálogo,Smith-Curtsey-Lunge-(male)_Thighs__converted.gif,exercises/maquinas/perna/Smith-Curtsey-Lunge-(male)_Thighs__converted.gif,8d9ea12ae18d6f0b9cf8c6168b3ec21a37c74b0ffb29bcec7f195e7fe53beb77
UNMATCHED,maquinas,perna,smith deadlift,,sem exercício correspondente no catálogo,Smith-Deadlift_Hips_converted.gif,exercises/maquinas/perna/Smith-Deadlift_Hips_converted.gif,e11504d87467fc853a0e4e2e408290c0077a87f2bb8555a6930754a9cf230122
UNMATCHED,maquinas,perna,smith donkey kick,,sem exercício correspondente no catálogo,Smith-Donkey-Kick_Hips__converted.gif,exercises/maquinas/perna/Smith-Donkey-Kick_Hips__converted.gif,22dd3953de0e71a306d4189a7a94bb6acefcb35c8cba1b1610360febbe41df52
UNMATCHED,maquinas,perna,smith elevated split squat,,sem exercício correspondente no catálogo,Smith-Elevated-Split-Squat-(male)_Thighs__converted.gif,exercises/maquinas/perna/Smith-Elevated-Split-Squat-(male)_Thighs__converted.gif,5a799eba86b4190521dd119b6228f4f4a0a615fb2d0114c8071e433b20edd239
REVIEW,maquinas,perna,smith frog hip thrust,Elevação pélvica (hip thrust),variação/parente de um exercício do catálogo — confirmar,Smith-Frog-Hip-Thrust-(male)_Hips__converted.gif,exercises/maquinas/perna/Smith-Frog-Hip-Thrust-(male)_Hips__converted.gif,46b9ee2e34ff013d4d3bd06dd6777662d3136a687e572b02e80c45712c1cf9df
UNMATCHED,maquinas,perna,smith front leg elevated split squat,,sem exercício correspondente no catálogo,Smith-Front-Leg-Elevated-Split-Squat-(male)_Thighs_converted.gif,exercises/maquinas/perna/Smith-Front-Leg-Elevated-Split-Squat-(male)_Thighs_converted.gif,09368382cde897f649776df5d4eb9a4622b7959f5187724db43379c38d274605
UNMATCHED,maquinas,perna,smith front squat clean grip,,sem exercício correspondente no catálogo,Smith-Front-Squat-(Clean-Grip)_Thighs__converted.gif,exercises/maquinas/perna/Smith-Front-Squat-(Clean-Grip)_Thighs__converted.gif,18104d88ef9590bb882610061a6ce8a9da64c50f22bc2625d900b900d995949d
UNMATCHED,maquinas,perna,smith front squat,,sem exercício correspondente no catálogo,Smith-Front-Squat_Thighs__converted.gif,exercises/maquinas/perna/Smith-Front-Squat_Thighs__converted.gif,c3f9c8d335708d1a28753964435fa86bc93efb02b624498609921a5100ba2764
UNMATCHED,maquinas,perna,smith full squat,,sem exercício correspondente no catálogo,Smith-Full-Squat_Thighs__converted.gif,exercises/maquinas/perna/Smith-Full-Squat_Thighs__converted.gif,dcb5c06adc2f63fb55fffae793846ebbc3dcfaa95407e7c75fb9d79510f2172e
UNMATCHED,maquinas,perna,smith hack squat,,sem exercício correspondente no catálogo,Smith-Hack-Squat_Hips__converted.gif,exercises/maquinas/perna/Smith-Hack-Squat_Hips__converted.gif,a5fac798c6bb9da040cd6a8b5212519deb892cd74f89d4ab7e5ea7db4b6f6f33
UNMATCHED,maquinas,perna,smith hang clean,,sem exercício correspondente no catálogo,Smith-Hang-Clean_Weightlifts__converted.gif,exercises/maquinas/perna/Smith-Hang-Clean_Weightlifts__converted.gif,40d06b98088666623fc3de0da6db64d3a35e7a147e4cec51b9b0ec7f751e4545
REVIEW,maquinas,perna,smith hip thrust,Elevação pélvica (hip thrust),variação/parente de um exercício do catálogo — confirmar,Smith-Hip-Thrust_Hips_converted.gif,exercises/maquinas/perna/Smith-Hip-Thrust_Hips_converted.gif,c9f7c00cd7f65fbe19193cf4739bd7baa5d2a2e2349caeba692ab2efab237414
REVIEW,maquinas,perna,smith kneeling hip thrust,Elevação pélvica (hip thrust),variação/parente de um exercício do catálogo — confirmar,Smith-Kneeling-Hip-Thrust_Hips__converted.gif,exercises/maquinas/perna/Smith-Kneeling-Hip-Thrust_Hips__converted.gif,0eb29b88b50631592deb0eb53c07802bd54b88f4cbe8149533cb9904df5a8cc3
UNMATCHED,maquinas,perna,smith lateral step up,,sem exercício correspondente no catálogo,Smith-Lateral-Step-Up-(male)_Thighs__converted.gif,exercises/maquinas/perna/Smith-Lateral-Step-Up-(male)_Thighs__converted.gif,6f62706865e24016d1af9c15df0aa727b9a0a51b0e7fc1a6eb5fbcc54a3ed72c
REVIEW,maquinas,perna,smith leg press,Leg press 45°,variação/parente de um exercício do catálogo — confirmar,Smith-Leg-Press_Thighs-FIX__converted.gif,exercises/maquinas/perna/Smith-Leg-Press_Thighs-FIX__converted.gif,4858dedc90c6b1d8a535dd8d9a90c3faddf0e3436bc8008630afc7c8c7971ef8
UNMATCHED,maquinas,perna,smith low bar squat,,sem exercício correspondente no catálogo,Smith-Low-Bar-Squat_Thighs-FIX__converted.gif,exercises/maquinas/perna/Smith-Low-Bar-Squat_Thighs-FIX__converted.gif,f59c61ef65a3b074a87e365dd7cc25610b7587e631150041759209277af21488
UNMATCHED,maquinas,perna,smith rear lunge,,sem exercício correspondente no catálogo,Smith-Rear-Lunge-(version-2)-(male)_Thighs__converted.gif,exercises/maquinas/perna/Smith-Rear-Lunge-(version-2)-(male)_Thighs__converted.gif,38009f9e84301035030b595eb4809981ab569402000a3b7841f2f9e48f8f692a
UNMATCHED,maquinas,perna,smith rear lunge from deficite,,sem exercício correspondente no catálogo,Smith-Rear-Lunge-from-Deficite-(male)_Thighs__converted.gif,exercises/maquinas/perna/Smith-Rear-Lunge-from-Deficite-(male)_Thighs__converted.gif,86e243ab7cd67e7911dcd35fec3311735bb7a3195b817b45e50ee519a95cba22
UNMATCHED,maquinas,perna,smith reverse hyperextension,,sem exercício correspondente no catálogo,Smith-Reverse-Hyperextension-(male)_Hips__converted.gif,exercises/maquinas/perna/Smith-Reverse-Hyperextension-(male)_Hips__converted.gif,85a70b3d76185c37d380a5a344144cf7c72f69f2f9bea22ba57222db35a19326
UNMATCHED,maquinas,perna,smith single leg deadlift,,sem exercício correspondente no catálogo,Smith-Single-Leg-Deadlift_Hips__converted.gif,exercises/maquinas/perna/Smith-Single-Leg-Deadlift_Hips__converted.gif,5ba574fff0787ea2b51de6be71712442998d5b4efbafbb341067d6a6274c5d8f
UNMATCHED,maquinas,perna,smith single leg split squat,,sem exercício correspondente no catálogo,Smith-Single-Leg-Split-Squat_Thighs__converted.gif,exercises/maquinas/perna/Smith-Single-Leg-Split-Squat_Thighs__converted.gif,024f855731a7a6f973dcd231e3743c2f90f30ddbb9f56d539792dae04a73bad0
UNMATCHED,maquinas,perna,smith split squat,,sem exercício correspondente no catálogo,Smith-Split-Squat_Thighs__converted.gif,exercises/maquinas/perna/Smith-Split-Squat_Thighs__converted.gif,43d9677db0d444aef215b925b0770208342cbc22dbc4d6d30a41314093f0d471
UNMATCHED,maquinas,perna,smith squat to bench,,sem exercício correspondente no catálogo,Smith-Squat-to-Bench_Thighs__converted.gif,exercises/maquinas/perna/Smith-Squat-to-Bench_Thighs__converted.gif,c7ce2868aeae10d622f7486e0a25bdf17422dcc30c6ebc0e619a4c7a70f0a55f
UNMATCHED,maquinas,perna,smith squat,,sem exercício correspondente no catálogo,Smith-Squat_Hips__converted.gif,exercises/maquinas/perna/Smith-Squat_Hips__converted.gif,2f552063603cdfe399576cd976e1fddbc547e403f71e13db135f915f578f4edb
UNMATCHED,maquinas,perna,smith stiff legged deadlift,,sem exercício correspondente no catálogo,Smith-Stiff-Legged-Deadlift_Hips__converted.gif,exercises/maquinas/perna/Smith-Stiff-Legged-Deadlift_Hips__converted.gif,ba59ab295a5cbdea65042e56be8d0f2003e855936e57f5a6159d2eff9274f894
UNMATCHED,maquinas,perna,smith sumo chair squat,,sem exercício correspondente no catálogo,Smith-Sumo-Chair-Squat-(male)_Hips__converted.gif,exercises/maquinas/perna/Smith-Sumo-Chair-Squat-(male)_Hips__converted.gif,6cb7a1b491bcca4adabbb04e8c3463376aad2ce7d5d4467d0794c80bc93db6ca
UNMATCHED,maquinas,perna,smith sumo deadlift,,sem exercício correspondente no catálogo,Smith-Sumo-Deadlift_Hips__converted.gif,exercises/maquinas/perna/Smith-Sumo-Deadlift_Hips__converted.gif,86fec08a9edfe097791e03204f6c807834b3187ac4d5fbc88f001d534b63ed63
UNMATCHED,maquinas,perna,smith sumo squat,,sem exercício correspondente no catálogo,Smith-Sumo-Squat_Hips-FIX__converted.gif,exercises/maquinas/perna/Smith-Sumo-Squat_Hips-FIX__converted.gif,5d4826ea964d1832f4b7349ed6095f9a4a0705ee3cf0598a69a3407cb0778908
UNMATCHED,maquinas,perna,snatch high pull,,sem exercício correspondente no catálogo,Snatch-High-Pull_Weightlifting-FIX__converted.gif,exercises/maquinas/perna/Snatch-High-Pull_Weightlifting-FIX__converted.gif,7710cbb08a3bc44863d4122c416bffcbf0ecc14ac6a3f8c925dd0b1189e2f58a
UNMATCHED,maquinas,perna,snatch pull,,sem exercício correspondente no catálogo,Snatch-Pull_Weightlifting__converted.gif,exercises/maquinas/perna/Snatch-Pull_Weightlifting__converted.gif,b10a717610169145d6c454b8ba2dadb5b1ce129e90831a2b0f263fdebb9ac6e3
REVIEW,maquinas,perna,standing calf raise with support,Panturrilha em pé,variação/parente de um exercício do catálogo — confirmar,Standing-Calf-Raise-with-Support-(female)_Calves__converted.gif,exercises/maquinas/perna/Standing-Calf-Raise-with-Support-(female)_Calves__converted.gif,867b62f1f7a66dc0c9987956ee2c2e988731c3c0929bcf41ef416d2a34d26f93
UNMATCHED,maquinas,perna,standing hip abduction,,sem exercício correspondente no catálogo,Standing-Hip-Abduction-(female)_Hips__converted.gif,exercises/maquinas/perna/Standing-Hip-Abduction-(female)_Hips__converted.gif,51fde863c6048cdad75a085f8b7d5b6ae03f981464bca50a362bdacbe8961473
UNMATCHED,maquinas,perna,standing single leg high knee to butt kick with support,,sem exercício correspondente no catálogo,Standing-Single-Leg-High-Knee-to-Butt-Kick-with-Support_Hips_converted.gif,exercises/maquinas/perna/Standing-Single-Leg-High-Knee-to-Butt-Kick-with-Support_Hips_converted.gif,125db2d8efead65cfc37c6a651a5cddd49b428ce20fd33bc840d246627aafea0
UNMATCHED,maquinas,perna,straight leg glute bridge,,sem exercício correspondente no catálogo,Straight-Leg-Glute-Bridge-(female)_Hips__converted.gif,exercises/maquinas/perna/Straight-Leg-Glute-Bridge-(female)_Hips__converted.gif,f6141911a556ba4235a637f6f8b2968200e4e864d8e68d129025dc9d46eb1c03
UNMATCHED,maquinas,perna,vibrate plate lunge,,sem exercício correspondente no catálogo,Vibrate-Plate-Lunge-(female)_Stretching_converted.gif,exercises/maquinas/perna/Vibrate-Plate-Lunge-(female)_Stretching_converted.gif,b1e43e8669a651dc5a66ac9608ad3220bcf9e9e71ee113d3bd5dc01ee89e65f9
UNMATCHED,maquinas,perna,weighted hip thrusts,,sem exercício correspondente no catálogo,Weighted-Hip-Thrusts-(female)_Hips__converted.gif,exercises/maquinas/perna/Weighted-Hip-Thrusts-(female)_Hips__converted.gif,5dfa1d99e98b9202f7c343f41a7fcaee5d622a37723b178d2ad60bc48bb27d9a
UNMATCHED,maquinas,perna,weighted hyperextension,,sem exercício correspondente no catálogo,Weighted-Hyperextension-(female)_Hips__converted.gif,exercises/maquinas/perna/Weighted-Hyperextension-(female)_Hips__converted.gif,d5a9cc5ee61a3cfe8dc3058c6bcff5cd7927d1ea4f470c8c61c575810f6e9344
UNMATCHED,maquinas,perna,weighted single leg lift,,sem exercício correspondente no catálogo,Weighted-Single-Leg-Lift_Thighs__converted.gif,exercises/maquinas/perna/Weighted-Single-Leg-Lift_Thighs__converted.gif,969601cdb001c472a7299a2d65d31c50afc53c1c05e7f9b843595de1946dfb88
UNMATCHED,maquinas,trapezio,lever gripless shrug,,sem exercício correspondente no catálogo,Lever-Gripless-Shrug_Back_converted.gif,exercises/maquinas/trapezio/Lever-Gripless-Shrug_Back_converted.gif,022426b1b8fc47da8d76bb9dfcdad3600cf5cbcace41af82c8bc726f21b74b83
UNMATCHED,maquinas,trapezio,lever shrug plate loaded,,sem exercício correspondente no catálogo,Lever-Shrug-(plate-loaded)_Back_converted.gif,exercises/maquinas/trapezio/Lever-Shrug-(plate-loaded)_Back_converted.gif,ece04680a2f942f3cf0908a2df4b3b1be21800a5668c565fd5ea678fa9ac70a4
UNMATCHED,maquinas,trapezio,smith back shrug,,sem exercício correspondente no catálogo,Smith-Back-Shrug_Back_converted.gif,exercises/maquinas/trapezio/Smith-Back-Shrug_Back_converted.gif,e357a44ec95528767c070b92ef689920b3676023ff016d17e9bcefd3b337b0ec
UNMATCHED,maquinas,trapezio,smith back wide shrug,,sem exercício correspondente no catálogo,Smith-Back-Wide-Shrug_Back__converted.gif,exercises/maquinas/trapezio/Smith-Back-Wide-Shrug_Back__converted.gif,a9d4b61feff4e32f627e013f9f5bef7e0f39a35824d8b9124470bba9aa71bcc5
UNMATCHED,maquinas,trapezio,smith shrug,,sem exercício correspondente no catálogo,Smith-Shrug_Back_converted.gif,exercises/maquinas/trapezio/Smith-Shrug_Back_converted.gif,f5adec60cc5e1b79200b846795810b257cc6c38e949b65986b3a4f4893c6cb4f
UNMATCHED,maquinas,trapezio,smith wide shrug,,sem exercício correspondente no catálogo,Smith-Wide-Shrug_Back__converted.gif,exercises/maquinas/trapezio/Smith-Wide-Shrug_Back__converted.gif,676025521f6b0def8a3789895bbaf53b7442596988f5435ab7b92da8570e671f
UNMATCHED,maquinas,triceps,assisted chest dip kneeling,,sem exercício correspondente no catálogo,Assisted-Chest-Dip-(kneeling)_Chest_converted.gif,exercises/maquinas/triceps/Assisted-Chest-Dip-(kneeling)_Chest_converted.gif,cc2f960e83b5e969b50e0d28ad63acc27a4f3c22856a75d3482f5085f6ed84e6
UNMATCHED,maquinas,triceps,assisted triceps dip kneeling,,sem exercício correspondente no catálogo,Assisted-Triceps-Dip-(kneeling)-(female)_Upper-Arms_converted.gif,exercises/maquinas/triceps/Assisted-Triceps-Dip-(kneeling)-(female)_Upper-Arms_converted.gif,9475e198e181bc882447effe884dbe0402676f069be672d843a5bf60d92705a1
UNMATCHED,maquinas,triceps,assisted triceps dip kneeling,,sem exercício correspondente no catálogo,Assisted-Triceps-Dip-(kneeling)_Upper-Arms_converted.gif,exercises/maquinas/triceps/Assisted-Triceps-Dip-(kneeling)_Upper-Arms_converted.gif,d4a5919fd92fd139e47e5d47a0c5983923a8d8814376825b63c1542ba7b0f5cb
REVIEW,maquinas,triceps,bench dip on floor,Mergulho no banco (bench dip),variação/parente de um exercício do catálogo — confirmar,Bench-dip-on-floor-(female)_Upper-Arms_converted.gif,exercises/maquinas/triceps/Bench-dip-on-floor-(female)_Upper-Arms_converted.gif,37fb7f91082dca4ee151a927f7d7488ca601bfeea022414f4b854f93deceb1de
UNMATCHED,maquinas,triceps,chest dip,,sem exercício correspondente no catálogo,Chest-Dip-(female)_Chest_converted.gif,exercises/maquinas/triceps/Chest-Dip-(female)_Chest_converted.gif,6abc55cc73c30e5dd6ac7363f2849cf83d043e719025f82fce4c89958a2d9982
REVIEW,maquinas,triceps,chest dip on dip pull up cage,Barra fixa (pull-up),variação/parente de um exercício do catálogo — confirmar,Chest-Dip-(on-dip-pull-up-cage)-(female)_Chest__converted.gif,exercises/maquinas/triceps/Chest-Dip-(on-dip-pull-up-cage)-(female)_Chest__converted.gif,59c349d7fb1da770613ad2ad82529b331ae33dc0915e6035a97b6f884bf6b3a1
REVIEW,maquinas,triceps,chest dip on dip pull up cage,Barra fixa (pull-up),variação/parente de um exercício do catálogo — confirmar,Chest-Dip-(on-dip-pull-up-cage)_Chest-FIX__converted.gif,exercises/maquinas/triceps/Chest-Dip-(on-dip-pull-up-cage)_Chest-FIX__converted.gif,5f5f49d50ea2e31593499054ce0f4123aa03e80b9a7563468ddd3a08008f367f
UNMATCHED,maquinas,triceps,chest dip,,sem exercício correspondente no catálogo,Chest-Dip_Chest_converted.gif,exercises/maquinas/triceps/Chest-Dip_Chest_converted.gif,903e22859bdf25036ea63d25bb7cb6954deba60875f68a65b538052de4631dda
REVIEW,maquinas,triceps,decline diamond push up,Flexão de braço,variação/parente de um exercício do catálogo — confirmar,Decline-Diamond-Push-up_Chest__converted.gif,exercises/maquinas/triceps/Decline-Diamond-Push-up_Chest__converted.gif,b777067b0b18403bfafa9ab1bb1b9771493f0f3c070d6fa79343d6612ab925ed
UNMATCHED,maquinas,triceps,lever overhead triceps extension,,sem exercício correspondente no catálogo,Lever-Overhead-Triceps-Extension-(male)_Upper-Arms_converted.gif,exercises/maquinas/triceps/Lever-Overhead-Triceps-Extension-(male)_Upper-Arms_converted.gif,c93c98b79a4e7f2a9ec919d005fb84e33293b437b47644751deb2b12772b571b
UNMATCHED,maquinas,triceps,lever seated dip,,sem exercício correspondente no catálogo,Lever-Seated-Dip_Upper-Arms_converted.gif,exercises/maquinas/triceps/Lever-Seated-Dip_Upper-Arms_converted.gif,58da20fc3373901d490f0615c27a023d8f7334e138dd4a7bf228669db6345d42
UNMATCHED,maquinas,triceps,lever seated triceps extension plate loaded,,sem exercício correspondente no catálogo,Lever-Seated-Triceps-Extension-(plate-loaded)-(mal_converted.gif,exercises/maquinas/triceps/Lever-Seated-Triceps-Extension-(plate-loaded)-(mal_converted.gif,3df33fd6860b4589a7a23e462bb198a38a91c20d058883db97d1a4ac38a4c833
UNMATCHED,maquinas,triceps,lever triceps dip plate loaded,,sem exercício correspondente no catálogo,Lever-Triceps-Dip-(plate-loaded)_Upper-Arms-FIX__converted.gif,exercises/maquinas/triceps/Lever-Triceps-Dip-(plate-loaded)_Upper-Arms-FIX__converted.gif,442d7f8619ce4684e0e5c0b0f4a50c720ca75ac047a36b451e0168601e7a0284
UNMATCHED,maquinas,triceps,lever triceps extension,,sem exercício correspondente no catálogo,Lever-Triceps-Extension-(female)_Upper-Arms_converted.gif,exercises/maquinas/triceps/Lever-Triceps-Extension-(female)_Upper-Arms_converted.gif,128b420acebd5b9f105642b8bd97c29c449f5ecb6fb2fe1b3ab72a2222d32b15
UNMATCHED,maquinas,triceps,lever triceps extension,,sem exercício correspondente no catálogo,Lever-Triceps-Extension-(VERSION-2)-(female)_Upper-Arms_converted.gif,exercises/maquinas/triceps/Lever-Triceps-Extension-(VERSION-2)-(female)_Upper-Arms_converted.gif,342cebf60edb1bc82141db4b8479eeebd0e672f8a83d0e0e638bc12e7881ccb6
UNMATCHED,maquinas,triceps,lever triceps extension,,sem exercício correspondente no catálogo,Lever-Triceps-Extension-(VERSION-2)_Upper-Arms-FIX_converted.gif,exercises/maquinas/triceps/Lever-Triceps-Extension-(VERSION-2)_Upper-Arms-FIX_converted.gif,69f8667344505752bd625224da5031a29c10e3c12a655ac9c1192c4e066112a7
UNMATCHED,maquinas,triceps,lever triceps extension,,sem exercício correspondente no catálogo,Lever-Triceps-Extension-(VERSION-3)-(female)_Upper_converted.gif,exercises/maquinas/triceps/Lever-Triceps-Extension-(VERSION-3)-(female)_Upper_converted.gif,360638b130f8a1dfa047342be7669d6da3843aa279986fb5c979a6927d6f86d3
UNMATCHED,maquinas,triceps,lever triceps extension,,sem exercício correspondente no catálogo,Lever-Triceps-Extension_Upper-Arms 1_converted.gif,exercises/maquinas/triceps/Lever-Triceps-Extension_Upper-Arms 1_converted.gif,5fe8604ec7cdbf1d5461b5fc15d44318fac187a0c35a3326a47d443b56cb7c06
UNMATCHED,maquinas,triceps,lever triceps extension,,sem exercício correspondente no catálogo,Lever-Triceps-Extension_Upper-Arms_converted.gif,exercises/maquinas/triceps/Lever-Triceps-Extension_Upper-Arms_converted.gif,b17a51607e80fd4107c69a19a62996a4540d6082b282581ca8644d66d202b849
UNMATCHED,maquinas,triceps,smith machine incline tricep extension,,sem exercício correspondente no catálogo,Smith-Machine-Incline-Tricep-Extension_Upper-Arms__converted.gif,exercises/maquinas/triceps/Smith-Machine-Incline-Tricep-Extension_Upper-Arms__converted.gif,b2e4438769f770da79bd0320a10af6c625a91efea409e60503b9121bde951255
UNMATCHED,maquinas,triceps,triceps dip,,sem exercício correspondente no catálogo,Triceps-Dip-(female)_Upper-Arms_converted.gif,exercises/maquinas/triceps/Triceps-Dip-(female)_Upper-Arms_converted.gif,9612a99a0f61cdd5fdb0cbc46ffafa770b03bb29d0bafb309bb5695fac5afd82
UNMATCHED,maquinas,triceps,triceps dip,,sem exercício correspondente no catálogo,Triceps-Dip_Upper-Arms-FIX__converted.gif,exercises/maquinas/triceps/Triceps-Dip_Upper-Arms-FIX__converted.gif,efff96eb4b0361a703036488ea8934718f8c786e7507b7946574d8cb46468523
UNMATCHED,maquinas,triceps,triceps press low bar position,,sem exercício correspondente no catálogo,Triceps-Press-(low-bar-position)_Upper-Arms__converted.gif,exercises/maquinas/triceps/Triceps-Press-(low-bar-position)_Upper-Arms__converted.gif,4fc5057f1d102630b22a4472c8c056855769e8c2c002ba79b8dd5f11e18ac130
UNMATCHED,maquinas,triceps,triceps press,,sem exercício correspondente no catálogo,Triceps-Press_Upper-Arms__converted.gif,exercises/maquinas/triceps/Triceps-Press_Upper-Arms__converted.gif,f546309032b6888d5bc2934c52269651ec54492ace67b8f818e5380409dcd999
UNMATCHED,cabo-polia,abdominais,cable decline crunch,,sem exercício correspondente no catálogo,Cable-Decline-Crunch-(male)_Waist__converted.gif,exercises/cabo-polia/abdominais/Cable-Decline-Crunch-(male)_Waist__converted.gif,9d6d3da4c73783e75eb3314f4c062a9f4182c0dd86bbc2727691d0fff6b83318
UNMATCHED,cabo-polia,abdominais,cable half kneeling lift,,sem exercício correspondente no catálogo,Cable-Half-Kneeling-Lift-(male)_Chest__converted.gif,exercises/cabo-polia/abdominais/Cable-Half-Kneeling-Lift-(male)_Chest__converted.gif,71aca67a4cb64a04f0412aacc803082324c85b02c878ee58962d72e232388f55
UNMATCHED,cabo-polia,abdominais,cable half kneeling pallof press,,sem exercício correspondente no catálogo,Cable-Half-Kneeling-Pallof-Press_Waist__converted.gif,exercises/cabo-polia/abdominais/Cable-Half-Kneeling-Pallof-Press_Waist__converted.gif,c05dba6964f9c3d265bb0821847b95595b29e9fa6a4f0bb41bb833d262b3ad88
UNMATCHED,cabo-polia,abdominais,cable hanging leg raise,,sem exercício correspondente no catálogo,Cable-Hanging-Leg-Raise_Waist__converted.gif,exercises/cabo-polia/abdominais/Cable-Hanging-Leg-Raise_Waist__converted.gif,d80780026715d25de745beb6d7b71cce80448da34a655cf6cf8b5ab1e24da8d3
UNMATCHED,cabo-polia,abdominais,cable high to low woodchopper,,sem exercício correspondente no catálogo,Cable-High-to-Low-Woodchopper-(male)_Waist__converted.gif,exercises/cabo-polia/abdominais/Cable-High-to-Low-Woodchopper-(male)_Waist__converted.gif,e0c4d8f53c72284271e1767f8a510c21035906ec73e3c4becac4b3df442a2a21
UNMATCHED,cabo-polia,abdominais,cable horizontal pallof press,,sem exercício correspondente no catálogo,Cable-horizontal-Pallof-Press_waist_converted.gif,exercises/cabo-polia/abdominais/Cable-horizontal-Pallof-Press_waist_converted.gif,9c13b8cb27f643a341b4c4af5f511c6546dc37e407464285b60c62d2c66e47e0
UNMATCHED,cabo-polia,abdominais,cable kneeling crunch,,sem exercício correspondente no catálogo,Cable-Kneeling-Crunch-(VERSION-2)_Waist__converted.gif,exercises/cabo-polia/abdominais/Cable-Kneeling-Crunch-(VERSION-2)_Waist__converted.gif,96984d82c6e1aa58f78b1ef7f1b737fdae97f5bf978bc0f618c9d7145a82eb09
UNMATCHED,cabo-polia,abdominais,cable kneeling crunch,,sem exercício correspondente no catálogo,Cable-Kneeling-Crunch_Waist-FIX2__converted.gif,exercises/cabo-polia/abdominais/Cable-Kneeling-Crunch_Waist-FIX2__converted.gif,3d798493e2d49b742dcd99349ee4b03dd1714f3213986ace9d48b8895c8f4ed9
UNMATCHED,cabo-polia,abdominais,cable kneeling high low anti rotation chop,,sem exercício correspondente no catálogo,Cable-Kneeling-High-Low-Anti-Rotation-Chop-(male)__converted.gif,exercises/cabo-polia/abdominais/Cable-Kneeling-High-Low-Anti-Rotation-Chop-(male)__converted.gif,a1d8e99df04038fa3e453a556684142f654c00703559a2933c1586244802c578
UNMATCHED,cabo-polia,abdominais,cable kneeling side crunch,,sem exercício correspondente no catálogo,Cable-Kneeling-Side-Crunch-(male)_Waist__converted.gif,exercises/cabo-polia/abdominais/Cable-Kneeling-Side-Crunch-(male)_Waist__converted.gif,0b658eaf3badafbde563863273e80b7d79921209a8bbbadccf684bbcd6b76414
UNMATCHED,cabo-polia,abdominais,cable lying hip flexion reverse squat,,sem exercício correspondente no catálogo,Cable-Lying-Hip-Flexion-(Reverse-Squat)-(male)_Hip_converted.gif,exercises/cabo-polia/abdominais/Cable-Lying-Hip-Flexion-(Reverse-Squat)-(male)_Hip_converted.gif,ed15da92d87966cee7a090f6c44ad1821bfd21cd91fc89b56d4cfc7f27665855
UNMATCHED,cabo-polia,abdominais,cable lying single leg hip flexion,,sem exercício correspondente no catálogo,Cable-Lying-Single-Leg-Hip-Flexion-(male)_Hips__converted.gif,exercises/cabo-polia/abdominais/Cable-Lying-Single-Leg-Hip-Flexion-(male)_Hips__converted.gif,78f7e83cf757af4a2c882815e06ccbf1c6e5f113c06fbcdd25caddfaa0b5ca17
UNMATCHED,cabo-polia,abdominais,cable oblique twist,,sem exercício correspondente no catálogo,Cable-Oblique-Twist-(male)_Waist__converted.gif,exercises/cabo-polia/abdominais/Cable-Oblique-Twist-(male)_Waist__converted.gif,7d114003b3eebb035d5b777590f48340f9d44a39d9887f2548fe3f00a2979584
UNMATCHED,cabo-polia,abdominais,cable reverse crunch,,sem exercício correspondente no catálogo,Cable-Reverse-Crunch_Waist__converted.gif,exercises/cabo-polia/abdominais/Cable-Reverse-Crunch_Waist__converted.gif,186a4b572fca52247a9f79dba01d3301fbba4f1139c68f746cf486397d45360a
UNMATCHED,cabo-polia,abdominais,cable reverse woodchop,,sem exercício correspondente no catálogo,Cable-Reverse-Woodchop-(male)_Waist__converted.gif,exercises/cabo-polia/abdominais/Cable-Reverse-Woodchop-(male)_Waist__converted.gif,600a28b246939228fbff7623ff72939a3ee60d0bf3cdf37b2ceab44b7fe92589
UNMATCHED,cabo-polia,abdominais,cable seated crunch,,sem exercício correspondente no catálogo,Cable-Seated-Crunch_Waist-FIX__converted.gif,exercises/cabo-polia/abdominais/Cable-Seated-Crunch_Waist-FIX__converted.gif,920b8abb2c90670e79bca17ee76e529aebb03bdda4bad15440467874cc62a322
UNMATCHED,cabo-polia,abdominais,cable side bend,,sem exercício correspondente no catálogo,Cable-Side-Bend-(VERSION-2)_Waist__converted.gif,exercises/cabo-polia/abdominais/Cable-Side-Bend-(VERSION-2)_Waist__converted.gif,aa3d7c5e1545326f316176e8a1cba0ba82b3852b09548d832850e1bf26297c6c
UNMATCHED,cabo-polia,abdominais,cable side bend,,sem exercício correspondente no catálogo,Cable-Side-Bend_Waist_converted.gif,exercises/cabo-polia/abdominais/Cable-Side-Bend_Waist_converted.gif,823ccbfad73a18e136ed50caf85ad02e37ffda5133b9d217c1837c1dd61480f3
UNMATCHED,cabo-polia,abdominais,cable single arm high to low woodchopper,,sem exercício correspondente no catálogo,Cable-Single-Arm-High-to-Low-Woodchopper-(male)_Wa_converted.gif,exercises/cabo-polia/abdominais/Cable-Single-Arm-High-to-Low-Woodchopper-(male)_Wa_converted.gif,250f4ef9881674e8d22bd11e6ca4bfa8257d100f4e63f4c46a62ba32046c2cc9
UNMATCHED,cabo-polia,abdominais,cable standing backhand,,sem exercício correspondente no catálogo,Cable-Standing-Backhand-(male)_Waist__converted.gif,exercises/cabo-polia/abdominais/Cable-Standing-Backhand-(male)_Waist__converted.gif,f92535ec6711cb7a68183d31fdd4f5b7c7cf86a1d64dbe912bbea1937875ff10
UNMATCHED,cabo-polia,abdominais,cable standing crunch with rope attachment,,sem exercício correspondente no catálogo,Cable-Standing-Crunch-(with-rope-attachment)_Waist_converted.gif,exercises/cabo-polia/abdominais/Cable-Standing-Crunch-(with-rope-attachment)_Waist_converted.gif,aaec1f01128ed151011787e94454b00aebeea82a3a636e663b40b3af06aa74c1
UNMATCHED,cabo-polia,abdominais,cable standing lift,,sem exercício correspondente no catálogo,Cable-Standing-Lift_waist_converted.gif,exercises/cabo-polia/abdominais/Cable-Standing-Lift_waist_converted.gif,bacfbbbee6e0292bb945046a08fa46cedda9861f5c015fbba9b9c6542b3f8b24
UNMATCHED,cabo-polia,abdominais,cable standing one arm serratus obliques crunch,,sem exercício correspondente no catálogo,Cable-Standing-One-Arm-Serratus-(Obliques)-crunch_Waist_converted.gif,exercises/cabo-polia/abdominais/Cable-Standing-One-Arm-Serratus-(Obliques)-crunch_Waist_converted.gif,da6e66fa43c71d9285909559b76783ec0a2d9d7a33c751f9da6dc98d1e71c27f
UNMATCHED,cabo-polia,abdominais,cable standing serratus obliques crunch,,sem exercício correspondente no catálogo,Cable-Standing-Serratus-(Obliques)-crunch_Waist_converted.gif,exercises/cabo-polia/abdominais/Cable-Standing-Serratus-(Obliques)-crunch_Waist_converted.gif,98c64f7d9f1d5edbf81eaba28d5b38923b0b9e977922623f7d2433b0bdcc285d
UNMATCHED,cabo-polia,abdominais,cable standing wood chopper,,sem exercício correspondente no catálogo,Cable-Standing-Wood-Chopper-(male)_Waist__converted.gif,exercises/cabo-polia/abdominais/Cable-Standing-Wood-Chopper-(male)_Waist__converted.gif,3270228112e5b85c1129d8fcb21ce6231cd34e53a933f30f295da1194e17b130
UNMATCHED,cabo-polia,abdominais,cable tuck reverse crunch,,sem exercício correspondente no catálogo,Cable-Tuck-Reverse-Crunch_waist_converted.gif,exercises/cabo-polia/abdominais/Cable-Tuck-Reverse-Crunch_waist_converted.gif,5dfbc5cd3c12166e815059f449de903ea14ba728646294b587fef0b5d2b93169
UNMATCHED,cabo-polia,abdominais,cable twist up down,,sem exercício correspondente no catálogo,Cable-twist-(up-down)_Waist_converted.gif,exercises/cabo-polia/abdominais/Cable-twist-(up-down)_Waist_converted.gif,a0629baf710841315b163fd201b37286866c6425149b762dff438c3bf26c88ce
REVIEW,cabo-polia,abdominais,cable twisting overhead press,Desenvolvimento militar,variação/parente de um exercício do catálogo — confirmar,Cable-twisting-overhead-press_shoulders_converted.gif,exercises/cabo-polia/abdominais/Cable-twisting-overhead-press_shoulders_converted.gif,54640d484d959ac1310c9e043687e564ad1ce5bacae1dd66ffda458a965f2de5
UNMATCHED,cabo-polia,abdominais,cable twist,,sem exercício correspondente no catálogo,Cable-Twist_Waist__converted.gif,exercises/cabo-polia/abdominais/Cable-Twist_Waist__converted.gif,11377b1efb018d3ccaf598875d5f8c970f0b8ff7b2413fd17b05ded50f0f5982
UNMATCHED,cabo-polia,andebraco,cable forearm pronation,,sem exercício correspondente no catálogo,Cable-Forearm-Pronation-(male)_Forearms-FIX__converted.gif,exercises/cabo-polia/andebraco/Cable-Forearm-Pronation-(male)_Forearms-FIX__converted.gif,3c616fb8c273dd75d80a7df078756cb888ff954985c5668f603caab5a48e3add
UNMATCHED,cabo-polia,andebraco,cable forearm pronation,,sem exercício correspondente no catálogo,Cable-Forearm-Pronation-(male)_Forearms__converted.gif,exercises/cabo-polia/andebraco/Cable-Forearm-Pronation-(male)_Forearms__converted.gif,bfe737214fda413eb8bdbead8ffe018b0b5091d14dc355ff0b9aaa7cae108eb1
UNMATCHED,cabo-polia,andebraco,cable reverse one arm curl,,sem exercício correspondente no catálogo,Cable-Reverse-One-Arm-Curl_Forearms__converted.gif,exercises/cabo-polia/andebraco/Cable-Reverse-One-Arm-Curl_Forearms__converted.gif,c07bfb02b9b7de8d1dc51c764c5d1de88767ee7d4fffb346b179d81b86d0fbe3
UNMATCHED,cabo-polia,andebraco,cable reverse preacher curl,,sem exercício correspondente no catálogo,Cable-Reverse-Preacher-Curl_Forearms__converted.gif,exercises/cabo-polia/andebraco/Cable-Reverse-Preacher-Curl_Forearms__converted.gif,9d8d397a01ce6e4687c7013e6fe870a38975b628ca4db55f614bccaa99da74c1
UNMATCHED,cabo-polia,andebraco,cable reverse wrist curl,,sem exercício correspondente no catálogo,Cable-Reverse-Wrist-Curl_Forearms__converted.gif,exercises/cabo-polia/andebraco/Cable-Reverse-Wrist-Curl_Forearms__converted.gif,aed060cbfba7f6d6c3008199f2547459eafd375d2abc09ed104b3dd9bccfe5a5
UNMATCHED,cabo-polia,andebraco,cable standing back wrist curl,,sem exercício correspondente no catálogo,Cable-Standing-Back-Wrist-Curl_Forearms__converted.gif,exercises/cabo-polia/andebraco/Cable-Standing-Back-Wrist-Curl_Forearms__converted.gif,b9bb55a52db0070596067425d3c40bbb7f1879abae3ace03c0c7a256b3aa0162
UNMATCHED,cabo-polia,andebraco,cable standing reverse curl sz bar,,sem exercício correspondente no catálogo,Cable-Standing-Reverse-Curl-(SZ-bar)_Upper-arms__converted.gif,exercises/cabo-polia/andebraco/Cable-Standing-Reverse-Curl-(SZ-bar)_Upper-arms__converted.gif,a4ff9b0184a30e5feeb39b91d19b627d5c4c4b8e5db5032a964717880975851f
UNMATCHED,cabo-polia,andebraco,cable standing reverse grip curl straight bar,,sem exercício correspondente no catálogo,Cable-Standing-Reverse-Grip-Curl-(Straight-bar)_Fo_converted.gif,exercises/cabo-polia/andebraco/Cable-Standing-Reverse-Grip-Curl-(Straight-bar)_Fo_converted.gif,3e83efff9984209337cb492f53c13c6353126ea08a204d0c9345e63646bc2fdf
UNMATCHED,cabo-polia,andebraco,cable standing wrist curl,,sem exercício correspondente no catálogo,Cable-Standing-Wrist-Curl_Forearms__converted.gif,exercises/cabo-polia/andebraco/Cable-Standing-Wrist-Curl_Forearms__converted.gif,2048c9ab3983f486271aa3e8b6e0e40b8f3936eca9aa119a71360e99775c151f
UNMATCHED,cabo-polia,andebraco,cable standing wrist reverse curl,,sem exercício correspondente no catálogo,Cable-Standing-Wrist-Reverse-Curl_Forearms__converted.gif,exercises/cabo-polia/andebraco/Cable-Standing-Wrist-Reverse-Curl_Forearms__converted.gif,9a6670b67efedc01d89fa6b1ba8c853a1e23faac859e9c1afec3d2db098178c8
UNMATCHED,cabo-polia,andebraco,cable standing wrist roll,,sem exercício correspondente no catálogo,Cable-Standing-Wrist-Roll_Forearms__converted.gif,exercises/cabo-polia/andebraco/Cable-Standing-Wrist-Roll_Forearms__converted.gif,a51208c0ca6c3d4906b3608521ddc4d990a164be8c880bab7933ad9c548fb2fd
UNMATCHED,cabo-polia,andebraco,cable wrist curl,,sem exercício correspondente no catálogo,Cable-Wrist-Curl_Forearms-FIX__converted.gif,exercises/cabo-polia/andebraco/Cable-Wrist-Curl_Forearms-FIX__converted.gif,4c0b0b910c7028363ef082563e66cf6c08637f2aef2081397c4f3020e4f2dc0c
UNMATCHED,cabo-polia,biceps,cable biceps curl sz bar,,sem exercício correspondente no catálogo,Cable-Biceps-Curl-(SZ-bar)_Upper-arms_converted.gif,exercises/cabo-polia/biceps/Cable-Biceps-Curl-(SZ-bar)_Upper-arms_converted.gif,fcc4196133af72891448e8b6b0d080665ca962f5a0bf1569c2cc593c25b157ab
UNMATCHED,cabo-polia,biceps,cable close grip curl,,sem exercício correspondente no catálogo,Cable-Close-Grip-Curl_Upper-Arms__converted.gif,exercises/cabo-polia/biceps/Cable-Close-Grip-Curl_Upper-Arms__converted.gif,7be8e0b8b154cd648f7b64666c7354d6d73cb7add407ec6a58be1faab762547b
UNMATCHED,cabo-polia,biceps,cable cross body hammer curl,,sem exercício correspondente no catálogo,Cable-Cross-Body-Hammer-Curl-(male)_Upper-Arms__converted.gif,exercises/cabo-polia/biceps/Cable-Cross-Body-Hammer-Curl-(male)_Upper-Arms__converted.gif,32972c2401e4c34a6bc595a162dd91e6eaca2881a3797f852bcbfb5c67be26a2
UNMATCHED,cabo-polia,biceps,cable curl,,sem exercício correspondente no catálogo,Cable-Curl-(male)_Upper-Arms-FIX__converted.gif,exercises/cabo-polia/biceps/Cable-Curl-(male)_Upper-Arms-FIX__converted.gif,389b7574c75ee3bf19c14176b3352d030c36eebf316fd00541fad95bab5cd598
UNMATCHED,cabo-polia,biceps,cable curl with multipurpose v bar,,sem exercício correspondente no catálogo,Cable-Curl-with-Multipurpose-V-bar_Forearms__converted.gif,exercises/cabo-polia/biceps/Cable-Curl-with-Multipurpose-V-bar_Forearms__converted.gif,c3dd23aac88bd6fd4da71c64bc38df837866ee6f042f446a15ad0897fe3dc772
UNMATCHED,cabo-polia,biceps,cable drag curl,,sem exercício correspondente no catálogo,Cable-Drag-Curl_Upper-Arms__converted.gif,exercises/cabo-polia/biceps/Cable-Drag-Curl_Upper-Arms__converted.gif,b1dfd9aa53d5ec3bfe91326919e568e3dd80a12e4a81a2290f7c99a55632422f
UNMATCHED,cabo-polia,biceps,cable hammer curl with rope,,sem exercício correspondente no catálogo,Cable-Hammer-Curl-(with-rope)-(male)_Forearms__converted.gif,exercises/cabo-polia/biceps/Cable-Hammer-Curl-(with-rope)-(male)_Forearms__converted.gif,05237a3197cb1027527b4aaf2f42890bbc455f8ccf4aee2d036552a2315f32b0
UNMATCHED,cabo-polia,biceps,cable incline biceps curl,,sem exercício correspondente no catálogo,Cable-Incline-Biceps-Curl_Upper-Arms__converted.gif,exercises/cabo-polia/biceps/Cable-Incline-Biceps-Curl_Upper-Arms__converted.gif,1a3190c5e2671584fad896c6c2b902946d6cf966d27a60c90516e483d5af52e7
UNMATCHED,cabo-polia,biceps,cable incline inner biceps curl,,sem exercício correspondente no catálogo,Cable-Incline-Inner-Biceps-Curl_Upper-Arms__converted.gif,exercises/cabo-polia/biceps/Cable-Incline-Inner-Biceps-Curl_Upper-Arms__converted.gif,fe632f7481b3527fb0b71a10302ca11d9856e12b167533024fead7ae03cff895
UNMATCHED,cabo-polia,biceps,cable lying bicep curl,,sem exercício correspondente no catálogo,Cable-Lying-Bicep-Curl_Upper-Arms__converted.gif,exercises/cabo-polia/biceps/Cable-Lying-Bicep-Curl_Upper-Arms__converted.gif,02606e933a899c6c0151f7ae4d0b6728db5941423c1b9acd1b5acc85effcf259
UNMATCHED,cabo-polia,biceps,cable lying biceps curl,,sem exercício correspondente no catálogo,Cable-Lying-Biceps-Curl-(VERSION-2)_Upper-Arms__converted.gif,exercises/cabo-polia/biceps/Cable-Lying-Biceps-Curl-(VERSION-2)_Upper-Arms__converted.gif,1959c11e06e2a6da5c8747fe2d14d87b81a6ef382c279f64cc20578fb99529e5
UNMATCHED,cabo-polia,biceps,cable neutral grip biceps curl,,sem exercício correspondente no catálogo,Cable-Neutral-Grip-Biceps-Curl_Upper-Arms__converted.gif,exercises/cabo-polia/biceps/Cable-Neutral-Grip-Biceps-Curl_Upper-Arms__converted.gif,14b4eecc5d2c9066373241b75d320b5c368c18056a6964f1781870aea485365d
UNMATCHED,cabo-polia,biceps,cable one arm biceps curl,,sem exercício correspondente no catálogo,Cable-One-Arm-Biceps-Curl-(VERSION-2)_Upper-Arms__converted.gif,exercises/cabo-polia/biceps/Cable-One-Arm-Biceps-Curl-(VERSION-2)_Upper-Arms__converted.gif,e5c599f696dcf436f2f000968d65c12c095e41c61e1383b671fe00353907b0db
UNMATCHED,cabo-polia,biceps,cable one arm curl,,sem exercício correspondente no catálogo,Cable-One-Arm-Curl_Upper-Arms_converted.gif,exercises/cabo-polia/biceps/Cable-One-Arm-Curl_Upper-Arms_converted.gif,1d1350b32c57989a70d327871677f84193161171e489147218ac9d2e6f02c560
UNMATCHED,cabo-polia,biceps,cable one arm inner biceps curl,,sem exercício correspondente no catálogo,Cable-One-Arm-Inner-Biceps-Curl_Upper-Arms__converted.gif,exercises/cabo-polia/biceps/Cable-One-Arm-Inner-Biceps-Curl_Upper-Arms__converted.gif,79c57b7bb44c21ed427b0fc75544dd22901c93bd0ca88da73314f4d58b37114f
UNMATCHED,cabo-polia,biceps,cable one arm neutral grip biceps curl,,sem exercício correspondente no catálogo,Cable-One-Arm-Neutral-Grip-Biceps-Curl_Upper-Arms__converted.gif,exercises/cabo-polia/biceps/Cable-One-Arm-Neutral-Grip-Biceps-Curl_Upper-Arms__converted.gif,9126f549c091b507d39a3e58cbca7ad223713746945c83f6df9229a934713e2f
UNMATCHED,cabo-polia,biceps,cable one arm preacher curl,,sem exercício correspondente no catálogo,Cable-One-Arm-Preacher-Curl_Upper-Arms__converted.gif,exercises/cabo-polia/biceps/Cable-One-Arm-Preacher-Curl_Upper-Arms__converted.gif,2290c91f5dfdce7b17e99af5fff6bba6ad8b133d9acc3d32eaed0ef8f2992d53
UNMATCHED,cabo-polia,biceps,cable overhead curl,,sem exercício correspondente no catálogo,Cable-Overhead-Curl_Upper-Arms_converted.gif,exercises/cabo-polia/biceps/Cable-Overhead-Curl_Upper-Arms_converted.gif,b672b347e2404d4354aa9e4a35f43abf6134d714f6ea51351715ff7ae04171b0
UNMATCHED,cabo-polia,biceps,cable preacher curl rope attachment,,sem exercício correspondente no catálogo,Cable-Preacher-Curl-(rope-attachment)_Upper-Arms__converted.gif,exercises/cabo-polia/biceps/Cable-Preacher-Curl-(rope-attachment)_Upper-Arms__converted.gif,8f908026f5ef5f220ec069a16ab9d21eb8216a839e57cd03632e30633bcdf21c
UNMATCHED,cabo-polia,biceps,cable preacher curl,,sem exercício correspondente no catálogo,Cable-Preacher-Curl_Upper-Arms__converted.gif,exercises/cabo-polia/biceps/Cable-Preacher-Curl_Upper-Arms__converted.gif,3b1e44bfe72bd343ec1cfbad5dde1f634146be73f9092ccb76481c02d90cd712
UNMATCHED,cabo-polia,biceps,cable rope hammer preacher curl,,sem exercício correspondente no catálogo,Cable-Rope-Hammer-Preacher-Curl_Upper-Arms__converted.gif,exercises/cabo-polia/biceps/Cable-Rope-Hammer-Preacher-Curl_Upper-Arms__converted.gif,f71815df63348a5975e2ce0652bee8f699f5cfee9c54a99c514ae467c7c195b8
UNMATCHED,cabo-polia,biceps,cable seated one arm concentration curl,,sem exercício correspondente no catálogo,Cable-Seated-One-Arm-Concentration-Curl_Upper-Arms_converted.gif,exercises/cabo-polia/biceps/Cable-Seated-One-Arm-Concentration-Curl_Upper-Arms_converted.gif,1e7f7ee69fb23281bfd8711cbc821bdb73f20df6e3486adc7c253d034da3afc5
UNMATCHED,cabo-polia,biceps,cable seated overhead curl sz bar,,sem exercício correspondente no catálogo,Cable-Seated-Overhead-Curl-(SZ-Bar)_Upper-Arms__converted.gif,exercises/cabo-polia/biceps/Cable-Seated-Overhead-Curl-(SZ-Bar)_Upper-Arms__converted.gif,f89b0f76d6a9d6410c11d022abc52113cbc6e46dc9d9bb34ced126c269563040
UNMATCHED,cabo-polia,biceps,cable seated overhead curl,,sem exercício correspondente no catálogo,Cable-Seated-Overhead-Curl_Upper-Arms__converted.gif,exercises/cabo-polia/biceps/Cable-Seated-Overhead-Curl_Upper-Arms__converted.gif,4159415b6cfbfe302ab638dfe68efbbab4fb94a2d2db0845ec54b3c18ca260fb
UNMATCHED,cabo-polia,biceps,cable seated single arm unilateral bicep curl,,sem exercício correspondente no catálogo,Cable-Seated-Single-Arm-Unilateral-Bicep-Curl_Uppe_converted.gif,exercises/cabo-polia/biceps/Cable-Seated-Single-Arm-Unilateral-Bicep-Curl_Uppe_converted.gif,ca70c53203d97f7a6fb3c3dc4809d68c1901e826347f2db70e8889ce7f8e60bc
UNMATCHED,cabo-polia,biceps,cable seated unilateral bicep curl,,sem exercício correspondente no catálogo,Cable-Seated-Unilateral-Bicep-Curl_Upper-Arms__converted.gif,exercises/cabo-polia/biceps/Cable-Seated-Unilateral-Bicep-Curl_Upper-Arms__converted.gif,aa729afff14fc7a06ae9bb9b08448581a7ea067898f153aed277ee068193a26e
UNMATCHED,cabo-polia,biceps,cable squatting curl,,sem exercício correspondente no catálogo,Cable-Squatting-Curl_Upper-Arms_converted.gif,exercises/cabo-polia/biceps/Cable-Squatting-Curl_Upper-Arms_converted.gif,f684c98c8f59f9d22c9b73b3f2ae339a2d2de6236197dc273e24c2cfbb64bc7f
UNMATCHED,cabo-polia,biceps,cable standing inner curl,,sem exercício correspondente no catálogo,Cable-Standing-Inner-Curl_Upper-Arms_converted.gif,exercises/cabo-polia/biceps/Cable-Standing-Inner-Curl_Upper-Arms_converted.gif,c99ffc19035380e5c8642c69b8cedf34427982612ef0fdd9030413a1430c3e62
UNMATCHED,cabo-polia,biceps,cable standing pulldown with rope,,sem exercício correspondente no catálogo,Cable-Standing-Pulldown-(with-rope)_Forearms__converted.gif,exercises/cabo-polia/biceps/Cable-Standing-Pulldown-(with-rope)_Forearms__converted.gif,4a0c3859cc9df27bd130679749d7d1dc6b2ae47b167ebc7755889e5244c0bd23
UNMATCHED,cabo-polia,biceps,cable standing single arm preacher curl,,sem exercício correspondente no catálogo,Cable-Standing-Single-Arm-Preacher-Curl-(male)_Upp_converted.gif,exercises/cabo-polia/biceps/Cable-Standing-Single-Arm-Preacher-Curl-(male)_Upp_converted.gif,f213541b61d2771c48af5956293a5c345cc31c19594b6703bf0b90729fc16c06
UNMATCHED,cabo-polia,biceps,cable sz bar close grip curl,,sem exercício correspondente no catálogo,Cable-SZ-bar-Close-Grip-Curl_Upper-Arms__converted.gif,exercises/cabo-polia/biceps/Cable-SZ-bar-Close-Grip-Curl_Upper-Arms__converted.gif,c74ae44495950472baaaa2af80e87dd1500bf26f6593c79b664e26c113dfc589
UNMATCHED,cabo-polia,biceps,cable unilateral bicep curl,,sem exercício correspondente no catálogo,Cable-Unilateral-Bicep-Curl_Upper-Arms__converted.gif,exercises/cabo-polia/biceps/Cable-Unilateral-Bicep-Curl_Upper-Arms__converted.gif,798aaa0cfa437891a4ea5c5099b0bfdb473f72e3c51614225f6d9f2b9b0b6f53
UNMATCHED,cabo-polia,costas,cable 45 degrees reverse fly,,sem exercício correspondente no catálogo,Cable-45-degrees-Reverse-Fly-(male)_Shoulders__converted.gif,exercises/cabo-polia/costas/Cable-45-degrees-Reverse-Fly-(male)_Shoulders__converted.gif,d71c12ede43b519b0a4892120b673344edf20d258ca93ff231dd7d7526bd4191
UNMATCHED,cabo-polia,costas,cable bent over neutral grip kickback with rope attachment,,sem exercício correspondente no catálogo,Cable-Bent-Over-Neutral-Grip-Kickback-with-Rope-Attachment_Upper-Arms__converted.gif,exercises/cabo-polia/costas/Cable-Bent-Over-Neutral-Grip-Kickback-with-Rope-Attachment_Upper-Arms__converted.gif,70c2551c7df0420164265b197de29df22bbd26f4c91c2b81980afa47609b3a0a
REVIEW,cabo-polia,costas,cable bent over one arm lateral raise,Elevação lateral,variação/parente de um exercício do catálogo — confirmar,Cable-Bent-Over-One-Arm-Lateral-Raise_Shoulders__converted.gif,exercises/cabo-polia/costas/Cable-Bent-Over-One-Arm-Lateral-Raise_Shoulders__converted.gif,6779872a286fed386f1da1482eec9b274a95cfa8842af2174350296112ba4dec
REVIEW,cabo-polia,costas,cable bent over reverse grip row,Remada curvada com barra,variação/parente de um exercício do catálogo — confirmar,Cable-Bent-Over-Reverse-Grip-Row_Back__converted.gif,exercises/cabo-polia/costas/Cable-Bent-Over-Reverse-Grip-Row_Back__converted.gif,7b31b39ef30eb4351df20a9c7f57e5d3a979f06d8d0970bc7d8cb9306bf16e84
REVIEW,cabo-polia,costas,cable bent over row,Remada curvada com barra,variação/parente de um exercício do catálogo — confirmar,Cable-Bent-Over-Row_Back__converted.gif,exercises/cabo-polia/costas/Cable-Bent-Over-Row_Back__converted.gif,f4c4b0a9c92f38b6a5048d2ab2e547d43122c6fc53762243c0c1a0b3861fac16
REVIEW,cabo-polia,costas,cable close grip front lat pulldown,Puxada frontal (pulley),variação/parente de um exercício do catálogo — confirmar,Cable-Close-Grip-Front-Lat-Pulldown_Back_converted.gif,exercises/cabo-polia/costas/Cable-Close-Grip-Front-Lat-Pulldown_Back_converted.gif,89e2dd211b68af92a9d7bb045b61b0c2d35e7366fb55acfd7c38496162369f42
UNMATCHED,cabo-polia,costas,cable cross over lateral pulldown,,sem exercício correspondente no catálogo,Cable-Cross-over-Lateral-Pulldown_Back_converted.gif,exercises/cabo-polia/costas/Cable-Cross-over-Lateral-Pulldown_Back_converted.gif,84fc67c7f7a094b412cf7fcb3660cd18f7b6b7ec725b844175e213c051b14d88
UNMATCHED,cabo-polia,costas,cable cross over revers fly,,sem exercício correspondente no catálogo,Cable-Cross-over-Revers-Fly_Shoulders_converted.gif,exercises/cabo-polia/costas/Cable-Cross-over-Revers-Fly_Shoulders_converted.gif,4f9a48ef3ddf3ebbe0703dae1754c2e36d683c1df3ec48b89d973036eee7e815
REVIEW,cabo-polia,costas,cable decline seated wide grip row,Remada baixa (polia),variação/parente de um exercício do catálogo — confirmar,Cable-Decline-Seated-Wide-grip-Row_Back_converted.gif,exercises/cabo-polia/costas/Cable-Decline-Seated-Wide-grip-Row_Back_converted.gif,bbab224c5cbae015dab7b1eb8303933940ea3585c0d4b790528eee1f4ddbac91
UNMATCHED,cabo-polia,costas,cable elevated row,,sem exercício correspondente no catálogo,Cable-Elevated-Row_Back__converted.gif,exercises/cabo-polia/costas/Cable-Elevated-Row_Back__converted.gif,753fccc3d617f2c2d08bc490ba31d69290f6c5864e78ab43ba0c5d10d50ae180
UNMATCHED,cabo-polia,costas,cable half kneeling external rotation press,,sem exercício correspondente no catálogo,Cable-Half-Kneeling-External-Rotation-Press-(male)_converted.gif,exercises/cabo-polia/costas/Cable-Half-Kneeling-External-Rotation-Press-(male)_converted.gif,7bd9064ab285d4e499a32c17f87cfa5c7337fc232b4110ec7c926b6694cf012a
UNMATCHED,cabo-polia,costas,cable half kneeling face pull,,sem exercício correspondente no catálogo,Cable-Half-Kneeling-Face-Pull_Shoulders__converted.gif,exercises/cabo-polia/costas/Cable-Half-Kneeling-Face-Pull_Shoulders__converted.gif,550870061bdcca16d5dc49765c0a7660639321e1b2e1adc833782372db1d9173
UNMATCHED,cabo-polia,costas,cable half kneeling single arm row,,sem exercício correspondente no catálogo,Cable-Half-Kneeling-Single-Arm-Row-(male)_Back__converted.gif,exercises/cabo-polia/costas/Cable-Half-Kneeling-Single-Arm-Row-(male)_Back__converted.gif,32b9533ba9f114b44f25fb06af1d0fb7a6c15420c0d456b1491f480659b94919
UNMATCHED,cabo-polia,costas,cable half kneeling single arm row,,sem exercício correspondente no catálogo,Cable-Half-Kneeling-Single-Arm-Row-(VERSION-2)-(ma_converted.gif,exercises/cabo-polia/costas/Cable-Half-Kneeling-Single-Arm-Row-(VERSION-2)-(ma_converted.gif,aafb1ef983996fc57a9de93df1db328da271dbc986932935cd5f6778193bd4c3
UNMATCHED,cabo-polia,costas,cable high row with chest support,,sem exercício correspondente no catálogo,Cable-High-Row-with-Chest-Support_Back__converted.gif,exercises/cabo-polia/costas/Cable-High-Row-with-Chest-Support_Back__converted.gif,7392b2c8dd16c7be3760a04894bbdfd823674f56375ec27c4f6125a7ccef89b6
UNMATCHED,cabo-polia,costas,cable high row,,sem exercício correspondente no catálogo,Cable-High-Row_Back__converted.gif,exercises/cabo-polia/costas/Cable-High-Row_Back__converted.gif,016c996a92db5b407b514522ba3cb2160585df8e5d15722e878887dd52557500
UNMATCHED,cabo-polia,costas,cable incline pushdown,,sem exercício correspondente no catálogo,Cable-Incline-Pushdown_Back__converted.gif,exercises/cabo-polia/costas/Cable-Incline-Pushdown_Back__converted.gif,0672d70a8a4c0660bdaf9533ade8becec477b780fc27607274a8eb7c67fcb67e
UNMATCHED,cabo-polia,costas,cable incline rear delt fly with back support,,sem exercício correspondente no catálogo,Cable-Incline-Rear-Delt-Fly-with-Back-Support-(mal_converted.gif,exercises/cabo-polia/costas/Cable-Incline-Rear-Delt-Fly-with-Back-Support-(mal_converted.gif,ca036a4ed719c758ad8ccb8669534181116e2c7f6f272bc318998ea8dfe4faff
REVIEW,cabo-polia,costas,cable incline single arm lat pulldown,Puxada frontal (pulley),variação/parente de um exercício do catálogo — confirmar,Cable-Incline-Single-Arm-Lat-Pulldown-(male)_Back__converted.gif,exercises/cabo-polia/costas/Cable-Incline-Single-Arm-Lat-Pulldown-(male)_Back__converted.gif,e35874ba6d7a7ee6e9bba09c0ee4db7d1f362773a62fd44cf61b21d7d782eb10
REVIEW,cabo-polia,costas,cable kneeling one arm lat pulldown,Puxada frontal (pulley),variação/parente de um exercício do catálogo — confirmar,Cable-Kneeling-One-Arm-Lat-Pulldown_Back__converted.gif,exercises/cabo-polia/costas/Cable-Kneeling-One-Arm-Lat-Pulldown_Back__converted.gif,f0fbfec8aa7039625cf7948934d58614ae07855ee6e06e051cafc88a47aa9921
UNMATCHED,cabo-polia,costas,cable kneeling rear delt row with rope,,sem exercício correspondente no catálogo,Cable-Kneeling-Rear-Delt-Row-(with-rope)-(male)_Sh_converted.gif,exercises/cabo-polia/costas/Cable-Kneeling-Rear-Delt-Row-(with-rope)-(male)_Sh_converted.gif,a7c35a65a6aa933882c3d6c441171445a164839d53e0faf43c8e30dee68ea669
UNMATCHED,cabo-polia,costas,cable kneeling shoulder external rotation,,sem exercício correspondente no catálogo,Cable-Kneeling-Shoulder-External-Rotation-(male)_B_converted.gif,exercises/cabo-polia/costas/Cable-Kneeling-Shoulder-External-Rotation-(male)_B_converted.gif,b2c6f27f9090744fc5da822d6f12d2eb7df3097d81d4d7edb231a7977ec429b5
UNMATCHED,cabo-polia,costas,cable kneeling shoulder internal rotation,,sem exercício correspondente no catálogo,Cable-Kneeling-Shoulder-Internal-Rotation-(male)_B_converted.gif,exercises/cabo-polia/costas/Cable-Kneeling-Shoulder-Internal-Rotation-(male)_B_converted.gif,e986d9afb25099cfc0b0722c1ed5a3e529c6e08a12e742621de28a06ec93ce22
REVIEW,cabo-polia,costas,cable lat pulldown full range of motion,Puxada frontal (pulley),"recusado na revisão humana para ""Puxada frontal (pulley)"": Cable-Lat-Pulldown-Full-Range-Of-Motion mostra o movimento em pé entre duas torres de polia, não a puxada sentada na máquina (revisão 2026-10-05).",Cable-Lat-Pulldown-Full-Range-Of-Motion_Back__converted.gif,exercises/cabo-polia/costas/Cable-Lat-Pulldown-Full-Range-Of-Motion_Back__converted.gif,f52cb313b7f10d911bda930144c3497981b320dc8b0f22194042cfb51f47c0e7
UNMATCHED,cabo-polia,costas,cable lateral pulldown with rope attachment,,sem exercício correspondente no catálogo,Cable-Lateral-Pulldown-(with-rope-attachment)_Back_converted.gif,exercises/cabo-polia/costas/Cable-Lateral-Pulldown-(with-rope-attachment)_Back_converted.gif,b57827a4f53aa77b21432339b6fa95b0d951002405597902d91f69cf8ae3905c
UNMATCHED,cabo-polia,costas,cable lateral pulldown with mag grip,,sem exercício correspondente no catálogo,Cable-Lateral-Pulldown-with-Mag-Grip_Back__converted.gif,exercises/cabo-polia/costas/Cable-Lateral-Pulldown-with-Mag-Grip_Back__converted.gif,d18036084ef43b6f257c37adccd30136894569c60ca6f416638fe53b4752ccfd
UNMATCHED,cabo-polia,costas,cable lateral pulldown with v bar,,sem exercício correspondente no catálogo,Cable-Lateral-Pulldown-with-V-bar_Back__converted.gif,exercises/cabo-polia/costas/Cable-Lateral-Pulldown-with-V-bar_Back__converted.gif,bdeb945036274165c106673da07176e70104c2bf95c572582a2220fdf588a4fe
UNMATCHED,cabo-polia,costas,cable lying face pull,,sem exercício correspondente no catálogo,Cable-Lying-Face-Pull-(male)_Shoulders__converted.gif,exercises/cabo-polia/costas/Cable-Lying-Face-Pull-(male)_Shoulders__converted.gif,f9f30a8ff2206fa7e36324dd6701e9790635e42561290158a7be067352757f6c
REVIEW,cabo-polia,costas,cable neutral grip lat pulldown,Puxada frontal (pulley),variação/parente de um exercício do catálogo — confirmar,Cable-Neutral-Grip-Lat-Pulldown-(male)_Back__converted.gif,exercises/cabo-polia/costas/Cable-Neutral-Grip-Lat-Pulldown-(male)_Back__converted.gif,43e6b68c794c32830be34fed5854b044b033971cce47c8c72f32df9566464b53
REVIEW,cabo-polia,costas,cable neutral grip wide pulldown,Puxada frontal (pulley),variação/parente de um exercício do catálogo — confirmar,Cable-Neutral-Grip-Wide-Pulldown-(VERSION-2)_Back__converted.gif,exercises/cabo-polia/costas/Cable-Neutral-Grip-Wide-Pulldown-(VERSION-2)_Back__converted.gif,5d4cdd064c3915c368069466a8fee905f6b0dfdd9c4f91ac4c60adb445dd9b92
REVIEW,cabo-polia,costas,cable neutral grip wide pulldown,Puxada frontal (pulley),variação/parente de um exercício do catálogo — confirmar,Cable-Neutral-Grip-Wide-Pulldown-(VERSION-3)_Back__converted.gif,exercises/cabo-polia/costas/Cable-Neutral-Grip-Wide-Pulldown-(VERSION-3)_Back__converted.gif,99e8454d4e21643d5b12de856dafa2da6e2deac7855198a029ca5efb859ea15f
REVIEW,cabo-polia,costas,cable one arm bent over row,Remada curvada com barra,variação/parente de um exercício do catálogo — confirmar,Cable-One-Arm-Bent-over-Row_Back__converted.gif,exercises/cabo-polia/costas/Cable-One-Arm-Bent-over-Row_Back__converted.gif,e6f7f5c68ae39d9eb7de4b78eeea3f563a4e98425eacf4ca8e31dffd5655f19e
REVIEW,cabo-polia,costas,cable one arm lat pulldown,Puxada frontal (pulley),variação/parente de um exercício do catálogo — confirmar,Cable-one-arm-lat-pulldown_back_converted.gif,exercises/cabo-polia/costas/Cable-one-arm-lat-pulldown_back_converted.gif,3a2db6e800edf25cebad0397f1cf8b2fe464822fb1a78217b13343074246cfaf
UNMATCHED,cabo-polia,costas,cable one arm pulldown,,sem exercício correspondente no catálogo,Cable-One-Arm-Pulldown_Back__converted.gif,exercises/cabo-polia/costas/Cable-One-Arm-Pulldown_Back__converted.gif,3d1e9f6dc211e8c39fde730d25a87fd3434d4efa02e56e52a5e1ae6a06c8c02b
UNMATCHED,cabo-polia,costas,cable one arm reverse fly,,sem exercício correspondente no catálogo,Cable-One-Arm-Reverse-Fly-(male)_Shoulders__converted.gif,exercises/cabo-polia/costas/Cable-One-Arm-Reverse-Fly-(male)_Shoulders__converted.gif,cd258ae8639c6576af25bfe896dc784c5b95cc8934aec4cd47dd4ef6c74533ac
REVIEW,cabo-polia,costas,cable one arm twisting seated row,Remada baixa (polia),variação/parente de um exercício do catálogo — confirmar,Cable-one-arm-twisting-seated-row_back_converted.gif,exercises/cabo-polia/costas/Cable-one-arm-twisting-seated-row_back_converted.gif,8fe42774cf77310eb70e6cd26c859fb007b11e5a69992fb8b5b20bb849414067
UNMATCHED,cabo-polia,costas,cable palm rotational row,,sem exercício correspondente no catálogo,Cable-Palm-Rotational-Row_Back_converted.gif,exercises/cabo-polia/costas/Cable-Palm-Rotational-Row_Back_converted.gif,ab1781f0d7c0cab90b776c7e72dd04fc0ac3d57955244fb5d6d1d537accedb6b
REVIEW,cabo-polia,costas,cable parallel grip lat pulldown on floor,Puxada frontal (pulley),variação/parente de um exercício do catálogo — confirmar,Cable-Parallel-Grip-Lat-Pulldown-on-Floor_Back__converted.gif,exercises/cabo-polia/costas/Cable-Parallel-Grip-Lat-Pulldown-on-Floor_Back__converted.gif,a3cf4dcfa9c3f91eaca187f87a3f3235f0a04d3465ad4a1a89db736e5c98fbdd
REVIEW,cabo-polia,costas,cable pulldown pro lat bar,Puxada frontal (pulley),variação/parente de um exercício do catálogo — confirmar,Cable-Pulldown-(pro-lat-bar)_Back__converted.gif,exercises/cabo-polia/costas/Cable-Pulldown-(pro-lat-bar)_Back__converted.gif,f12fc969cf554bb05c8022937bdbf2930ec8504ed5933081a7ee30fd8684cb1a
UNMATCHED,cabo-polia,costas,cable pulldown,,sem exercício correspondente no catálogo,Cable-Pulldown_Back__converted.gif,exercises/cabo-polia/costas/Cable-Pulldown_Back__converted.gif,9a7ff745e99b908f68c7147e709546f969a5268dfcc295c7edfc519de4daf1ba
UNMATCHED,cabo-polia,costas,cable pushdown straight arm,,sem exercício correspondente no catálogo,Cable-Pushdown-(straight-arm)-(VERSION-2)_Back__converted.gif,exercises/cabo-polia/costas/Cable-Pushdown-(straight-arm)-(VERSION-2)_Back__converted.gif,1f031a2f609e756bbc0309d4c5606202a1dfc134219445166554e1352d16fd91
UNMATCHED,cabo-polia,costas,cable rear delt row parallel bar,,sem exercício correspondente no catálogo,Cable-Rear-Delt-Row-(parallel-bar)_Shoulders__converted.gif,exercises/cabo-polia/costas/Cable-Rear-Delt-Row-(parallel-bar)_Shoulders__converted.gif,5d63051bbffc51cf1e80e6dc5ee3164fa6c5bdf35f7df85affb17200179734ee
UNMATCHED,cabo-polia,costas,cable rear delt row with rope,,sem exercício correspondente no catálogo,Cable-Rear-Delt-Row-(with-rope)_Shoulders_converted.gif,exercises/cabo-polia/costas/Cable-Rear-Delt-Row-(with-rope)_Shoulders_converted.gif,4fd964b2f4bd6fdfcf653a29cd9c630bbb48d3d4431b5415619f1fd933dfae2d
UNMATCHED,cabo-polia,costas,cable rear delt row,,sem exercício correspondente no catálogo,Cable-Rear-Delt-Row_Shoulders__converted.gif,exercises/cabo-polia/costas/Cable-Rear-Delt-Row_Shoulders__converted.gif,e2f7f6333b22366ffa72a321fdbdd799959821452114b825d2ee862b6d574c8e
UNMATCHED,cabo-polia,costas,cable rear drive,,sem exercício correspondente no catálogo,Cable-Rear-Drive_Upper-Arms__converted.gif,exercises/cabo-polia/costas/Cable-Rear-Drive_Upper-Arms__converted.gif,12cf82b8bd7b7bde7c3d8ad5d3f2ba2dd5677a34c7ebe51d05f5968211fece4b
UNMATCHED,cabo-polia,costas,cable rear pulldown,,sem exercício correspondente no catálogo,Cable-Rear-Pulldown_Back_converted.gif,exercises/cabo-polia/costas/Cable-Rear-Pulldown_Back_converted.gif,b63a99274435a637887c2db9689a97d7e5ceafc0979e45aa3aaf673ae7a31937
UNMATCHED,cabo-polia,costas,cable reverse grip pulldown,,sem exercício correspondente no catálogo,Cable-Reverse-Grip-Pulldown_Back__converted.gif,exercises/cabo-polia/costas/Cable-Reverse-Grip-Pulldown_Back__converted.gif,7a45f96f8ba1708140a47e9489a63f03fa1d53ca7cb6458816cef51481d4c76f
REVIEW,cabo-polia,costas,cable reverse grip straight back seated high row,Remada baixa (polia),variação/parente de um exercício do catálogo — confirmar,Cable-Reverse-grip-Straight-Back-Seated-High-Row_Back_converted.gif,exercises/cabo-polia/costas/Cable-Reverse-grip-Straight-Back-Seated-High-Row_Back_converted.gif,6191b49ba63e410b11c02bdf55e2fa2fe447515d3fcd6acb6c4f0c6bb986d367
REVIEW,cabo-polia,costas,cable rope crossover seated row,Remada baixa (polia),variação/parente de um exercício do catálogo — confirmar,Cable-Rope-Crossover-Seated-Row_Back__converted.gif,exercises/cabo-polia/costas/Cable-Rope-Crossover-Seated-Row_Back__converted.gif,0528b22aad502557db326e87280de92c9d5723ac7344d268f15104b47bedb64a
REVIEW,cabo-polia,costas,cable rope seated row,Remada baixa (polia),variação/parente de um exercício do catálogo — confirmar,Cable-Rope-Seated-Row_Back__converted.gif,exercises/cabo-polia/costas/Cable-Rope-Seated-Row_Back__converted.gif,200eec233d4afc7732de873b3b7f7f94e2bf585e8e30cc8bc20fc99952232507
UNMATCHED,cabo-polia,costas,cable seated face pull with rope,,sem exercício correspondente no catálogo,Cable-Seated-Face-Pull-(with-rope)-(male)_Shoulder_converted.gif,exercises/cabo-polia/costas/Cable-Seated-Face-Pull-(with-rope)-(male)_Shoulder_converted.gif,27a0858bdb6d64135a5b3bc5ce32462ecffa81874f5da38460d0b680cb5b9994
REVIEW,cabo-polia,costas,cable seated high row v bar,Remada baixa (polia),variação/parente de um exercício do catálogo — confirmar,Cable-Seated-High-Row-(V-bar)_Back_converted.gif,exercises/cabo-polia/costas/Cable-Seated-High-Row-(V-bar)_Back_converted.gif,7a796775ee4b490ad9809ae37e9f62956c7d102b52f71343bc3adf2d31403a53
REVIEW,cabo-polia,costas,cable seated lats focused row,Remada baixa (polia),variação/parente de um exercício do catálogo — confirmar,Cable-Seated-Lats-Focused-Row_Back__converted.gif,exercises/cabo-polia/costas/Cable-Seated-Lats-Focused-Row_Back__converted.gif,60a0c0d556d2a2ed58e18c38a833c58e10183b3f88a0ac32a2235fee137e0ebc
REVIEW,cabo-polia,costas,cable seated on floor row with rope,Remada baixa (polia),variação/parente de um exercício do catálogo — confirmar,Cable-Seated-on-Floor-Row-with-Rope_Back__converted.gif,exercises/cabo-polia/costas/Cable-Seated-on-Floor-Row-with-Rope_Back__converted.gif,5081e7cbefe44742608bd5870b7923f3c50c8886d9b15686d8c7d7f3128364eb
REVIEW,cabo-polia,costas,cable seated one arm alternate row,Remada baixa (polia),variação/parente de um exercício do catálogo — confirmar,Cable-Seated-One-Arm-Alternate-Row_Back_converted.gif,exercises/cabo-polia/costas/Cable-Seated-One-Arm-Alternate-Row_Back_converted.gif,702d8db5b82663eb13785c9aef5e26df4515946677de6ecd1e4671b8c879c636
REVIEW,cabo-polia,costas,cable seated rear lateral raise,Elevação lateral,variação/parente de um exercício do catálogo — confirmar,Cable-Seated-Rear-Lateral-Raise_Shoulders_converted.gif,exercises/cabo-polia/costas/Cable-Seated-Rear-Lateral-Raise_Shoulders_converted.gif,e039a90ae27b5bb63102083bb4db20fc5491f554ace923d4d866bb4ecb6635d0
UNMATCHED,cabo-polia,costas,cable seated reverse shrug,,sem exercício correspondente no catálogo,Cable-Seated-Reverse-Shrug-(male)_Back__converted.gif,exercises/cabo-polia/costas/Cable-Seated-Reverse-Shrug-(male)_Back__converted.gif,45301a9476f359a0e5395a0909b3b29099417ab329749109d4983a91389832fc
REVIEW,cabo-polia,costas,cable seated row with v bar,Remada baixa (polia),variação/parente de um exercício do catálogo — confirmar,Cable-Seated-Row-with-V-bar_Back-FIX__converted.gif,exercises/cabo-polia/costas/Cable-Seated-Row-with-V-bar_Back-FIX__converted.gif,16e5121a009ab1af0a69026df05dd1c0c2b22f4bb063760f857eb9f00e9125f9
REVIEW,cabo-polia,costas,cable seated supine grip row,Remada baixa (polia),variação/parente de um exercício do catálogo — confirmar,Cable-Seated-Supine-grip-Row-(male)_Back__converted.gif,exercises/cabo-polia/costas/Cable-Seated-Supine-grip-Row-(male)_Back__converted.gif,1ecc10f3fe51b217530c221283119eaf30722de5bccfde5d1cac88efeb2432aa
REVIEW,cabo-polia,costas,cable seated wide grip row,Remada baixa (polia),variação/parente de um exercício do catálogo — confirmar,Cable-Seated-Wide-grip-Row_Back-FIX__converted.gif,exercises/cabo-polia/costas/Cable-Seated-Wide-grip-Row_Back-FIX__converted.gif,f9f4058a06bb78f7f19f5ed2ff15119f264ecbd0f285535b36c14a2f79f8c016
UNMATCHED,cabo-polia,costas,cable shoulder 90 degrees external rotation,,sem exercício correspondente no catálogo,Cable-Shoulder-90-degrees-External-Rotation_Back__converted.gif,exercises/cabo-polia/costas/Cable-Shoulder-90-degrees-External-Rotation_Back__converted.gif,8d7904d33e91b27d88c71e5c1cfcd08c6549466b96c4d9423469564349f0b336
UNMATCHED,cabo-polia,costas,cable single arm high row with chest support,,sem exercício correspondente no catálogo,Cable-Single-Arm-High-Row-with-Chest-Support_Back__converted.gif,exercises/cabo-polia/costas/Cable-Single-Arm-High-Row-with-Chest-Support_Back__converted.gif,dd4171735d63e6c6c9855163ef5d5bf3ea974472fe9490460104677c223d6dd6
UNMATCHED,cabo-polia,costas,cable single arm high row,,sem exercício correspondente no catálogo,Cable-Single-Arm-High-Row_Back__converted.gif,exercises/cabo-polia/costas/Cable-Single-Arm-High-Row_Back__converted.gif,04a453a0d4e5a4206ae798bd12f7124778ba397b2b89470609f66c3cfd5c4be7
UNMATCHED,cabo-polia,costas,cable single arm high scapular row,,sem exercício correspondente no catálogo,Cable-Single-Arm-High-Scapular-Row_Back__converted.gif,exercises/cabo-polia/costas/Cable-Single-Arm-High-Scapular-Row_Back__converted.gif,3e3a9bd4aae44ba50d61405882cdac1cd5593d1649405f7fb98fe9ebb6a3d488
REVIEW,cabo-polia,costas,cable single arm low scapular row,Remada baixa (polia),variação/parente de um exercício do catálogo — confirmar,Cable-Single-Arm-Low-Scapular-Row_Back__converted.gif,exercises/cabo-polia/costas/Cable-Single-Arm-Low-Scapular-Row_Back__converted.gif,5c6f01fa3875e6860c1b6c925ede737560cd6908ef9ab67cd6c3febc83d7e1f8
UNMATCHED,cabo-polia,costas,cable split stance single arm row,,sem exercício correspondente no catálogo,Cable-Split-Stance-Single-Arm-Row-(male)_Back__converted.gif,exercises/cabo-polia/costas/Cable-Split-Stance-Single-Arm-Row-(male)_Back__converted.gif,59bbd5bcc165232524cbe0c691df3dbee0ec3ac4457b990ce6b343afe8545fc0
UNMATCHED,cabo-polia,costas,cable standing close grip row,,sem exercício correspondente no catálogo,Cable-Standing-Close-Grip-Row_Back__converted.gif,exercises/cabo-polia/costas/Cable-Standing-Close-Grip-Row_Back__converted.gif,390e4a1a4ee2359eac9059c70808f210173581c4705618cc1e153bd2cc48e474
UNMATCHED,cabo-polia,costas,cable standing cross over high reverse fly,,sem exercício correspondente no catálogo,Cable-Standing-Cross-over-High-Reverse-Fly_Shoulders__converted.gif,exercises/cabo-polia/costas/Cable-Standing-Cross-over-High-Reverse-Fly_Shoulders__converted.gif,6aa2851fde664226eac59d9800e4d3fe51adeb9dd446c08aa263d93df09c5ca8
UNMATCHED,cabo-polia,costas,cable standing face pull with rope,,sem exercício correspondente no catálogo,Cable-Standing-Face-Pull-(with-rope)_Shoulders_converted.gif,exercises/cabo-polia/costas/Cable-Standing-Face-Pull-(with-rope)_Shoulders_converted.gif,2079c8b5e4db982ee7af6ab7d2d1186df745d97c1c1e8d87260de470d50c22e6
UNMATCHED,cabo-polia,costas,cable standing face pull,,sem exercício correspondente no catálogo,Cable-Standing-Face-Pull_Shoulders__converted.gif,exercises/cabo-polia/costas/Cable-Standing-Face-Pull_Shoulders__converted.gif,3a6639da6c34e59a60ae2b07cee6d73034a44afd2626650204fbaa2203bcd3cc
REVIEW,cabo-polia,costas,cable standing lat pulldown,Puxada frontal (pulley),variação/parente de um exercício do catálogo — confirmar,Cable-Standing-Lat-Pulldown_Back__converted.gif,exercises/cabo-polia/costas/Cable-Standing-Lat-Pulldown_Back__converted.gif,9b8998038ce1b53c44e7883a0e1b5cf8ba1a743f2eee724b3406be23a962c29b
REVIEW,cabo-polia,costas,cable standing lat pushdown rope equipment,Tríceps corda (polia),variação/parente de um exercício do catálogo — confirmar,Cable-Standing-Lat-Pushdown-(rope-equipment)_Back-_converted.gif,exercises/cabo-polia/costas/Cable-Standing-Lat-Pushdown-(rope-equipment)_Back-_converted.gif,1bbc6deefcfe2ef4f400910b0e20d8cdc59d28f74f4e93a1ba95391f24e5fc9e
UNMATCHED,cabo-polia,costas,cable standing one arm face pull,,sem exercício correspondente no catálogo,Cable-Standing-One-Arm-Face-Pull_Shoulders__converted.gif,exercises/cabo-polia/costas/Cable-Standing-One-Arm-Face-Pull_Shoulders__converted.gif,b625fd44877c080863df51a08cddff76a87ebf2ebdb5f7e9ed5961a56bd473eb
UNMATCHED,cabo-polia,costas,cable standing rear delt row with rope,,sem exercício correspondente no catálogo,Cable-Standing-Rear-Delt-Row-(with-rope)_Shoulder__converted.gif,exercises/cabo-polia/costas/Cable-Standing-Rear-Delt-Row-(with-rope)_Shoulder__converted.gif,f72f4cecdce6d9bc509d0fd527fc459c6bdb57ee4bafa19e95311240ce6c7cf5
UNMATCHED,cabo-polia,costas,cable standing row,,sem exercício correspondente no catálogo,Cable-Standing-Row_Back__converted.gif,exercises/cabo-polia/costas/Cable-Standing-Row_Back__converted.gif,5553a2ea1e559ff36db7eddaedf4bd56a0827244509c2c0a3f936897593605ec
UNMATCHED,cabo-polia,costas,cable standing shoulder external rotation,,sem exercício correspondente no catálogo,Cable-Standing-Shoulder-External-Rotation_Back-FIX_converted.gif,exercises/cabo-polia/costas/Cable-Standing-Shoulder-External-Rotation_Back-FIX_converted.gif,5a75c6b5169f6d30af639c7b73a864cf19986a94e7dc92352fdccb81d4d06a0c
UNMATCHED,cabo-polia,costas,cable standing single delt row,,sem exercício correspondente no catálogo,Cable-Standing-Single-Delt-Row-(male)_Shoulders__converted.gif,exercises/cabo-polia/costas/Cable-Standing-Single-Delt-Row-(male)_Shoulders__converted.gif,2e17058e742c8b3e8e5cb7d48e01eb086879679652c13dac2211582b28aca591
UNMATCHED,cabo-polia,costas,cable standing single delt row,,sem exercício correspondente no catálogo,Cable-Standing-Single-Delt-Row-(VERSION-2)-(male)__converted.gif,exercises/cabo-polia/costas/Cable-Standing-Single-Delt-Row-(VERSION-2)-(male)__converted.gif,3396064575e18a5a5a0ed9887dce7b81c017af5c8a44ef061c324c43bc3b39c1
UNMATCHED,cabo-polia,costas,cable standing supinated face pull with rope,,sem exercício correspondente no catálogo,Cable-Standing-Supinated-Face-Pull-(with-rope)_Sho_converted.gif,exercises/cabo-polia/costas/Cable-Standing-Supinated-Face-Pull-(with-rope)_Sho_converted.gif,c4fbcc3dff8c31c7fb39c25e1450e3173f585528a51e8086e60f58f765e219f0
UNMATCHED,cabo-polia,costas,cable standing y raise,,sem exercício correspondente no catálogo,Cable-Standing-Y-raise-(VERSION-2)-(male)_Shoulder_converted.gif,exercises/cabo-polia/costas/Cable-Standing-Y-raise-(VERSION-2)-(male)_Shoulder_converted.gif,1fb9d789c4bf31205c0db816ec530ac06fec2113b67545773e3fadc8ebfdc8ab
UNMATCHED,cabo-polia,costas,cable straight arm pulldown,,sem exercício correspondente no catálogo,Cable-Straight-Arm-Pulldown-(VERSION-2)_Back__converted.gif,exercises/cabo-polia/costas/Cable-Straight-Arm-Pulldown-(VERSION-2)_Back__converted.gif,89fde98192676007ba1c35470c4471c5d5207f7a1359ac8b12a76c7b37be0f53
UNMATCHED,cabo-polia,costas,cable straight arm pulldown with rope,,sem exercício correspondente no catálogo,Cable-Straight-Arm-Pulldown-(with-rope)_Back_converted.gif,exercises/cabo-polia/costas/Cable-Straight-Arm-Pulldown-(with-rope)_Back_converted.gif,b40d77ba958b15c064acba4cbef535bb78cb2d3e6e97df34e707f82210df32d9
UNMATCHED,cabo-polia,costas,cable straight arm pulldown with rope attachment,,sem exercício correspondente no catálogo,Cable-Straight-Arm-Pulldown-(with-rope-attachment)_converted.gif,exercises/cabo-polia/costas/Cable-Straight-Arm-Pulldown-(with-rope-attachment)_converted.gif,46e6f2de30d47a212ed347dd7203af62340af2d3bdb1bbe639be1b278e031783
UNMATCHED,cabo-polia,costas,cable straight arm pulldown,,sem exercício correspondente no catálogo,Cable-Straight-Arm-Pulldown_Back-FIX__converted.gif,exercises/cabo-polia/costas/Cable-Straight-Arm-Pulldown_Back-FIX__converted.gif,17cdbbb74b97b8ccd99ae31f0a51b4e8bfb0b99875ea6d7934b35ae8e9fa6a32
REVIEW,cabo-polia,costas,cable straight back seated row,Remada baixa (polia),variação/parente de um exercício do catálogo — confirmar,Cable-Straight-Back-Seated-Row_Back_converted.gif,exercises/cabo-polia/costas/Cable-Straight-Back-Seated-Row_Back_converted.gif,58d24c9809301212d7c6497dda48a468516128dba10008a5f58ff7ff78d36cf6
REVIEW,cabo-polia,costas,cable twin handle parallel grip lat pulldown,Puxada frontal (pulley),variação/parente de um exercício do catálogo — confirmar,Cable-Twin-Handle-Parallel-Grip-Lat-Pulldown_Back__converted.gif,exercises/cabo-polia/costas/Cable-Twin-Handle-Parallel-Grip-Lat-Pulldown_Back__converted.gif,504f45714d4b60bc7bca596ae8824f4fa23e82e49d530e25fce408b10db3958e
UNMATCHED,cabo-polia,costas,cable twisting pull,,sem exercício correspondente no catálogo,Cable-Twisting-Pull_Back__converted.gif,exercises/cabo-polia/costas/Cable-Twisting-Pull_Back__converted.gif,1b77faf2ca2e3364eb3d1602a3428711907a500a0c357940fab9eb63228686a4
UNMATCHED,cabo-polia,costas,cable underhand pulldown,,sem exercício correspondente no catálogo,Cable-Underhand-Pulldown_Back_converted.gif,exercises/cabo-polia/costas/Cable-Underhand-Pulldown_Back_converted.gif,2b007ed928d70b79b471a731cc5a790b13851bfe1d2ba59f799c06650d720444
REVIEW,cabo-polia,costas,cable wide grip rear pulldown behind neck,Puxada frontal (pulley),variação/parente de um exercício do catálogo — confirmar,Cable-Wide-Grip-Rear-Pulldown-Behind-Neck_Back_converted.gif,exercises/cabo-polia/costas/Cable-Wide-Grip-Rear-Pulldown-Behind-Neck_Back_converted.gif,42374dfca5339367ace12d31edc35df8a45cb1ee4820b69b29dee6a09e206d68
UNMATCHED,cabo-polia,ombro,cable forward raise,,sem exercício correspondente no catálogo,Cable-Forward-Raise_Shoulders_converted.gif,exercises/cabo-polia/ombro/Cable-Forward-Raise_Shoulders_converted.gif,6e87188fd13e656cbbb0ebb5fed0ecea69375ccd98185783f995f80932638fa2
UNMATCHED,cabo-polia,ombro,cable front raise rope attachment,,sem exercício correspondente no catálogo,Cable-Front-Raise-(rope-attachment)-(male)_Shoulde_converted.gif,exercises/cabo-polia/ombro/Cable-Front-Raise-(rope-attachment)-(male)_Shoulde_converted.gif,81261d4c3afab4836f130e6ae84a15758e51f0552bbcecbe150ff9bac27668fc
UNMATCHED,cabo-polia,ombro,cable front raise,,sem exercício correspondente no catálogo,Cable-Front-Raise_Shoulders-FIX__converted.gif,exercises/cabo-polia/ombro/Cable-Front-Raise_Shoulders-FIX__converted.gif,4a9bd4fd3bf48e8a79ee38947c7727ba221adc69a9e179829de909fa84b44a15
UNMATCHED,cabo-polia,ombro,cable high pull with rope attachment,,sem exercício correspondente no catálogo,Cable-High-Pull-with-Rope-Attachment-(male)_Should_converted.gif,exercises/cabo-polia/ombro/Cable-High-Pull-with-Rope-Attachment-(male)_Should_converted.gif,dbb97ced3edee64352ffdcdde379011215ef841f416365915be663b094077c37
REVIEW,cabo-polia,ombro,cable incline close grip shoulder press with v bar,Desenvolvimento militar,variação/parente de um exercício do catálogo — confirmar,Cable-Incline-Close-Grip-Shoulder-Press-with-V-Bar_converted.gif,exercises/cabo-polia/ombro/Cable-Incline-Close-Grip-Shoulder-Press-with-V-Bar_converted.gif,0bad0ae5fe9d9ec3404384681686bf0a936a8a2a5920276d88a5db60ae47db87
UNMATCHED,cabo-polia,ombro,cable incline y raise with back support,,sem exercício correspondente no catálogo,Cable-Incline-Y-Raise-with-Back-Support-(male)_Sho_converted.gif,exercises/cabo-polia/ombro/Cable-Incline-Y-Raise-with-Back-Support-(male)_Sho_converted.gif,f48574c594467c0784b4f62a714ccdb7996b8e5b1492c882e63b421860313578
UNMATCHED,cabo-polia,ombro,cable incline y raise wrist straps with back suppo,,sem exercício correspondente no catálogo,Cable-Incline-Y-Raise-Wrist-Straps-with-Back-Suppo_converted.gif,exercises/cabo-polia/ombro/Cable-Incline-Y-Raise-Wrist-Straps-with-Back-Suppo_converted.gif,87bda927e4eb3c1f8bef18155fc227abe60f3c8b322b94ade5cbaf17d75d94d4
REVIEW,cabo-polia,ombro,cable kneeling shoulder press,Desenvolvimento militar,variação/parente de um exercício do catálogo — confirmar,Cable-Kneeling-Shoulder-Press_Shoulders__converted.gif,exercises/cabo-polia/ombro/Cable-Kneeling-Shoulder-Press_Shoulders__converted.gif,f6a5fbe2380d5ce06937b798d22f1ae347cacc50ad5c0f539276e3f5ab9aab31
REVIEW,cabo-polia,ombro,cable lateral raise,Elevação lateral,variação/parente de um exercício do catálogo — confirmar,Cable-Lateral-Raise_shoulder_converted.gif,exercises/cabo-polia/ombro/Cable-Lateral-Raise_shoulder_converted.gif,b31b661cf230e29722f708fed29b356b2a5ce9b32fd4ce8146608cfe41277e35
REVIEW,cabo-polia,ombro,cable leaning lateral raise,Elevação lateral,variação/parente de um exercício do catálogo — confirmar,Cable-Leaning-Lateral-Raise_Shoulders__converted.gif,exercises/cabo-polia/ombro/Cable-Leaning-Lateral-Raise_Shoulders__converted.gif,1a350a60634561a08c857c55d055b504b95990b7119c3e1d0879c3a582fe4dd8
UNMATCHED,cabo-polia,ombro,cable lying upright row sz bar,,sem exercício correspondente no catálogo,Cable-Lying-Upright-Row-(SZ-bar)-(male)_Shoulders__converted.gif,exercises/cabo-polia/ombro/Cable-Lying-Upright-Row-(SZ-bar)-(male)_Shoulders__converted.gif,caaaeb4f139e28fb175ab28ff0f76f29a3b031dcab720cd4a486c8ee137ca71e
UNMATCHED,cabo-polia,ombro,cable one arm front raise,,sem exercício correspondente no catálogo,Cable-One-Arm-Front-Raise-(male)_Shoulders__converted.gif,exercises/cabo-polia/ombro/Cable-One-Arm-Front-Raise-(male)_Shoulders__converted.gif,e2d25f027d7777e4bf3b3cf93a943619684869e04d44bd6984fc184803861951
REVIEW,cabo-polia,ombro,cable one arm lateral raise,Elevação lateral,variação/parente de um exercício do catálogo — confirmar,Cable-One-Arm-Lateral-Raise_Shoulders_converted.gif,exercises/cabo-polia/ombro/Cable-One-Arm-Lateral-Raise_Shoulders_converted.gif,6a6282c6222f9cf4c2d680d4f27efbf144aa3edd048a4330e098f2e03e0f302b
UNMATCHED,cabo-polia,ombro,cable seated front press,,sem exercício correspondente no catálogo,Cable-Seated-Front-Press-(male)_Shoulders__converted.gif,exercises/cabo-polia/ombro/Cable-Seated-Front-Press-(male)_Shoulders__converted.gif,51513bebe992bc34e51ffe4b4bd250da63ab496a314afc850a4a83b9675a7b6e
REVIEW,cabo-polia,ombro,cable shoulder press,Desenvolvimento militar,variação/parente de um exercício do catálogo — confirmar,Cable-Shoulder-Press_Shoulders_converted.gif,exercises/cabo-polia/ombro/Cable-Shoulder-Press_Shoulders_converted.gif,254d8e135fad4d54d1ae14105204809135ef4c9b7adc30600166dde1d8393fd7
REVIEW,cabo-polia,ombro,cable side lying single arm lateral raise,Elevação lateral,variação/parente de um exercício do catálogo — confirmar,Cable-Side-Lying-Single-Arm-Lateral-Raise-(male)_S_converted.gif,exercises/cabo-polia/ombro/Cable-Side-Lying-Single-Arm-Lateral-Raise-(male)_S_converted.gif,d1adb640f18ad0cba519b801f629a790edaaa37f3cf5fca445fcbb7bf452f276
REVIEW,cabo-polia,ombro,cable single arm lateral raise,Elevação lateral,variação/parente de um exercício do catálogo — confirmar,Cable-Single-Arm-Lateral-Raise-(VERSION-2)-(male)__converted.gif,exercises/cabo-polia/ombro/Cable-Single-Arm-Lateral-Raise-(VERSION-2)-(male)__converted.gif,b6ab6dbe782c4ce4b624a769dda3ba3fa880698c501211b09b66b81743472945
UNMATCHED,cabo-polia,ombro,cable single arm neutral grip front raise,,sem exercício correspondente no catálogo,Cable-Single-Arm-Neutral-Grip-Front-Raise_Shoulder_converted.gif,exercises/cabo-polia/ombro/Cable-Single-Arm-Neutral-Grip-Front-Raise_Shoulder_converted.gif,5887c0df672cc5c9d93d1f71a5a9317f901ad433aeae6449e89869657e0fc9c2
UNMATCHED,cabo-polia,ombro,cable standing front raise variation,,sem exercício correspondente no catálogo,Cable-Standing-Front-Raise-Variation_Shoulders__converted.gif,exercises/cabo-polia/ombro/Cable-Standing-Front-Raise-Variation_Shoulders__converted.gif,eab79bb15a3235b76e2d635ef4cfeb22d6da728fc6dc34c35952ba535d1cb690
UNMATCHED,cabo-polia,ombro,cable standing jab,,sem exercício correspondente no catálogo,Cable-Standing-Jab-(male)_Plyometrics__converted.gif,exercises/cabo-polia/ombro/Cable-Standing-Jab-(male)_Plyometrics__converted.gif,f53ac7a192b9aae98b891741706e505df89bd9be3a54e2db257467144a810c94
UNMATCHED,cabo-polia,ombro,cable standing jab,,sem exercício correspondente no catálogo,Cable-Standing-Jab-(VERSION-2)-(male)_Plyometrics__converted.gif,exercises/cabo-polia/ombro/Cable-Standing-Jab-(VERSION-2)-(male)_Plyometrics__converted.gif,e5df8bad42eb12ffdde2131ab352efe6b5881987c5c73f02844723ed40ba5485
UNMATCHED,cabo-polia,ombro,cable standing squeez upper chest press,,sem exercício correspondente no catálogo,Cable-Standing-Squeez-Upper-Chest-Press-(male)_Chest__converted.gif,exercises/cabo-polia/ombro/Cable-Standing-Squeez-Upper-Chest-Press-(male)_Chest__converted.gif,6286f7b4ca85ff393ea3eeba902805756599c0734d35eefc52c58bb258ee8405
UNMATCHED,cabo-polia,ombro,cable standing y raises with rope attachment,,sem exercício correspondente no catálogo,Cable-Standing-Y-raises-(with-rope-attachment)-(ma_converted.gif,exercises/cabo-polia/ombro/Cable-Standing-Y-raises-(with-rope-attachment)-(ma_converted.gif,0117a25e2943367b91373d125c3f9a67ee4beabb4841b03ebde6ff34cff7860e
UNMATCHED,cabo-polia,ombro,cable y raise,,sem exercício correspondente no catálogo,Cable-Y-raise_Shoulders__converted.gif,exercises/cabo-polia/ombro/Cable-Y-raise_Shoulders__converted.gif,c64823443cf628f17c819f04cde52a795a9c3b857ccd8da58363448b5d8e196d
UNMATCHED,cabo-polia,peito,cable alternative fly,,sem exercício correspondente no catálogo,Cable-Alternative-Fly-(male)_Chest__converted.gif,exercises/cabo-polia/peito/Cable-Alternative-Fly-(male)_Chest__converted.gif,81226d00a31ea0637480c8ade99f4c237842a079fc4e7581a62cb7a756542015
UNMATCHED,cabo-polia,peito,cable bench press,,sem exercício correspondente no catálogo,Cable-Bench-Press_Chest-FIX__converted.gif,exercises/cabo-polia/peito/Cable-Bench-Press_Chest-FIX__converted.gif,97f3c57fcd9845f16d31d437c41b0619185aed2231519564244ed23c6049255e
UNMATCHED,cabo-polia,peito,cable decline fly,,sem exercício correspondente no catálogo,Cable-Decline-Fly_Chest-FIX__converted.gif,exercises/cabo-polia/peito/Cable-Decline-Fly_Chest-FIX__converted.gif,5cf7fa3ebaf6a1735a154ffaaff4797aab37147b713b674e8f797378440fe5da
UNMATCHED,cabo-polia,peito,cable decline press,,sem exercício correspondente no catálogo,Cable-Decline-Press_Chest__converted.gif,exercises/cabo-polia/peito/Cable-Decline-Press_Chest__converted.gif,9e3ac16082366af76668e521eef2ba2010c2ea89bea22653a245b47873ac38a6
UNMATCHED,cabo-polia,peito,cable incline alternative fly,,sem exercício correspondente no catálogo,Cable-Incline-Alternative-Fly-(male)_Chest__converted.gif,exercises/cabo-polia/peito/Cable-Incline-Alternative-Fly-(male)_Chest__converted.gif,8f33d9f360d2c9dff67d12666f45118ec15d860d153a92eaa67da403ce29fa69
UNMATCHED,cabo-polia,peito,cable incline bench press,,sem exercício correspondente no catálogo,Cable-Incline-Bench-Press_Chest-FIX__converted.gif,exercises/cabo-polia/peito/Cable-Incline-Bench-Press_Chest-FIX__converted.gif,7033838c1c0e281fe3c46d4fc3c8d08c4d8e208fd2d7c0e146610c3efe6c1932
UNMATCHED,cabo-polia,peito,cable incline fly on stability ball,,sem exercício correspondente no catálogo,Cable-Incline-Fly-(on-stability-ball)_Chest_converted.gif,exercises/cabo-polia/peito/Cable-Incline-Fly-(on-stability-ball)_Chest_converted.gif,c341899fd2224aad6c6e739d0a2a3bf36a951344c6623aaf5e9c09af5871aa5e
UNMATCHED,cabo-polia,peito,cable incline fly,,sem exercício correspondente no catálogo,Cable-Incline-Fly_Chest-FIX__converted.gif,exercises/cabo-polia/peito/Cable-Incline-Fly_Chest-FIX__converted.gif,cf324eea338d7f988b01bee0b92a1a0e38737859ae4a60ed934344cb623b99c5
UNMATCHED,cabo-polia,peito,cable kneeling high to low fly,,sem exercício correspondente no catálogo,Cable-Kneeling-High-to-Low-Fly-(male)_Chest__converted.gif,exercises/cabo-polia/peito/Cable-Kneeling-High-to-Low-Fly-(male)_Chest__converted.gif,f4c016e3380efb8efdde4a9f3fb2ceea71618d90db58bc6420cd4dd9640ea8e1
UNMATCHED,cabo-polia,peito,cable kneeling single arm fly,,sem exercício correspondente no catálogo,Cable-Kneeling-Single-Arm-Fly-(male)_Chest__converted.gif,exercises/cabo-polia/peito/Cable-Kneeling-Single-Arm-Fly-(male)_Chest__converted.gif,65cd93bb13681ff0dec37b91fbde9aea4488d10d2898953fd3fbd59b0f2bbda8
UNMATCHED,cabo-polia,peito,cable low chest press,,sem exercício correspondente no catálogo,Cable-Low-Chest-Press-(male)_Chest__converted.gif,exercises/cabo-polia/peito/Cable-Low-Chest-Press-(male)_Chest__converted.gif,8b668efe7284f1e83c325f3ecea28574ca56bc585cc2725b2664c2fb6165bd2d
UNMATCHED,cabo-polia,peito,cable low chest press,,sem exercício correspondente no catálogo,Cable-Low-Chest-Press-(VERSION-2)-(male)_Chest__converted.gif,exercises/cabo-polia/peito/Cable-Low-Chest-Press-(VERSION-2)-(male)_Chest__converted.gif,c32c0d5ff06abb516518b87e4354362bac908f51270d05a1fc529ac345cb248f
UNMATCHED,cabo-polia,peito,cable low fly,,sem exercício correspondente no catálogo,Cable-Low-Fly_Chest-FIX2__converted.gif,exercises/cabo-polia/peito/Cable-Low-Fly_Chest-FIX2__converted.gif,ce9ae49bc7a006b0f1c78a880288f5c8501b95d42e61fad02e7b9e62fa87578c
UNMATCHED,cabo-polia,peito,cable lying extension pullover with rope attachme,,sem exercício correspondente no catálogo,Cable-Lying-Extension-Pullover-(with-rope-attachme_converted.gif,exercises/cabo-polia/peito/Cable-Lying-Extension-Pullover-(with-rope-attachme_converted.gif,bbada2ef8a2c44e03188064a1f72d07a7c4808102de092c59dddf85c3c14492a
UNMATCHED,cabo-polia,peito,cable lying fly,,sem exercício correspondente no catálogo,Cable-Lying-Fly_Chest-FIX__converted.gif,exercises/cabo-polia/peito/Cable-Lying-Fly_Chest-FIX__converted.gif,107f743a98abf858f4fb75143c112f067000716a2af940aed56879a6828af5e5
UNMATCHED,cabo-polia,peito,cable middle fly,,sem exercício correspondente no catálogo,Cable-Middle-Fly_Chest-FIX__converted.gif,exercises/cabo-polia/peito/Cable-Middle-Fly_Chest-FIX__converted.gif,e7c91724d3002950d3300c2fc7ae97b8a227b0539837f51c60bc73800c222ef0
UNMATCHED,cabo-polia,peito,cable neutral grip chest press,,sem exercício correspondente no catálogo,Cable-Neutral-grip-Chest-Press_Chest__converted.gif,exercises/cabo-polia/peito/Cable-Neutral-grip-Chest-Press_Chest__converted.gif,683ab73e13ec7681ccd44882579ff31b47adacbad5c1a6b736f5bfb2ee5700e9
UNMATCHED,cabo-polia,peito,cable one arm lateral bent over,,sem exercício correspondente no catálogo,Cable-One-Arm-Lateral-Bent-over_converted.gif,exercises/cabo-polia/peito/Cable-One-Arm-Lateral-Bent-over_converted.gif,047f00d9a688d29e6fe9eb3aa6d5bd9348c65e508027fc70729b5f7797abbc68
UNMATCHED,cabo-polia,peito,cable seated chest fly,,sem exercício correspondente no catálogo,Cable-Seated-Chest-Fly_Chest__converted.gif,exercises/cabo-polia/peito/Cable-Seated-Chest-Fly_Chest__converted.gif,c71705fd476fb268e922d0f0d22e8d182ce6f4881c0b61afede85d48a3930547
UNMATCHED,cabo-polia,peito,cable seated chest press,,sem exercício correspondente no catálogo,Cable-Seated-Chest-Press-(male)_Chest__converted.gif,exercises/cabo-polia/peito/Cable-Seated-Chest-Press-(male)_Chest__converted.gif,a662d424b0816f26b11ca54178bc6bc46ee8b3e662f229669a7d4bb7c95015e7
UNMATCHED,cabo-polia,peito,cable seated single arm chest press,,sem exercício correspondente no catálogo,Cable-Seated-Single-Arm-Chest-Press-(male)_Chest__converted.gif,exercises/cabo-polia/peito/Cable-Seated-Single-Arm-Chest-Press-(male)_Chest__converted.gif,68ce9970c0f456d3def8636ea1d1ccc4f6b93da4dc1b5a338364c0b5bb5b6ea7
UNMATCHED,cabo-polia,peito,cable shoulder 90 degrees internal rotation,,sem exercício correspondente no catálogo,Cable-Shoulder-90-degrees-Internal-Rotation_Back__converted.gif,exercises/cabo-polia/peito/Cable-Shoulder-90-degrees-Internal-Rotation_Back__converted.gif,0a3cff3ff23d09fc3f38600924802973ec76a980c425025798ffaa33eaef82c9
UNMATCHED,cabo-polia,peito,cable shoulder internal rotation,,sem exercício correspondente no catálogo,Cable-Shoulder-Internal-Rotation_Shoulders__converted.gif,exercises/cabo-polia/peito/Cable-Shoulder-Internal-Rotation_Shoulders__converted.gif,6c36f2398be8917ff41e12e57238c342aa7471595270e3962b438a4ea97fdeec
UNMATCHED,cabo-polia,peito,cable single arm bench press,,sem exercício correspondente no catálogo,Cable-Single-Arm-Bench-Press_Chest__converted.gif,exercises/cabo-polia/peito/Cable-Single-Arm-Bench-Press_Chest__converted.gif,328ac048e8a4f61084a57862bca6f3fa23d57abb954eb81ac55c50b047511933
UNMATCHED,cabo-polia,peito,cable single arm crossover,,sem exercício correspondente no catálogo,Cable-Single-Arm-Crossover-(male)_Chest__converted.gif,exercises/cabo-polia/peito/Cable-Single-Arm-Crossover-(male)_Chest__converted.gif,72c82885687d877a3beba6ccd45bed519537c3c7a7479c66446f430dd7ae2046
UNMATCHED,cabo-polia,peito,cable single arm low fly,,sem exercício correspondente no catálogo,Cable-Single-Arm-Low-Fly-(male)_Chest__converted.gif,exercises/cabo-polia/peito/Cable-Single-Arm-Low-Fly-(male)_Chest__converted.gif,ff80c1abf72f648575eb821830245e4ef4fac51c064fa9d1dfa257e77d03de2e
UNMATCHED,cabo-polia,peito,cable standing alternate chest fly,,sem exercício correspondente no catálogo,Cable-Standing-Alternate-Chest-Fly_Chest__converted.gif,exercises/cabo-polia/peito/Cable-Standing-Alternate-Chest-Fly_Chest__converted.gif,8e122cf9e7cfbe97324b0637ce35a505756f4be9e11f07e78b27425b10b4e7ad
UNMATCHED,cabo-polia,peito,cable standing chest press,,sem exercício correspondente no catálogo,Cable-Standing-Chest-Press_Chest__converted.gif,exercises/cabo-polia/peito/Cable-Standing-Chest-Press_Chest__converted.gif,37ef682b969d06d3599bb91c0a4c47cb87c7ed408bedaf35327af2a3432aa450
UNMATCHED,cabo-polia,peito,cable standing close press,,sem exercício correspondente no catálogo,Cable-Standing-Close-Press_Upper-Arms__converted.gif,exercises/cabo-polia/peito/Cable-Standing-Close-Press_Upper-Arms__converted.gif,d6e484fb8c13159ec35c7a419ed9a395ce5ba3c4a7012a7c2ba08a81903f6c67
UNMATCHED,cabo-polia,peito,cable standing crossover,,sem exercício correspondente no catálogo,Cable-Standing-Crossover-(male)_Chest__converted.gif,exercises/cabo-polia/peito/Cable-Standing-Crossover-(male)_Chest__converted.gif,d3c378bddb152ca4a90d3d8a371046c1ca4c92f8df9e1eefb9d21f530698f8df
UNMATCHED,cabo-polia,peito,cable standing fly,,sem exercício correspondente no catálogo,Cable-Standing-Fly_Chest_converted.gif,exercises/cabo-polia/peito/Cable-Standing-Fly_Chest_converted.gif,ef0b2bd203dbb0c995409d34ee536abc2b9388b48b0c413d378311cec678f292
UNMATCHED,cabo-polia,peito,cable standing neutral grip fly,,sem exercício correspondente no catálogo,Cable-Standing-Neutral-grip-Fly-(male)_Chest__converted.gif,exercises/cabo-polia/peito/Cable-Standing-Neutral-grip-Fly-(male)_Chest__converted.gif,13a92076b904a95cb6040fd58e5659b8f1d6463f762f16c3e90c5017feb3c9a3
UNMATCHED,cabo-polia,peito,cable standing single arm fly,,sem exercício correspondente no catálogo,Cable-Standing-Single-Arm-Fly_Chest__converted.gif,exercises/cabo-polia/peito/Cable-Standing-Single-Arm-Fly_Chest__converted.gif,8653c248ac7d8052e887c1b103b5cd1a6c11405bd3dc31c88aa461be8df95d2f
UNMATCHED,cabo-polia,peito,cable standing up straight crossovers,,sem exercício correspondente no catálogo,Cable-Standing-Up-Straight-Crossovers_Chest-FIX__converted.gif,exercises/cabo-polia/peito/Cable-Standing-Up-Straight-Crossovers_Chest-FIX__converted.gif,fb5259381bfe38808064c73ef2c827bfee82f175ad9200e11fca9886f08117fc
REVIEW,cabo-polia,perna,cable assisted inverse leg curl,Mesa flexora,variação/parente de um exercício do catálogo — confirmar,Cable-Assisted-Inverse-Leg-Curl_Thighs_converted.gif,exercises/cabo-polia/perna/Cable-Assisted-Inverse-Leg-Curl_Thighs_converted.gif,5b401219ccbd9d4b877f2619813e733121da26b44fac47f5d6177b43bf07c628
UNMATCHED,cabo-polia,perna,cable deadlift,,sem exercício correspondente no catálogo,Cable-Deadlift_Thighs_converted.gif,exercises/cabo-polia/perna/Cable-Deadlift_Thighs_converted.gif,cddfed6a52d4220f04c9aea398b25c47d85b00717414049b9bfaa2bf26d81198
UNMATCHED,cabo-polia,perna,cable donkey diagonal kickback,,sem exercício correspondente no catálogo,Cable-Donkey-Diagonal-Kickback-(male)_Hips__converted.gif,exercises/cabo-polia/perna/Cable-Donkey-Diagonal-Kickback-(male)_Hips__converted.gif,a7b3c0e1fdd964bc0e87e08c5215f17bdebbff51c8dccb5d11b0937fbdda8d49
UNMATCHED,cabo-polia,perna,cable donkey kickback,,sem exercício correspondente no catálogo,Cable-Donkey-Kickback-(male)_Hips__converted.gif,exercises/cabo-polia/perna/Cable-Donkey-Kickback-(male)_Hips__converted.gif,72d68620a12ee1d4229518fc13a160c25066f922cecfb501e8792d1ddeef9e9a
UNMATCHED,cabo-polia,perna,cable front squat,,sem exercício correspondente no catálogo,Cable-Front-Squat-(VERSION-2)_Thighs__converted.gif,exercises/cabo-polia/perna/Cable-Front-Squat-(VERSION-2)_Thighs__converted.gif,2943bf6d5720e5c8098ebcf81d6cd6bb86d43d0a231880e6c4201ee1fa57413d
UNMATCHED,cabo-polia,perna,cable front squat with v bar,,sem exercício correspondente no catálogo,Cable-Front-Squat-with-V-bar_Thighs__converted.gif,exercises/cabo-polia/perna/Cable-Front-Squat-with-V-bar_Thighs__converted.gif,76df29df81fb29e32f9bfe2754c08b700b739de7067f31640459185a63cb6ede
UNMATCHED,cabo-polia,perna,cable goblet squat,,sem exercício correspondente no catálogo,Cable-Goblet-Squat-(male)_Thighs__converted.gif,exercises/cabo-polia/perna/Cable-Goblet-Squat-(male)_Thighs__converted.gif,53d101ced932f88cd0a4c75fd5481b41e25363e3eb99c2bc11318a44e1b07099
UNMATCHED,cabo-polia,perna,cable hip abduction,,sem exercício correspondente no catálogo,Cable-hip-abduction-(version-2)-(male)_Hips__converted.gif,exercises/cabo-polia/perna/Cable-hip-abduction-(version-2)-(male)_Hips__converted.gif,fd4d8672bd77d2bf0d139668bd448727a0fa9924b7838286f49fe44bd386181f
UNMATCHED,cabo-polia,perna,cable hip adduction,,sem exercício correspondente no catálogo,Cable-Hip-Adduction_Thighs_converted.gif,exercises/cabo-polia/perna/Cable-Hip-Adduction_Thighs_converted.gif,5452676f89ba1b1255ff205739c56844323841fd0bc30279c27bbfc1f07f57ba
UNMATCHED,cabo-polia,perna,cable kneeling glute kickback,,sem exercício correspondente no catálogo,Cable-Kneeling-Glute-Kickback-(male)_Hips__converted.gif,exercises/cabo-polia/perna/Cable-Kneeling-Glute-Kickback-(male)_Hips__converted.gif,c45c8c178aa13dcda73ea7517181c57ab69f7ff82dafb2017131e8c3ce2d58c5
UNMATCHED,cabo-polia,perna,cable kneeling pull through,,sem exercício correspondente no catálogo,Cable-Kneeling-Pull-Through_Hips__converted.gif,exercises/cabo-polia/perna/Cable-Kneeling-Pull-Through_Hips__converted.gif,b0dde56bce94d1c2eb9f3fe3fbb86d97d4485aa63dbc9177034487273451ea01
UNMATCHED,cabo-polia,perna,cable pull through with rope,,sem exercício correspondente no catálogo,Cable-Pull-Through-(with-rope)_Hips__converted.gif,exercises/cabo-polia/perna/Cable-Pull-Through-(with-rope)_Hips__converted.gif,698e65a9d540d4be4eb292fc238d253730593775d8eedd7eb5bd9f09164ff5be
UNMATCHED,cabo-polia,perna,cable pull through,,sem exercício correspondente no catálogo,Cable-pull-through_hips_converted.gif,exercises/cabo-polia/perna/Cable-pull-through_hips_converted.gif,342f686ae30dcbee6f13185749e246309409ff0e0277a22295c5f1aa90e4bbe9
UNMATCHED,cabo-polia,perna,cable romanian deadlift,,sem exercício correspondente no catálogo,Cable-Romanian-Deadlift-(male)_Hips__converted.gif,exercises/cabo-polia/perna/Cable-Romanian-Deadlift-(male)_Hips__converted.gif,b528c32bc6f5b39abe71639c2649485519979fd64b8ddc480c9610a511935cea
REVIEW,cabo-polia,perna,cable seated leg extension,Cadeira extensora,variação/parente de um exercício do catálogo — confirmar,Cable-Seated-Leg-Extension_Thighs__converted.gif,exercises/cabo-polia/perna/Cable-Seated-Leg-Extension_Thighs__converted.gif,e903c57d365b2628a27c810ec865771865844e0ecc430bbe326e8527ef397f6f
UNMATCHED,cabo-polia,perna,cable squat,,sem exercício correspondente no catálogo,Cable-Squat-(male)_Thighs__converted.gif,exercises/cabo-polia/perna/Cable-Squat-(male)_Thighs__converted.gif,93779022608be271fb291d31d5b24a8bc73ff71628db8f934a5d44429c55660b
UNMATCHED,cabo-polia,perna,cable squat row with rope attachment thighs,,sem exercício correspondente no catálogo,Cable-Squat-Row-(with-rope-attachment)_Back_Thighs_converted.gif,exercises/cabo-polia/perna/Cable-Squat-Row-(with-rope-attachment)_Back_Thighs_converted.gif,1966af6d8a566a74d790b32135b9d14b6e479875058fb2a919aa234bca731a11
UNMATCHED,cabo-polia,perna,cable standing hip extension,,sem exercício correspondente no catálogo,Cable-Standing-Hip-Extension_Hips-FIX__converted.gif,exercises/cabo-polia/perna/Cable-Standing-Hip-Extension_Hips-FIX__converted.gif,1855c3493661ed7c8bde2b5bf7db650c9aee1b75f5d8778bd2cc32e2e302bbaa
UNMATCHED,cabo-polia,perna,cable standing hip flexion,,sem exercício correspondente no catálogo,Cable-Standing-Hip-Flexion-(male)_Hips__converted.gif,exercises/cabo-polia/perna/Cable-Standing-Hip-Flexion-(male)_Hips__converted.gif,e65c67b13f4818233882c56891d6e593673f089c42c2e7a1213a9d89ca4e0af2
REVIEW,cabo-polia,perna,cable standing leg curl,Mesa flexora,variação/parente de um exercício do catálogo — confirmar,Cable-Standing-Leg-Curl_Thighs__converted.gif,exercises/cabo-polia/perna/Cable-Standing-Leg-Curl_Thighs__converted.gif,d789dbc8eec97d1b5ebe70942d7eee53a180f0266aa189a0dfa32be96ddd5d75
REVIEW,cabo-polia,perna,cable standing one leg calf raise,Panturrilha em pé,variação/parente de um exercício do catálogo — confirmar,Cable-Standing-One-Leg-Calf-Raise_Calves__converted.gif,exercises/cabo-polia/perna/Cable-Standing-One-Leg-Calf-Raise_Calves__converted.gif,39ef1f157c0aca862fa0a14fc2b578208a692aef3f59f82d3002e53147e2d0c8
UNMATCHED,cabo-polia,perna,cable straight leg diagonal kickback,,sem exercício correspondente no catálogo,Cable-Straight-Leg-Diagonal-Kickback-(male)_Hips__converted.gif,exercises/cabo-polia/perna/Cable-Straight-Leg-Diagonal-Kickback-(male)_Hips__converted.gif,144407ddd8c65dea33423b656f46898df7b70a3f1f77903a23a527ddf72a4b1a
REVIEW,cabo-polia,perna,inverse leg curl on pull up cable machine,Mesa flexora | Barra fixa (pull-up),mais de um exercício possível,Inverse-Leg-Curl-(on-pull-up-cable-machine)_Thighs_converted.gif,exercises/cabo-polia/perna/Inverse-Leg-Curl-(on-pull-up-cable-machine)_Thighs_converted.gif,aee96bdfc4720eb5a33efd4359cdd17304929aee5b6d67f23c7086471f8761a1
UNMATCHED,cabo-polia,trapezio,cable seated neck extension with head harness,,sem exercício correspondente no catálogo,Cable-Seated-Neck-Extension-(with-head-harness)_Neck_converted.gif,exercises/cabo-polia/trapezio/Cable-Seated-Neck-Extension-(with-head-harness)_Neck_converted.gif,1b79b098f3d408ce46a7e47ae7f7316bfd67096fdcfaf8d0451cce5211d8522c
UNMATCHED,cabo-polia,trapezio,cable seated neck flexion with head harness,,sem exercício correspondente no catálogo,Cable-Seated-Neck-Flexion-(with-head-harness)_Neck_converted.gif,exercises/cabo-polia/trapezio/Cable-Seated-Neck-Flexion-(with-head-harness)_Neck_converted.gif,c37fd4e5281b120e5023d1e3ce611b0a7723a3678bac5b4d0b113fdb98a85dba
UNMATCHED,cabo-polia,trapezio,cable shrug,,sem exercício correspondente no catálogo,Cable-Shrug_Back-FIX__converted.gif,exercises/cabo-polia/trapezio/Cable-Shrug_Back-FIX__converted.gif,1e4ebad2f9f56af18c2a4cbe87420c56fa8ab7cb0ef5cd3d36b891b8d79a2a5c
UNMATCHED,cabo-polia,trapezio,cable upright row,,sem exercício correspondente no catálogo,Cable-Upright-Row_Shoulders-FIX2__converted.gif,exercises/cabo-polia/trapezio/Cable-Upright-Row_Shoulders-FIX2__converted.gif,f60454fc6b7da81a2c3a2f9b2f1ce17a89e3dd567a14c7013926f44183e4ae37
UNMATCHED,cabo-polia,trapezio,cable upright row,,sem exercício correspondente no catálogo,Cable-Upright-Row_shoulder_converted.gif,exercises/cabo-polia/trapezio/Cable-Upright-Row_shoulder_converted.gif,4f2f2609605ef6a61de192414dc8b03ea68d38f5f8cd89bb6aaa07fe164892c6
UNMATCHED,cabo-polia,triceps,cable alternate triceps extension,,sem exercício correspondente no catálogo,Cable-Alternate-Triceps-Extension_Upper-Arms__converted.gif,exercises/cabo-polia/triceps/Cable-Alternate-Triceps-Extension_Upper-Arms__converted.gif,41d5f37ae1cf1920c9a566f5f5301adb27f54fa02cacc5ebf286a20bcd417337
UNMATCHED,cabo-polia,triceps,cable bent over single arm neutral grip kickback with rope attachment,,sem exercício correspondente no catálogo,Cable-Bent-Over-Single-Arm-Neutral-Grip-Kickback-with-Rope-Attachment_Upper-Arms__converted.gif,exercises/cabo-polia/triceps/Cable-Bent-Over-Single-Arm-Neutral-Grip-Kickback-with-Rope-Attachment_Upper-Arms__converted.gif,501e64827a8d2fa736e0709f57a39d094e70634b8642f81b93db978934318198
UNMATCHED,cabo-polia,triceps,cable concentration extension on knee,,sem exercício correspondente no catálogo,Cable-Concentration-Extension-(on-knee)_Upper-Arms_converted.gif,exercises/cabo-polia/triceps/Cable-Concentration-Extension-(on-knee)_Upper-Arms_converted.gif,4e0c92e59198f49b0e76c91345eed7041d5367117267e7dac2348fd01ac7dc14
UNMATCHED,cabo-polia,triceps,cable high pulley overhead tricep extension,,sem exercício correspondente no catálogo,Cable-High-Pulley-Overhead-Tricep-Extension_Upper-Arms_converted.gif,exercises/cabo-polia/triceps/Cable-High-Pulley-Overhead-Tricep-Extension_Upper-Arms_converted.gif,325551d62de2ad757c18dd7617e5a41a2f82caa5d582b0ae7ee362a6e951e029
UNMATCHED,cabo-polia,triceps,cable high pulley straight bar overhead triceps extension,,sem exercício correspondente no catálogo,Cable-High-Pulley-Straight-Bar-Overhead-Triceps-Extension_Upper-Arms__converted.gif,exercises/cabo-polia/triceps/Cable-High-Pulley-Straight-Bar-Overhead-Triceps-Extension_Upper-Arms__converted.gif,c610a5efabf95a68bdf45292513f75d0a854a2df0fb36950bf9177a86b6870e4
UNMATCHED,cabo-polia,triceps,cable high triceps extension,,sem exercício correspondente no catálogo,Cable-High-Triceps-Extension_Upper-Arms__converted.gif,exercises/cabo-polia/triceps/Cable-High-Triceps-Extension_Upper-Arms__converted.gif,43f9c0a964acb027c5304133b8c5e9880ec63396f7a4a322a1c9fa1810e65b36
UNMATCHED,cabo-polia,triceps,cable incline skull crusher,,sem exercício correspondente no catálogo,Cable-Incline-Skull-Crusher_Upper-Arms__converted.gif,exercises/cabo-polia/triceps/Cable-Incline-Skull-Crusher_Upper-Arms__converted.gif,cb8bedd352e0cf0d569587e7cea5725a660419439810a1b1798cf244d4626316
UNMATCHED,cabo-polia,triceps,cable incline triceps extension,,sem exercício correspondente no catálogo,Cable-Incline-Triceps-Extension_Upper-Arms__converted.gif,exercises/cabo-polia/triceps/Cable-Incline-Triceps-Extension_Upper-Arms__converted.gif,83ba160b0892087cb9d39edf13377e1b9bcd7413e81b5eeaada968315e5b2791
UNMATCHED,cabo-polia,triceps,cable jack hammer pushdown,,sem exercício correspondente no catálogo,Cable-Jack-Hammer-Pushdown-(male)_Upper-Arms__converted.gif,exercises/cabo-polia/triceps/Cable-Jack-Hammer-Pushdown-(male)_Upper-Arms__converted.gif,11c80f4927bc0ebac058b629a9fe0a25c83817e73c37cb63b3743873990afaf3
UNMATCHED,cabo-polia,triceps,cable kickback,,sem exercício correspondente no catálogo,Cable-kickback_Upper-arms__converted.gif,exercises/cabo-polia/triceps/Cable-kickback_Upper-arms__converted.gif,a18f78e0902bf5052f18fd97b24f1dae77dce57290910ebe64b9fb5fb6d83728
UNMATCHED,cabo-polia,triceps,cable kneeling triceps extension,,sem exercício correspondente no catálogo,Cable-Kneeling-Triceps-Extension-(VERSION-2)_Upper-Arms_converted.gif,exercises/cabo-polia/triceps/Cable-Kneeling-Triceps-Extension-(VERSION-2)_Upper-Arms_converted.gif,a30d5a906985a39c816c5dd2efd83e96fe1053792dd0eaea10320d531ff3c424
UNMATCHED,cabo-polia,triceps,cable kneeling triceps extension,,sem exercício correspondente no catálogo,Cable-Kneeling-Triceps-Extension_Upper-Arms_converted.gif,exercises/cabo-polia/triceps/Cable-Kneeling-Triceps-Extension_Upper-Arms_converted.gif,3120f415662e4591169c9ae20ad2d96fe15f94ace17e145602e41b5a5664b844
UNMATCHED,cabo-polia,triceps,cable lying triceps extension low,,sem exercício correspondente no catálogo,Cable-Lying-Triceps-Extension-(Low)_Upper-Arms__converted.gif,exercises/cabo-polia/triceps/Cable-Lying-Triceps-Extension-(Low)_Upper-Arms__converted.gif,5ff7568679eac170093ba9502062eea3a73594abe7aa9ca751a645bd6620a1b5
UNMATCHED,cabo-polia,triceps,cable lying triceps extension with rope,,sem exercício correspondente no catálogo,Cable-Lying-Triceps-Extension-(with-Rope)_Upper-Arms__converted.gif,exercises/cabo-polia/triceps/Cable-Lying-Triceps-Extension-(with-Rope)_Upper-Arms__converted.gif,d64ac0d403a92b16062b995a8eab301d85e36deea30990b64615f6d4c3ec7971
UNMATCHED,cabo-polia,triceps,cable lying triceps extension,,sem exercício correspondente no catálogo,Cable-Lying-Triceps-Extension_Upper-Arms__converted.gif,exercises/cabo-polia/triceps/Cable-Lying-Triceps-Extension_Upper-Arms__converted.gif,60691eedf05c390e075233b9594c2be65a4bfb8c1f4b2f96ee1e57e79f44aacc
UNMATCHED,cabo-polia,triceps,cable neutral grip kickback,,sem exercício correspondente no catálogo,Cable-Neutral-Grip-Kickback_Upper-arms__converted.gif,exercises/cabo-polia/triceps/Cable-Neutral-Grip-Kickback_Upper-arms__converted.gif,5c47079a3c2a00880c61d2c2b564fcfb28c7bd78e64154428ea1c7981efa2b56
UNMATCHED,cabo-polia,triceps,cable one arm side triceps pushdown,,sem exercício correspondente no catálogo,Cable-One-Arm-Side-Triceps-Pushdown_Upper-arms_converted.gif,exercises/cabo-polia/triceps/Cable-One-Arm-Side-Triceps-Pushdown_Upper-arms_converted.gif,b5dc98a0e72965458266713587537b65ef4b7fd5840a8f57bc910d34ade4462d
UNMATCHED,cabo-polia,triceps,cable one arm tricep pushdown,,sem exercício correspondente no catálogo,Cable-One-Arm-Tricep-Pushdown_Upper-Arms__converted.gif,exercises/cabo-polia/triceps/Cable-One-Arm-Tricep-Pushdown_Upper-Arms__converted.gif,e3719e21ca5bcb4464972bcf2ef355dac67dd704e30aa770dda2481819e30076
UNMATCHED,cabo-polia,triceps,cable overhead tricep extension straight bar,,sem exercício correspondente no catálogo,Cable-Overhead-Tricep-Extension-Straight-Bar-(male)_Upper-Arms__converted.gif,exercises/cabo-polia/triceps/Cable-Overhead-Tricep-Extension-Straight-Bar-(male)_Upper-Arms__converted.gif,3ad4a0f1b1f3a6f1e8176d45ec10e4ca30b13362048448409c1bb3a4d7f42a0c
UNMATCHED,cabo-polia,triceps,cable overhead triceps extension rope attachment,,sem exercício correspondente no catálogo,Cable-Overhead-Triceps-Extension-(rope-attachment)_Upper-Arms-FIX__converted.gif,exercises/cabo-polia/triceps/Cable-Overhead-Triceps-Extension-(rope-attachment)_Upper-Arms-FIX__converted.gif,44c684c03687e81e6d1198ffeec85de3e28e8c4efef27d578fe8e85b47ae4174
UNMATCHED,cabo-polia,triceps,cable pushdown,,sem exercício correspondente no catálogo,Cable-Pushdown_Upper-Arms-FIX__converted.gif,exercises/cabo-polia/triceps/Cable-Pushdown_Upper-Arms-FIX__converted.gif,d3a1cfde0bf4b6cd7f80ac50d3b91c34c71ad718aec4f5939da999479bc9c9bc
UNMATCHED,cabo-polia,triceps,cable reverse grip pushdown,,sem exercício correspondente no catálogo,Cable-Reverse-grip-Pushdown_Upper-Arms__converted.gif,exercises/cabo-polia/triceps/Cable-Reverse-grip-Pushdown_Upper-Arms__converted.gif,fd8b9f0db0caf6021a446b4e8bc664d2e1673caf640d0a879e2f97a37c53a3ee
UNMATCHED,cabo-polia,triceps,cable reverse grip triceps pushdown sz bar,,sem exercício correspondente no catálogo,Cable-Reverse-Grip-Triceps-Pushdown-(SZ-bar)_Upper-arms_converted.gif,exercises/cabo-polia/triceps/Cable-Reverse-Grip-Triceps-Pushdown-(SZ-bar)_Upper-arms_converted.gif,99e93cc14e7f7507e86d96a503bed367fd6ad5318224ba85d306affb99bec822
UNMATCHED,cabo-polia,triceps,cable rope high pulley overhead tricep extension,,sem exercício correspondente no catálogo,Cable-Rope-High-Pulley-Overhead-Tricep-Extension_Upper-Arms_converted.gif,exercises/cabo-polia/triceps/Cable-Rope-High-Pulley-Overhead-Tricep-Extension_Upper-Arms_converted.gif,8e1d87ef222763428cc242cce1c7606ac687e4368fac9be729c687a60e0fc661
UNMATCHED,cabo-polia,triceps,cable rope incline tricep extension,,sem exercício correspondente no catálogo,Cable-Rope-Incline-Tricep-Extension_Upper-Arms__converted.gif,exercises/cabo-polia/triceps/Cable-Rope-Incline-Tricep-Extension_Upper-Arms__converted.gif,bc47ef907ed9e7752178770748ac454c4110c2a412c5184e2b8a05bb513cb5b0
UNMATCHED,cabo-polia,triceps,cable seated high pulley overhead tricep extension,,sem exercício correspondente no catálogo,Cable-Seated-High-Pulley-Overhead-Tricep-Extension_Upper-Arms__converted.gif,exercises/cabo-polia/triceps/Cable-Seated-High-Pulley-Overhead-Tricep-Extension_Upper-Arms__converted.gif,1a4aed4a7992af2e78c70e072241ba314a0cfa03021c871a1ffd41e2f459dfed
UNMATCHED,cabo-polia,triceps,cable seated high triceps extension,,sem exercício correspondente no catálogo,Cable-Seated-High-Triceps-Extension_Upper-Arms__converted.gif,exercises/cabo-polia/triceps/Cable-Seated-High-Triceps-Extension_Upper-Arms__converted.gif,1ce2f8719b7b92d16fbf4e807f76dfdfd5f3da09fdc949fafa77fedd916501a3
REVIEW,cabo-polia,triceps,cable single arm triceps pushdown rope attachment,Tríceps corda (polia),variação/parente de um exercício do catálogo — confirmar,Cable-Single-Arm-Triceps-Pushdown-(rope-attachment_converted.gif,exercises/cabo-polia/triceps/Cable-Single-Arm-Triceps-Pushdown-(rope-attachment_converted.gif,8b8f0b78c913c51289e68d54dd698c4892cb6187bef4c03de37cf64a06fc9768
UNMATCHED,cabo-polia,triceps,cable standing high cross triceps extension,,sem exercício correspondente no catálogo,Cable-Standing-High-Cross-Triceps-Extension_Upper-_converted.gif,exercises/cabo-polia/triceps/Cable-Standing-High-Cross-Triceps-Extension_Upper-_converted.gif,dd97ba1bf6b9a7bbe0ff23aeb9a1fbea027f3f7a25e88b6e6833811355c9ef77
UNMATCHED,cabo-polia,triceps,cable standing one arm tricep pushdown overhand g,,sem exercício correspondente no catálogo,Cable-Standing-One-Arm-Tricep-Pushdown-(Overhand-G_converted.gif,exercises/cabo-polia/triceps/Cable-Standing-One-Arm-Tricep-Pushdown-(Overhand-G_converted.gif,e0648cef21d68f71e4d461d22cdceb591ac27153b4e9293c5e974dbb43475542
UNMATCHED,cabo-polia,triceps,cable standing one arm triceps extension,,sem exercício correspondente no catálogo,Cable-Standing-One-Arm-Triceps-Extension_Upper-Arms_converted.gif,exercises/cabo-polia/triceps/Cable-Standing-One-Arm-Triceps-Extension_Upper-Arms_converted.gif,29e42a19d39ab73a0aaa8eaddaf2c0a005fe113314b79759d55d1663e3cc7e7f
UNMATCHED,cabo-polia,triceps,cable standing single arm horizontal triceps exten,,sem exercício correspondente no catálogo,Cable-Standing-Single-Arm-Horizontal-Triceps-Exten_converted.gif,exercises/cabo-polia/triceps/Cable-Standing-Single-Arm-Horizontal-Triceps-Exten_converted.gif,5f88dc7924018334223238a9084ffc43efcac6ac6eedf1e1a97ec88a95301414
UNMATCHED,cabo-polia,triceps,cable triceps pushdown sz bar,,sem exercício correspondente no catálogo,Cable-Triceps-Pushdown-(SZ-bar)_Upper-arms_converted.gif,exercises/cabo-polia/triceps/Cable-Triceps-Pushdown-(SZ-bar)_Upper-arms_converted.gif,2fd35d9673f7aa62ed719179430f6de9dd45612ccdb0291188149068a841223f
UNMATCHED,cabo-polia,triceps,cable triceps pushdown v bar attachment,,sem exercício correspondente no catálogo,Cable-Triceps-Pushdown-(V-bar-attachment)_Upper-Arms_converted.gif,exercises/cabo-polia/triceps/Cable-Triceps-Pushdown-(V-bar-attachment)_Upper-Arms_converted.gif,4e8dbdaa213822b13ab876fccc76b2b46643e041adf12e032334772faa235970
UNMATCHED,cabo-polia,triceps,cable triceps pushdown on floor,,sem exercício correspondente no catálogo,Cable-Triceps-Pushdown-on-Floor_Upper-Arms__converted.gif,exercises/cabo-polia/triceps/Cable-Triceps-Pushdown-on-Floor_Upper-Arms__converted.gif,2f779dbf141cb8e5900a4a37d4cf2cc17dfb4acef4feded39cf29ceffe10c824
UNMATCHED,cabo-polia,abdominais,cable horizontal pallof press,,sem exercício correspondente no catálogo,Cable-Horizontal-Pallof-Press-(female)_Waist__converted.gif,exercises/cabo-polia/abdominais/Cable-Horizontal-Pallof-Press-(female)_Waist__converted.gif,3fea0688c025ac73d80f108c7f6db0cee8a8cd8ae10fe2787b090dd7f50403eb
UNMATCHED,cabo-polia,abdominais,cable judo flip,,sem exercício correspondente no catálogo,Cable-Judo-Flip-(female)_Waist__converted.gif,exercises/cabo-polia/abdominais/Cable-Judo-Flip-(female)_Waist__converted.gif,35d4d043773e6324f0d4fed7d98727033ad7cdf7bad42b0d4647040e3bb875b5
UNMATCHED,cabo-polia,abdominais,cable kneeling crunch,,sem exercício correspondente no catálogo,Cable-Kneeling-Crunch-(female)_converted.gif,exercises/cabo-polia/abdominais/Cable-Kneeling-Crunch-(female)_converted.gif,2a46c65ef4b706d9d5d1d0d884e4ab5992ed33dbe752d2dcd4cacfbe82f875d1
UNMATCHED,cabo-polia,abdominais,cable kneeling crunch,,sem exercício correspondente no catálogo,Cable-Kneeling-Crunch-(female)_Waist__converted.gif,exercises/cabo-polia/abdominais/Cable-Kneeling-Crunch-(female)_Waist__converted.gif,b5d20de98ff80756a0dfe7516e1573f192ff03b8c5149d7dc8083cfc32aec064
UNMATCHED,cabo-polia,abdominais,cable kneeling twist,,sem exercício correspondente no catálogo,Cable-Kneeling-Twist-(female)_Waist__converted.gif,exercises/cabo-polia/abdominais/Cable-Kneeling-Twist-(female)_Waist__converted.gif,7a18b02ef77070fbaae348c618db7bc886f6486aea79267125bf66a6fa2868ed
UNMATCHED,cabo-polia,abdominais,cable seated crunch,,sem exercício correspondente no catálogo,Cable-Seated-Crunch-(female)_Waist__converted.gif,exercises/cabo-polia/abdominais/Cable-Seated-Crunch-(female)_Waist__converted.gif,237eefa57f8e0d2ba53cec1db0db338f425e7e7412cf21c9133bea504711a599
UNMATCHED,cabo-polia,abdominais,cable seated twist on floor,,sem exercício correspondente no catálogo,Cable-Seated-Twist-on-Floor-(female)_Waist_converted.gif,exercises/cabo-polia/abdominais/Cable-Seated-Twist-on-Floor-(female)_Waist_converted.gif,1759090b796b2e933f9ffbe7a8fc2b3b0b6a5dd43ffa5c9cc4f362e4f1a72925
UNMATCHED,cabo-polia,abdominais,cable side bend,,sem exercício correspondente no catálogo,Cable-Side-Bend-(female)_Waist__converted.gif,exercises/cabo-polia/abdominais/Cable-Side-Bend-(female)_Waist__converted.gif,bb6df5ec7f62cd52ebbde354a46795d0842d79cc5648ac6af116e1c5e6757b17
UNMATCHED,cabo-polia,abdominais,cable single leg tuck reverse crunch,,sem exercício correspondente no catálogo,Cable-Single-Leg-Tuck-Reverse-Crunch-(female)_Wais_converted.gif,exercises/cabo-polia/abdominais/Cable-Single-Leg-Tuck-Reverse-Crunch-(female)_Wais_converted.gif,fa2ecf78d04f5336bfd3e2577560cd4e08195c4cb464ff7d19b95da860a5f3a4
UNMATCHED,cabo-polia,abdominais,cable standing crunch with rope attachment,,sem exercício correspondente no catálogo,Cable-Standing-Crunch-(with-rope-attachment)-(female)_waist_converted.gif,exercises/cabo-polia/abdominais/Cable-Standing-Crunch-(with-rope-attachment)-(female)_waist_converted.gif,279c5210d7e1b2622ff2f06a1eb0832998e3af532f08aea1fb0f3d2eb2a638b5
UNMATCHED,cabo-polia,abdominais,cable standing wood chopper,,sem exercício correspondente no catálogo,Cable-Standing-Wood-Chopper-(female)_Waist__converted.gif,exercises/cabo-polia/abdominais/Cable-Standing-Wood-Chopper-(female)_Waist__converted.gif,243d4368de8755f2a662634c8d9234e9cf4911e790c743e48b3def8a515dc3c4
UNMATCHED,cabo-polia,abdominais,cable twist down up,,sem exercício correspondente no catálogo,Cable-twist-(down-up)_waist_converted.gif,exercises/cabo-polia/abdominais/Cable-twist-(down-up)_waist_converted.gif,aa42ac9369a562f6630c52dd1e0a5e122c8e9247c7a751a8ac8850e8b10deacb
UNMATCHED,cabo-polia,abdominais,cable twist,,sem exercício correspondente no catálogo,Cable-Twist-(female)_Waist__converted.gif,exercises/cabo-polia/abdominais/Cable-Twist-(female)_Waist__converted.gif,540658c555f05f71f7a3336127717910a5cd385a5f826c32e9f794897cbbf108
UNMATCHED,cabo-polia,abdominais,cable twist up down,,sem exercício correspondente no catálogo,Cable-twist-(up-down)-(female)_Waist__converted.gif,exercises/cabo-polia/abdominais/Cable-twist-(up-down)-(female)_Waist__converted.gif,ad86527cde94aa1cdfbf5209b7753f3d4d02dad27a29bf1f4c21777645785cfd
UNMATCHED,cabo-polia,abdominais,cable twist up down,,sem exercício correspondente no catálogo,Cable-twist-(up-down)-version-2-(female)_waist_converted.gif,exercises/cabo-polia/abdominais/Cable-twist-(up-down)-version-2-(female)_waist_converted.gif,454cdfc5d462733d9afc766fa53e84e53c3842753613e875b09505157d3076e2
UNMATCHED,cabo-polia,antebraco,cable reverse curl,,sem exercício correspondente no catálogo,Cable-Reverse-Curl_Forearm_converted.gif,exercises/cabo-polia/antebraco/Cable-Reverse-Curl_Forearm_converted.gif,4d6c9ced84ee62485b8d95500277ba3626685b5708b44e9366e0c6c3317d1e02
UNMATCHED,cabo-polia,antebraco,cable standing reverse grip curl straight bar,,sem exercício correspondente no catálogo,Cable-Standing-Reverse-Grip-Curl-(Straight-bar)-(female)_Forearms_converted.gif,exercises/cabo-polia/antebraco/Cable-Standing-Reverse-Grip-Curl-(Straight-bar)-(female)_Forearms_converted.gif,b54074fa23035f06c315a99bc19ee94f2266159ecc7c8ba717cf104ae9adb11f
UNMATCHED,cabo-polia,biceps,cable biceps curl sz bar,,sem exercício correspondente no catálogo,Cable-Biceps-Curl-(SZ-bar)-(female)_Upper-arms__converted.gif,exercises/cabo-polia/biceps/Cable-Biceps-Curl-(SZ-bar)-(female)_Upper-arms__converted.gif,e4c6e4a41428e0eaac2eed2a582950c53f37b5ad0faca4fe7ccd8976fd0100b2
UNMATCHED,cabo-polia,biceps,cable curl,,sem exercício correspondente no catálogo,Cable-Curl_Upper-Arms_converted.gif,exercises/cabo-polia/biceps/Cable-Curl_Upper-Arms_converted.gif,bc8213f8e438062cc32b933cff5767501fa58bb1a75222d0cef27c583ce9cc2f
UNMATCHED,cabo-polia,biceps,cable hammer curl,,sem exercício correspondente no catálogo,Cable-Hammer-Curl_Forearm_converted.gif,exercises/cabo-polia/biceps/Cable-Hammer-Curl_Forearm_converted.gif,3198ce909f5f8996eb3244afdf10f58ccea2995e5170a25f20b7e04ad1f4e50f
UNMATCHED,cabo-polia,biceps,cable lying bicep curl,,sem exercício correspondente no catálogo,Cable-Lying-Bicep-Curl-(female)_Upper-Arms__converted.gif,exercises/cabo-polia/biceps/Cable-Lying-Bicep-Curl-(female)_Upper-Arms__converted.gif,e3d05ead03b33a0d01f8c7296774729cf2070db970eade442f4a5fb806ee5faa
UNMATCHED,cabo-polia,biceps,cable lying curl,,sem exercício correspondente no catálogo,Cable-Lying-Curl-(female)_Upper-Arms__converted.gif,exercises/cabo-polia/biceps/Cable-Lying-Curl-(female)_Upper-Arms__converted.gif,f385c31cf93e623880ec3b1ef079d80dde711b6a92abc0b242edabd46465b7b0
UNMATCHED,cabo-polia,biceps,cable one arm curl,,sem exercício correspondente no catálogo,Cable-One-Arm-Curl-(female)_Upper-Arms_converted.gif,exercises/cabo-polia/biceps/Cable-One-Arm-Curl-(female)_Upper-Arms_converted.gif,c044f42ece23490df97c861370152816be33e129a8c3a9729b5717cc7de5c373
UNMATCHED,cabo-polia,biceps,cable standing inner curl,,sem exercício correspondente no catálogo,Cable-Standing-Inner-Curl-(female)_Upper-Arms_converted.gif,exercises/cabo-polia/biceps/Cable-Standing-Inner-Curl-(female)_Upper-Arms_converted.gif,2dc97b1ccd6bef35dbc7af2157276fb932263172c900170d59ca23b64c7af383
REVIEW,cabo-polia,costas,cable close grip front lat pulldown,Puxada frontal (pulley),variação/parente de um exercício do catálogo — confirmar,Cable-Close-Grip-Front-Lat-Pulldown-(female)_Back_converted.gif,exercises/cabo-polia/costas/Cable-Close-Grip-Front-Lat-Pulldown-(female)_Back_converted.gif,9b20951a0b590015b9cda3ad47571abf8b898eb49307fea372da368246f45286
UNMATCHED,cabo-polia,costas,cable cross over lateral pulldown,,sem exercício correspondente no catálogo,Cable-Cross-over-Lateral-Pulldown-(female)_Back__converted.gif,exercises/cabo-polia/costas/Cable-Cross-over-Lateral-Pulldown-(female)_Back__converted.gif,985e43fe7f02c60d55112a0f83523d597d4bc8f0f9ba287a63dc66222b0672e5
UNMATCHED,cabo-polia,costas,cable cross over revers fly,,sem exercício correspondente no catálogo,Cable-Cross-over-Revers-Fly-(female)_Shoulders_converted.gif,exercises/cabo-polia/costas/Cable-Cross-over-Revers-Fly-(female)_Shoulders_converted.gif,8ecba9403247a2baf32a3f0b78af44b0d13bd2fe267e85920ade6e4bbeb2ed7b
UNMATCHED,cabo-polia,costas,cable incline pushdown,,sem exercício correspondente no catálogo,Cable-Incline-Pushdown-(female)_Back__converted.gif,exercises/cabo-polia/costas/Cable-Incline-Pushdown-(female)_Back__converted.gif,0d503bdedaa3830129ea2ae097a9c3eb0e2701f3337709e4146ce3bbbcbcd135
REVIEW,cabo-polia,costas,cable incline single arm lat pulldown,Puxada frontal (pulley),variação/parente de um exercício do catálogo — confirmar,Cable-Incline-Single-Arm-Lat-Pulldown-(female)_Bac_converted.gif,exercises/cabo-polia/costas/Cable-Incline-Single-Arm-Lat-Pulldown-(female)_Bac_converted.gif,37b6e3a1479126a49510f5cc4dbe531d2fd9e4f9d950a526dc4c59553a77b623
UNMATCHED,cabo-polia,costas,cable lateral pulldown with mag grip,,sem exercício correspondente no catálogo,Cable-Lateral-Pulldown-with-Mag-Grip-(female)_Back_converted.gif,exercises/cabo-polia/costas/Cable-Lateral-Pulldown-with-Mag-Grip-(female)_Back_converted.gif,72d30afd351716ab320312207c78560a6ca05d41fa6f15cb7aa5f2f66679d506
REVIEW,cabo-polia,costas,cable low seated row with v bar,Remada baixa (polia),variação/parente de um exercício do catálogo — confirmar,Cable-Low-Seated-Row-with-V-bar-(female)_Back__converted.gif,exercises/cabo-polia/costas/Cable-Low-Seated-Row-with-V-bar-(female)_Back__converted.gif,d0e993531fb7afb44d1322d72bbc8cdd15c5a67d6a8e6ca455ec5560c4783410
REVIEW,cabo-polia,costas,cable one arm lat pulldown,Puxada frontal (pulley),variação/parente de um exercício do catálogo — confirmar,Cable-One-Arm-Lat-Pulldown-(female)_back-FIX__converted.gif,exercises/cabo-polia/costas/Cable-One-Arm-Lat-Pulldown-(female)_back-FIX__converted.gif,6f7502026bb55093a21ca25bcb73ee519f04333571d19d04fcbfd77d797b87e9
REVIEW,cabo-polia,costas,cable one arm twisting seated row,Remada baixa (polia),variação/parente de um exercício do catálogo — confirmar,Cable-One-Arm-Twisting-Seated-Row-(female)_Back_converted.gif,exercises/cabo-polia/costas/Cable-One-Arm-Twisting-Seated-Row-(female)_Back_converted.gif,8791a5991476f2cb8e8d8a96f4cdc27732871a358596fb727fc42067347eeb4c
UNMATCHED,cabo-polia,costas,cable reverse grip pulldown,,sem exercício correspondente no catálogo,Cable-Reverse-Grip-Pulldown-(female)_Back_converted.gif,exercises/cabo-polia/costas/Cable-Reverse-Grip-Pulldown-(female)_Back_converted.gif,2feef90571bab5e701b294149dde8147e36903a735ebecad009e2dbc4ff89e65
REVIEW,cabo-polia,costas,cable seated high row v bar,Remada baixa (polia),variação/parente de um exercício do catálogo — confirmar,Cable-Seated-High-Row-(V-bar)-(female)_Back_converted.gif,exercises/cabo-polia/costas/Cable-Seated-High-Row-(V-bar)-(female)_Back_converted.gif,4ec3a6946ee6bca55ebd18237694dfe5d4b52fd65065d1d68ff9bad8f1ee1ed9
UNMATCHED,cabo-polia,costas,cable seated rear delt raise,,sem exercício correspondente no catálogo,Cable-Seated-Rear-Delt-Raise-(female)_Shoulders__converted.gif,exercises/cabo-polia/costas/Cable-Seated-Rear-Delt-Raise-(female)_Shoulders__converted.gif,2f1632d6c1dbfd3f472d430687fde5590b75a1e26eec9eccd1e6507ec8d72588
REVIEW,cabo-polia,costas,cable seated single arm row,Remada baixa (polia),variação/parente de um exercício do catálogo — confirmar,Cable-Seated-Single-Arm-Row-(female)_Back__converted.gif,exercises/cabo-polia/costas/Cable-Seated-Single-Arm-Row-(female)_Back__converted.gif,f31e4d2586baf35268407362096d264d6235e1bdb609fa54a121cd1e9b548341
REVIEW,cabo-polia,costas,cable seated wide grip row,Remada baixa (polia),variação/parente de um exercício do catálogo — confirmar,Cable-Seated-Wide-grip-Row-(female)_Back_converted.gif,exercises/cabo-polia/costas/Cable-Seated-Wide-grip-Row-(female)_Back_converted.gif,a8c0b33fb9fedea2ce0519482464373d11a999126ed4d6e20ee256fcf0452269
UNMATCHED,cabo-polia,costas,cable straight arm pulldown ii,,sem exercício correspondente no catálogo,Cable-straight-arm-pulldown-II-(female)_Back_converted.gif,exercises/cabo-polia/costas/Cable-straight-arm-pulldown-II-(female)_Back_converted.gif,1a7737dad132f52ef5ae289e023ed54aacfd6bcbada9863871bffdaa0b5a9657
REVIEW,cabo-polia,costas,cable straight back seated row,Remada baixa (polia),variação/parente de um exercício do catálogo — confirmar,Cable-Straight-Back-Seated-Row-(female)_Back_converted.gif,exercises/cabo-polia/costas/Cable-Straight-Back-Seated-Row-(female)_Back_converted.gif,9b1f6412dd5159201bb474ecac76529667c052c69d7fc61d8fa987fe307b4f97
REVIEW,cabo-polia,costas,cable wide grip lat pulldown,Puxada frontal (pulley),variação/parente de um exercício do catálogo — confirmar,Cable-Wide-Grip-Lat-Pulldown-(female)_Back_converted.gif,exercises/cabo-polia/costas/Cable-Wide-Grip-Lat-Pulldown-(female)_Back_converted.gif,08e6f1601397c78b902b98ad8a35a949bfa2c13a0b86fff993e48b9763b36b89
UNMATCHED,cabo-polia,costas,inverted row with straps,,sem exercício correspondente no catálogo,Inverted-Row-with-Straps-(female)_back_converted.gif,exercises/cabo-polia/costas/Inverted-Row-with-Straps-(female)_back_converted.gif,1582b1d8de52c27261dd980645395565bcadbc7f866a6517448f837367bfaf08
UNMATCHED,cabo-polia,ombro,cable front raise,,sem exercício correspondente no catálogo,Cable-Front-Raise-(female)_Shoulders_converted.gif,exercises/cabo-polia/ombro/Cable-Front-Raise-(female)_Shoulders_converted.gif,b92b3e8113d43eb879e796bb0cc8ca64871cb1b40acb0811c54cba0f11c2e3fe
UNMATCHED,cabo-polia,ombro,cable front raise rope attachment,,sem exercício correspondente no catálogo,Cable-Front-Raise-(rope-attachment)-(female)_Shoul_converted.gif,exercises/cabo-polia/ombro/Cable-Front-Raise-(rope-attachment)-(female)_Shoul_converted.gif,eccf4dd617acedd77e3e955e038e1fd2e6d85acd9f9ed24db83a536c3dcae9d1
REVIEW,cabo-polia,ombro,cable lateral raise,Elevação lateral,variação/parente de um exercício do catálogo — confirmar,Cable-Lateral-Raise-(female)_Shoulders_converted.gif,exercises/cabo-polia/ombro/Cable-Lateral-Raise-(female)_Shoulders_converted.gif,3002b8ef3e24eb95633acd77e969f0dd4e8e85c5fd69fe234f1a0c1ca0575b56
UNMATCHED,cabo-polia,ombro,cable low fly,,sem exercício correspondente no catálogo,Cable-Low-Fly-(female)_Chest__converted.gif,exercises/cabo-polia/ombro/Cable-Low-Fly-(female)_Chest__converted.gif,a5a964cb375c2c24399d8794dbf71709e135f6479a1f73e6c41cb5d1cb41cba4
UNMATCHED,cabo-polia,ombro,cable one arm front raise,,sem exercício correspondente no catálogo,Cable-One-Arm-Front-Raise-(female)_Shoulders_converted.gif,exercises/cabo-polia/ombro/Cable-One-Arm-Front-Raise-(female)_Shoulders_converted.gif,4a3b484a07c98fe2c5b8fc144cc16a5c331a6f9df84bcef0c702f99d3d64d514
REVIEW,cabo-polia,ombro,cable one arm lateral raise,Elevação lateral,variação/parente de um exercício do catálogo — confirmar,Cable-One-Arm-Lateral-Raise-(female)_Shoulders_converted.gif,exercises/cabo-polia/ombro/Cable-One-Arm-Lateral-Raise-(female)_Shoulders_converted.gif,4e229ba6e3d49d4cb5732e996d6c6bd78e2a3db50481a20492982fdc54d0f39d
REVIEW,cabo-polia,ombro,cable shoulder press,Desenvolvimento militar,variação/parente de um exercício do catálogo — confirmar,Cable-Shoulder-Press-(female)_Shoulders__converted.gif,exercises/cabo-polia/ombro/Cable-Shoulder-Press-(female)_Shoulders__converted.gif,038394d63dc1a86f3ae11ec841765995571f6addf7debf63c341d7b036bc7b36
UNMATCHED,cabo-polia,ombro,cable shrug,,sem exercício correspondente no catálogo,Cable-Shrug-(female)_Back__converted.gif,exercises/cabo-polia/ombro/Cable-Shrug-(female)_Back__converted.gif,da8e4b8da674e704196c35a97fda832226b7645908175773b3b525e8c2c12302
UNMATCHED,cabo-polia,ombro,cable standing rear delt row with rope,,sem exercício correspondente no catálogo,Cable-Standing-Rear-Delt-Row-(with-rope)-(female)_shoulder_converted.gif,exercises/cabo-polia/ombro/Cable-Standing-Rear-Delt-Row-(with-rope)-(female)_shoulder_converted.gif,210ac3883afd5f044a3b0608d5a20e058dc258385e1e75e6361a3bf0a0ed6380
UNMATCHED,cabo-polia,ombro,cable upright row,,sem exercício correspondente no catálogo,Cable-Upright-Row-(female)_Shoulders__converted.gif,exercises/cabo-polia/ombro/Cable-Upright-Row-(female)_Shoulders__converted.gif,4b83fa0e4400d7f1cc033f9f67345479c8b027cf7ac8557fc8c8dd120dc7d6ae
UNMATCHED,cabo-polia,peito,cable bent over single arm crossover,,sem exercício correspondente no catálogo,Cable-Bent-Over-Single-Arm-Crossover-(female)_Ches_converted.gif,exercises/cabo-polia/peito/Cable-Bent-Over-Single-Arm-Crossover-(female)_Ches_converted.gif,ecc3d0ed103cb1ebbcd28071bc00d8a0c190b5288a688ca3f3a44d0f64610838
UNMATCHED,cabo-polia,peito,cable decline fly,,sem exercício correspondente no catálogo,Cable-Decline-Fly-(female)_Chest_converted.gif,exercises/cabo-polia/peito/Cable-Decline-Fly-(female)_Chest_converted.gif,8c192cb8f6d854968fb3e12d96e2d7b6125b6dfac527f8147d05320d8dc4dc35
UNMATCHED,cabo-polia,peito,cable incline fly,,sem exercício correspondente no catálogo,Cable-Incline-Fly-(female)_Chest__converted.gif,exercises/cabo-polia/peito/Cable-Incline-Fly-(female)_Chest__converted.gif,b041b3be6d53a93e1bb5336395dafc7315f71cdd24263df128afa7407050c2b7
UNMATCHED,cabo-polia,peito,cable lying fly,,sem exercício correspondente no catálogo,Cable-Lying-Fly-(female)_Chest_converted.gif,exercises/cabo-polia/peito/Cable-Lying-Fly-(female)_Chest_converted.gif,2f0c7327c697fa72fff088b7b74f276375c6616306f15e6a0cc8022cdfea9522
UNMATCHED,cabo-polia,peito,cable seated single arm chest press,,sem exercício correspondente no catálogo,Cable-Seated-Single-Arm-Chest-Press-(female)_Chest_converted.gif,exercises/cabo-polia/peito/Cable-Seated-Single-Arm-Chest-Press-(female)_Chest_converted.gif,6830ce9eb52e41ac1223068bf1a4e103fc31cc66673671998923a4c7b4b34be8
UNMATCHED,cabo-polia,peito,cable standing chest press,,sem exercício correspondente no catálogo,Cable-Standing-Chest-Press_Chest_converted.gif,exercises/cabo-polia/peito/Cable-Standing-Chest-Press_Chest_converted.gif,0c80ffa37002c387720adb3ce734e4674477488079767056ccceed9b721c8099
UNMATCHED,cabo-polia,peito,cable standing up straight crossovers,,sem exercício correspondente no catálogo,Cable-Standing-Up-Straight-Crossovers-(female)_Che_converted.gif,exercises/cabo-polia/peito/Cable-Standing-Up-Straight-Crossovers-(female)_Che_converted.gif,8311a497fe90bef101e20141b5267fcbca96ff737c2d127a0b122904ffe9636f
UNMATCHED,cabo-polia,peito,cable upper chest crossovers,,sem exercício correspondente no catálogo,Cable-Upper-Chest-Crossovers-(female)_Chest__converted.gif,exercises/cabo-polia/peito/Cable-Upper-Chest-Crossovers-(female)_Chest__converted.gif,47632fc7d327fd93f753401edacc5ddb90b0a03307294b41d8eac81397df26dd
REVIEW,cabo-polia,perna,cable assisted inverse leg curl,Mesa flexora,variação/parente de um exercício do catálogo — confirmar,Cable-Assisted-Inverse-Leg-Curl-(female)_Thighs__converted.gif,exercises/cabo-polia/perna/Cable-Assisted-Inverse-Leg-Curl-(female)_Thighs__converted.gif,1f8500f4d7500d42aeda1c2d67a9a9a3a23197b2571bd8310b7ded57ccb7a760
UNMATCHED,cabo-polia,perna,cable deadlift,,sem exercício correspondente no catálogo,Cable-Deadlift-(female)_Thighs__converted.gif,exercises/cabo-polia/perna/Cable-Deadlift-(female)_Thighs__converted.gif,4a65c3a5bcbc3635290ba3165014e906aebef3faae381d654bafca0d8e22a0ab
UNMATCHED,cabo-polia,perna,cable donkey diagonal kickback,,sem exercício correspondente no catálogo,Cable-Donkey-Diagonal-Kickback-(female)_Hips__converted.gif,exercises/cabo-polia/perna/Cable-Donkey-Diagonal-Kickback-(female)_Hips__converted.gif,5a221f4b3bdeb763af4c6d440c19d31dc61074e1875f0a2cd89e74c66100f04c
UNMATCHED,cabo-polia,perna,cable donkey kickback,,sem exercício correspondente no catálogo,Cable-Donkey-Kickback-(female)_Hips_converted.gif,exercises/cabo-polia/perna/Cable-Donkey-Kickback-(female)_Hips_converted.gif,54734fd4ff6d3c6887836ffa50f0e8f525b4152e7f397c57436c98c2d94dfa12
UNMATCHED,cabo-polia,perna,cable goblet squat,,sem exercício correspondente no catálogo,Cable-Goblet-Squat-(female)_Thighs__converted.gif,exercises/cabo-polia/perna/Cable-Goblet-Squat-(female)_Thighs__converted.gif,4de822c3799b7fc31df3576bb0cd64a329c295b05fe7a5e951012056850b2dc5
UNMATCHED,cabo-polia,perna,cable hip abduction,,sem exercício correspondente no catálogo,Cable-Hip-Abduction-(version-2)-(female)_Hips-FIX__converted.gif,exercises/cabo-polia/perna/Cable-Hip-Abduction-(version-2)-(female)_Hips-FIX__converted.gif,03d2b6998cafa07a56e9702f96c645cbb7b97b83bb92cbbfdcce62b57694cae6
UNMATCHED,cabo-polia,perna,cable hip adduction,,sem exercício correspondente no catálogo,Cable-Hip-Adduction-(female)_Hips_converted.gif,exercises/cabo-polia/perna/Cable-Hip-Adduction-(female)_Hips_converted.gif,33096baa03e71a5c90506f24810def97b1b094c4a382a7c64fde2b7e35eeb625
UNMATCHED,cabo-polia,perna,cable ipsilateral glute dominant step up,,sem exercício correspondente no catálogo,Cable-Ipsilateral-Glute-Dominant-Step-up-(female)__converted.gif,exercises/cabo-polia/perna/Cable-Ipsilateral-Glute-Dominant-Step-up-(female)__converted.gif,9b966a53cb612d93e7d4e0d4368a4743ecd6a7570db4b8c1bca2b108b7c659e2
UNMATCHED,cabo-polia,perna,cable kneeling glute kickback,,sem exercício correspondente no catálogo,Cable-Kneeling-Glute-Kickback-(female)_Hips__converted.gif,exercises/cabo-polia/perna/Cable-Kneeling-Glute-Kickback-(female)_Hips__converted.gif,81d9f5235889d8f682a65bcde2bb85ee533949f3006e87ea0fa9b1bd1d375729
UNMATCHED,cabo-polia,perna,cable kneeling hip abduction,,sem exercício correspondente no catálogo,Cable-Kneeling-Hip-Abduction-(female)_Hips__converted.gif,exercises/cabo-polia/perna/Cable-Kneeling-Hip-Abduction-(female)_Hips__converted.gif,c094d21759a1ebba9a8f570e682b9e32ab5a1ca185bb0ef609c9bc343a228189
UNMATCHED,cabo-polia,perna,cable narrow chair stand up,,sem exercício correspondente no catálogo,Cable-Narrow-Chair-Stand-Up_Hips_converted.gif,exercises/cabo-polia/perna/Cable-Narrow-Chair-Stand-Up_Hips_converted.gif,747b180d7d1c8318cb70d901f6989a4e86b2650d2ea8b8184b698cf3fa2a16f3
UNMATCHED,cabo-polia,perna,cable pull through,,sem exercício correspondente no catálogo,Cable-Pull-Through-(female)_Hips__converted.gif,exercises/cabo-polia/perna/Cable-Pull-Through-(female)_Hips__converted.gif,dbb36fc37733e7f09264ddbf530037053d5a501b7589bbd86e8c66dc4a9034dd
UNMATCHED,cabo-polia,perna,cable romanian deadlift,,sem exercício correspondente no catálogo,Cable-Romanian-Deadlift-(female)_Hips__converted.gif,exercises/cabo-polia/perna/Cable-Romanian-Deadlift-(female)_Hips__converted.gif,53331c07f4de0305b79cc3f492fa3e4cd1e29de4eb6233a61daff737073fa1d3
UNMATCHED,cabo-polia,perna,cable seated foot eversion,,sem exercício correspondente no catálogo,Cable-Seated-Foot-Eversion-(female)_Calves__converted.gif,exercises/cabo-polia/perna/Cable-Seated-Foot-Eversion-(female)_Calves__converted.gif,cd8c35ac4cb0df56f6a9012e8b24610219de3ee0244d2c9eb371ae2db5c36044
UNMATCHED,cabo-polia,perna,cable seated foot inversion,,sem exercício correspondente no catálogo,Cable-Seated-Foot-Inversion-(female)_Calves__converted.gif,exercises/cabo-polia/perna/Cable-Seated-Foot-Inversion-(female)_Calves__converted.gif,216a7fb894550cbd00cf026e9a51de1774bd6cb147687f1ddd9618871bede698
REVIEW,cabo-polia,perna,cable seated single leg extension,Cadeira extensora,variação/parente de um exercício do catálogo — confirmar,Cable-Seated-Single-Leg-Extension-(female)_Thighs__converted.gif,exercises/cabo-polia/perna/Cable-Seated-Single-Leg-Extension-(female)_Thighs__converted.gif,b5f5e98b7f1fce97769d819fca2afc021b01cf79dfe8e255a852215b603b7aa5
UNMATCHED,cabo-polia,perna,cable standing hip extension,,sem exercício correspondente no catálogo,Cable-standing-hip-extension-(version-2)_Hips_converted.gif,exercises/cabo-polia/perna/Cable-standing-hip-extension-(version-2)_Hips_converted.gif,f779d60b2c9bc1fdd6e30506c03c42e18ea3ac084712f0206aab3734dcebfeb2
REVIEW,cabo-polia,perna,cable standing hip thrust,Elevação pélvica (hip thrust),variação/parente de um exercício do catálogo — confirmar,Cable-Standing-Hip-Thrust-(female)_Hips__converted.gif,exercises/cabo-polia/perna/Cable-Standing-Hip-Thrust-(female)_Hips__converted.gif,3b407f43833e0633142fd0049485ff28cc21d1471b483dc8c2e4bdc9f8f825ed
UNMATCHED,cabo-polia,perna,cable stiff leg deadlift from stepbox,,sem exercício correspondente no catálogo,Cable-Stiff-Leg-Deadlift-from-Stepbox-(female)_Hips_converted.gif,exercises/cabo-polia/perna/Cable-Stiff-Leg-Deadlift-from-Stepbox-(female)_Hips_converted.gif,fc45e0c99b660fa16747249e1fe9b3eb55a8f3de51481a50ea546aae1eb91018
UNMATCHED,cabo-polia,perna,cable straight leg diagonal kickback,,sem exercício correspondente no catálogo,Cable-Straight-Leg-Diagonal-Kickback-(female)_Hips_converted.gif,exercises/cabo-polia/perna/Cable-Straight-Leg-Diagonal-Kickback-(female)_Hips_converted.gif,61f209450985755eea121e8bb83b623a9017650fd98545d7b2691221778362d2
UNMATCHED,cabo-polia,perna,cable straight legs pull through with rope,,sem exercício correspondente no catálogo,Cable-Straight-Legs-Pull-Through-(with-rope)-(female)_converted.gif,exercises/cabo-polia/perna/Cable-Straight-Legs-Pull-Through-(with-rope)-(female)_converted.gif,ce5ddbb5f712ccd5460a106e662663cf56d35c4849acefab99d34e76aefab142
UNMATCHED,cabo-polia,perna,cable supported single leg hamstrings concentratio,,sem exercício correspondente no catálogo,Cable-Supported-Single-Leg-Hamstrings-Concentratio_converted.gif,exercises/cabo-polia/perna/Cable-Supported-Single-Leg-Hamstrings-Concentratio_converted.gif,5a68c4f4bf105452de0abe00b03f788b1970ea8bc763cbec9caf5988cda2eed1
UNMATCHED,cabo-polia,perna,seated hip external rotation,,sem exercício correspondente no catálogo,Seated-Hip-External-Rotation-(female)_Hips__converted.gif,exercises/cabo-polia/perna/Seated-Hip-External-Rotation-(female)_Hips__converted.gif,bddaf474a1f5c2cbf2426bd34574faf2a628d12c816bded5c3162042905e15fb
UNMATCHED,cabo-polia,perna,seated tibialis anterior press,,sem exercício correspondente no catálogo,Seated-Tibialis-Anterior-Press-(female)_Calves__converted.gif,exercises/cabo-polia/perna/Seated-Tibialis-Anterior-Press-(female)_Calves__converted.gif,4bce6ce2902cca85f57b36745a1faba7d4b0f0feba1f51df392d321ffdea535b
UNMATCHED,cabo-polia,triceps,cable concentration extension on knee,,sem exercício correspondente no catálogo,Cable-Concentration-Extension-(on-knee)-(female)_U_converted.gif,exercises/cabo-polia/triceps/Cable-Concentration-Extension-(on-knee)-(female)_U_converted.gif,94127b27a934045dca3476ad09e24a773149f51f64a660dbe5bf05ec99e6f583
UNMATCHED,cabo-polia,triceps,cable high pulley overhead tricep extension,,sem exercício correspondente no catálogo,Cable-High-Pulley-Overhead-Tricep-Extension-(female)_Upper-Arms_converted.gif,exercises/cabo-polia/triceps/Cable-High-Pulley-Overhead-Tricep-Extension-(female)_Upper-Arms_converted.gif,d21885aca10161ca0ab7666618d75d83544d5b2a0db6dd25651fc8a76a3f9eb6
UNMATCHED,cabo-polia,triceps,cable high pulley straight bar overhead triceps ex,,sem exercício correspondente no catálogo,Cable-High-Pulley-Straight-Bar-Overhead-Triceps-Ex_converted.gif,exercises/cabo-polia/triceps/Cable-High-Pulley-Straight-Bar-Overhead-Triceps-Ex_converted.gif,2d88602317c7467f36b70a9f4388a261e455ba0eb4ce381300495e8f2fd4e0e8
UNMATCHED,cabo-polia,triceps,cable kickback ii,,sem exercício correspondente no catálogo,Cable-kickback-II_Upper-Arms_converted.gif,exercises/cabo-polia/triceps/Cable-kickback-II_Upper-Arms_converted.gif,8a0668e2df1ed8fd67b9c94cac2960c47cd3dba2cac58b7792c2b44b6cf1b370
UNMATCHED,cabo-polia,triceps,cable kneeling triceps extension,,sem exercício correspondente no catálogo,Cable-Kneeling-Triceps-Extension-(female)_Upper-Ar_converted.gif,exercises/cabo-polia/triceps/Cable-Kneeling-Triceps-Extension-(female)_Upper-Ar_converted.gif,3bfb7b8de5d20bb293553d24318ce7a189cd3763db2c9b80a23c4809e5f176cf
UNMATCHED,cabo-polia,triceps,cable lying triceps extension low,,sem exercício correspondente no catálogo,Cable-Lying-Triceps-Extension-(Low)-(female)_Upper_converted.gif,exercises/cabo-polia/triceps/Cable-Lying-Triceps-Extension-(Low)-(female)_Upper_converted.gif,9f7d64ed0e545fce2e996bda38031bb8d78c0ef347fde966226d95c37a19cf36
UNMATCHED,cabo-polia,triceps,cable one arm tricep pushdown,,sem exercício correspondente no catálogo,Cable-One-Arm-Tricep-Pushdown-(female)_Upper-Arms__converted.gif,exercises/cabo-polia/triceps/Cable-One-Arm-Tricep-Pushdown-(female)_Upper-Arms__converted.gif,3c51a40f1591c47bd1daa74b2dd8cb900663820fd3e65b230d26c37475e909d9
UNMATCHED,cabo-polia,triceps,cable overhead triceps extension rope attachment,,sem exercício correspondente no catálogo,Cable-Overhead-Triceps-Extension-(rope-attachment)-(female)_Upper-Arms_converted.gif,exercises/cabo-polia/triceps/Cable-Overhead-Triceps-Extension-(rope-attachment)-(female)_Upper-Arms_converted.gif,169dbdee743ff85303d5c9b3fb502cddf4da738309707d2e01f22ae43bc51a39
UNMATCHED,cabo-polia,triceps,cable reverse grip pushdown,,sem exercício correspondente no catálogo,Cable-Reverse-grip-Pushdown-(female)_Upper-Arms__converted.gif,exercises/cabo-polia/triceps/Cable-Reverse-grip-Pushdown-(female)_Upper-Arms__converted.gif,da9930bcd0b48c94a6b9cb7e2d7b156c00c1fe89fd6c65c65f8f9c9851d710c9
UNMATCHED,cabo-polia,triceps,cable reverse grip triceps pushdown sz bar,,sem exercício correspondente no catálogo,Cable-Reverse-Grip-Triceps-Pushdown-(SZ-bar)-(fema_converted.gif,exercises/cabo-polia/triceps/Cable-Reverse-Grip-Triceps-Pushdown-(SZ-bar)-(fema_converted.gif,21d72f92c1e112c8e21b55cd2f774d4cfc584cf8ab3d4a30fc442cdef43edd6c
UNMATCHED,cabo-polia,triceps,cable standing one arm triceps extension,,sem exercício correspondente no catálogo,Cable-Standing-One-Arm-Triceps-Extension-(female)_Upper-Arms_converted.gif,exercises/cabo-polia/triceps/Cable-Standing-One-Arm-Triceps-Extension-(female)_Upper-Arms_converted.gif,70e419a4c37130dc16791d9e7493cc2bb4334d7dd6e9062812d7ca7397188d48
UNMATCHED,cabo-polia,triceps,cable triceps pushdown sz bar,,sem exercício correspondente no catálogo,Cable-Triceps-Pushdown-(SZ-bar)-(female)_Upper-arm_converted.gif,exercises/cabo-polia/triceps/Cable-Triceps-Pushdown-(SZ-bar)-(female)_Upper-arm_converted.gif,1a0b9d9c15874b6b38eafc23327398bf392526f0aa6b8b9305ae7f07fb49eb95
UNMATCHED,cabo-polia,triceps,cable triceps pushdown v bar,,sem exercício correspondente no catálogo,Cable-Triceps-Pushdown-(V-bar)-(female)_Upper-Arms_converted.gif,exercises/cabo-polia/triceps/Cable-Triceps-Pushdown-(V-bar)-(female)_Upper-Arms_converted.gif,6f0987624f9485ada4316d681baf0093059633a8cd7a67c07aedd90d330d813a
UNMATCHED,kettlebell,abdominais,kettlebell advanced windmill,,sem exercício correspondente no catálogo,Kettlebell-Advanced-Windmill_Waist__converted.gif,exercises/kettlebell/abdominais/Kettlebell-Advanced-Windmill_Waist__converted.gif,5a33f9b779e6b85f0c37420f05a924d650a96e92e99ae5fec9ded3828be9d05b
UNMATCHED,kettlebell,abdominais,kettlebell arm bar,,sem exercício correspondente no catálogo,Kettlebell-Arm-Bar-(male)_Waist__converted.gif,exercises/kettlebell/abdominais/Kettlebell-Arm-Bar-(male)_Waist__converted.gif,18fe59f2476a1009f776f2fb885f9935c7edbb2e6d75bc77fbed4488842cfc5c
UNMATCHED,kettlebell,abdominais,kettlebell atlas swing,,sem exercício correspondente no catálogo,Kettlebell-Atlas-Swing-(male)_Waist__converted.gif,exercises/kettlebell/abdominais/Kettlebell-Atlas-Swing-(male)_Waist__converted.gif,f55ca749ec5353239936fd95f6aba80b4f3071ddd65056d26fbdbca145fad742
UNMATCHED,kettlebell,abdominais,kettlebell bent press,,sem exercício correspondente no catálogo,Kettlebell-Bent-Press-(female)_waist_converted.gif,exercises/kettlebell/abdominais/Kettlebell-Bent-Press-(female)_waist_converted.gif,e639775d316cfc8ce1a15aefbd94bee7640c3b1d7631c1b5087718b5c2ff05e6
UNMATCHED,kettlebell,abdominais,kettlebell bent press,,sem exercício correspondente no catálogo,Kettlebell-Bent-Press_Waist-FIX__converted.gif,exercises/kettlebell/abdominais/Kettlebell-Bent-Press_Waist-FIX__converted.gif,334ff4aeec5560ffc5a3bd7165779d210baf9d14895a8ec5435476ff2f5b202e
UNMATCHED,kettlebell,abdominais,kettlebell bent press,,sem exercício correspondente no catálogo,Kettlebell-Bent-Press_Waist__converted.gif,exercises/kettlebell/abdominais/Kettlebell-Bent-Press_Waist__converted.gif,b26084ec45471d6fcc5d752d20d15a2b8e073eab21f8c6707d00d91b6c78abb5
UNMATCHED,kettlebell,abdominais,kettlebell half turkish get up,,sem exercício correspondente no catálogo,Kettlebell-Half-Turkish-Get-Up_Thighs_converted.gif,exercises/kettlebell/abdominais/Kettlebell-Half-Turkish-Get-Up_Thighs_converted.gif,1a92cd2d75924064eadc6a73e1ba1875ce29481456b5c290f29399769ac92040
UNMATCHED,kettlebell,abdominais,kettlebell leg raise,,sem exercício correspondente no catálogo,Kettlebell-Leg-Raise-(male)_Waist__converted.gif,exercises/kettlebell/abdominais/Kettlebell-Leg-Raise-(male)_Waist__converted.gif,bf68f609338324ff57f6eb7100112db2978b83872e984bf3b925091ec6da8c30
UNMATCHED,kettlebell,abdominais,kettlebell low windmill,,sem exercício correspondente no catálogo,Kettlebell-Low-Windmill_Waist__converted.gif,exercises/kettlebell/abdominais/Kettlebell-Low-Windmill_Waist__converted.gif,d3d28e10cf923789b8f68e6c358e561e8eedf095f2f6b3d602afe919e79cdcc0
UNMATCHED,kettlebell,abdominais,kettlebell lying woodchop,,sem exercício correspondente no catálogo,Kettlebell-Lying-Woodchop_Waist__converted.gif,exercises/kettlebell/abdominais/Kettlebell-Lying-Woodchop_Waist__converted.gif,ebc005a4dc125f5956ae10f39f847c41b08013152bc47779d452fd896301c166
UNMATCHED,kettlebell,abdominais,kettlebell overhead crunch on stability ball,,sem exercício correspondente no catálogo,Kettlebell-Overhead-Crunch-(on-stability-ball)_Wai_converted.gif,exercises/kettlebell/abdominais/Kettlebell-Overhead-Crunch-(on-stability-ball)_Wai_converted.gif,165f6b450d2009252fa8a80e682e131b942b5f5e8ed48d136b388525ac01a88c
UNMATCHED,kettlebell,abdominais,kettlebell plank pass through,,sem exercício correspondente no catálogo,Kettlebell-Plank-Pass-Through_Waist__converted.gif,exercises/kettlebell/abdominais/Kettlebell-Plank-Pass-Through_Waist__converted.gif,4645b2041ffc8c6ab7e5dc2eeb6319f51713f8159effaeef5c19ac613e5e451f
UNMATCHED,kettlebell,abdominais,kettlebell pullover dead bug,,sem exercício correspondente no catálogo,Kettlebell-Pullover-Dead-Bug-(male)_Waist__converted.gif,exercises/kettlebell/abdominais/Kettlebell-Pullover-Dead-Bug-(male)_Waist__converted.gif,691d26012b2d473aad86a8cf1863b14cd85540ba3fd12d36c3b0f43b6774cb04
UNMATCHED,kettlebell,abdominais,kettlebell pullover on stability ball,,sem exercício correspondente no catálogo,Kettlebell-Pullover-on-Stability-Ball-(male)_Back__converted.gif,exercises/kettlebell/abdominais/Kettlebell-Pullover-on-Stability-Ball-(male)_Back__converted.gif,5a5451c6a7cbcc18160c14780400ee06451488d9a84f77b5123f5012407500e4
UNMATCHED,kettlebell,abdominais,kettlebell russian twist,,sem exercício correspondente no catálogo,Kettlebell-Russian-Twist_Waist-FIX__converted.gif,exercises/kettlebell/abdominais/Kettlebell-Russian-Twist_Waist-FIX__converted.gif,44f2aea3c44e320a48a0030f9f675a95d95365ee421f1beddfdae9121cef3e1a
UNMATCHED,kettlebell,abdominais,kettlebell side bend,,sem exercício correspondente no catálogo,Kettlebell-Side-Bend_Waist__converted.gif,exercises/kettlebell/abdominais/Kettlebell-Side-Bend_Waist__converted.gif,272f7d346194aba983f0d5ea727367ff190098eae170f4c337c4009203a5db26
UNMATCHED,kettlebell,abdominais,kettlebell side plank,,sem exercício correspondente no catálogo,Kettlebell-Side-Plank-(male)_Waist__converted.gif,exercises/kettlebell/abdominais/Kettlebell-Side-Plank-(male)_Waist__converted.gif,f5b4fff8be4b8cd0e29e8e728fc4cb874e3ad7e5f30375467795720f99746e73
UNMATCHED,kettlebell,abdominais,kettlebell side swing,,sem exercício correspondente no catálogo,Kettlebell-Side-Swing-(male)_Waist__converted.gif,exercises/kettlebell/abdominais/Kettlebell-Side-Swing-(male)_Waist__converted.gif,e7a7801369899a5603d8e85610470f139ba0a73a344cd4445865e9e709792fce
UNMATCHED,kettlebell,abdominais,kettlebell sit up press,,sem exercício correspondente no catálogo,Kettlebell-Sit-Up-Press_Waist__converted.gif,exercises/kettlebell/abdominais/Kettlebell-Sit-Up-Press_Waist__converted.gif,1c66bf4112e3a0148d61eeb46214b512b85a40e67c24c0b73336864cc85f8872
UNMATCHED,kettlebell,abdominais,kettlebell standing slingshots,,sem exercício correspondente no catálogo,Kettlebell-Standing-Slingshots-(female)_Shoulders__converted.gif,exercises/kettlebell/abdominais/Kettlebell-Standing-Slingshots-(female)_Shoulders__converted.gif,f64adf2fa5e60d198f8ad9b0ca76c0ffa1427e0e5a9cd1c95beca1a4d315c35a
UNMATCHED,kettlebell,abdominais,kettlebell suitcase hold,,sem exercício correspondente no catálogo,Kettlebell-Suitcase-Hold-(male)_Waist__converted.gif,exercises/kettlebell/abdominais/Kettlebell-Suitcase-Hold-(male)_Waist__converted.gif,43b4c773508ed5ff273d825f92c0538ab0498a294be1da5a2c6afccfdfe55c75
UNMATCHED,kettlebell,abdominais,kettlebell turkish get up squat style,,sem exercício correspondente no catálogo,Kettlebell-Turkish-Get-Up-(Squat-style)_Thighs_converted.gif,exercises/kettlebell/abdominais/Kettlebell-Turkish-Get-Up-(Squat-style)_Thighs_converted.gif,d3cee34caf4b2a1615337a577d9f920562230899aea030844abf33310d106820
UNMATCHED,kettlebell,abdominais,kettlebell weighted russian twist,,sem exercício correspondente no catálogo,Kettlebell-Weighted-Russian-Twist-(female)_Waist__converted.gif,exercises/kettlebell/abdominais/Kettlebell-Weighted-Russian-Twist-(female)_Waist__converted.gif,b936d0b3605ba7fb5d0b3135834557fad84472c17e08d6a08eb0283b47859bb4
UNMATCHED,kettlebell,abdominais,kettlebell windmill,,sem exercício correspondente no catálogo,Kettlebell-Windmill-(female)_Waist__converted.gif,exercises/kettlebell/abdominais/Kettlebell-Windmill-(female)_Waist__converted.gif,018ad9d7ed37c3bcd8abe0b9e0b57658f530910fa7bca33531f608c207dc651d
UNMATCHED,kettlebell,abdominais,kettlebell windmill,,sem exercício correspondente no catálogo,Kettlebell-Windmill_waist_converted.gif,exercises/kettlebell/abdominais/Kettlebell-Windmill_waist_converted.gif,6eb5cf0f3234223e917e5c5145729744bda7befede3079a78a0f7c1261785865
UNMATCHED,kettlebell,abdominais,kettlebell wood chop,,sem exercício correspondente no catálogo,Kettlebell-Wood-Chop-(female)_Waist__converted.gif,exercises/kettlebell/abdominais/Kettlebell-Wood-Chop-(female)_Waist__converted.gif,bfd9affbbf790c48bd4a6f714ca865a6ca89edcedae010a77cabff5205dc7f44
UNMATCHED,kettlebell,abdominais,kettlebell wood chop,,sem exercício correspondente no catálogo,Kettlebell-Wood-Chop-(male)_Waist__converted.gif,exercises/kettlebell/abdominais/Kettlebell-Wood-Chop-(male)_Waist__converted.gif,06cd03b0f002bbadac1b3a301fd87e19b94f5b699a76b736a987714b98e5adc5
UNMATCHED,kettlebell,abdominais,weighted kettlebell dead bug,,sem exercício correspondente no catálogo,Weighted-Kettlebell-Dead-Bug-(male)_Waist__converted.gif,exercises/kettlebell/abdominais/Weighted-Kettlebell-Dead-Bug-(male)_Waist__converted.gif,d24baa8a0660b7acc6934c73ed076f11be708c014f789e9336d35fb8e9f4a652
UNMATCHED,kettlebell,antebraco,kettlebell reverse spider curl,,sem exercício correspondente no catálogo,Kettlebell-Reverse-Spider-Curl_Upper-Arms__converted.gif,exercises/kettlebell/antebraco/Kettlebell-Reverse-Spider-Curl_Upper-Arms__converted.gif,5a9966ea78cdce3c72d1a1e640f8736196cc7b0cbf4363ba4e311970dc617a57
UNMATCHED,kettlebell,antebraco,kettlebell standing reverse curl,,sem exercício correspondente no catálogo,Kettlebell-Standing-Reverse-Curl_Forearms__converted.gif,exercises/kettlebell/antebraco/Kettlebell-Standing-Reverse-Curl_Forearms__converted.gif,c01e3468188c97d8894a66ddac1dd5668059902589ad5a882b60b7e3f74ffb40
UNMATCHED,kettlebell,antebraco,kettlebell wrist curl,,sem exercício correspondente no catálogo,Kettlebell-Wrist-Curl_Forearms__converted.gif,exercises/kettlebell/antebraco/Kettlebell-Wrist-Curl_Forearms__converted.gif,ace3eb10b36b42ec69ffbadb97b620497a94997289e6488b053e85bfe2872425
UNMATCHED,kettlebell,biceps,kettlebell alternate biceps curl,,sem exercício correspondente no catálogo,Kettlebell-Alternate-Biceps-Curl_Upper-Arms__converted.gif,exercises/kettlebell/biceps/Kettlebell-Alternate-Biceps-Curl_Upper-Arms__converted.gif,5ce0277a19cca883ea623570496b3113d93dc88ddd7e21e963db48fcaecc21f9
UNMATCHED,kettlebell,biceps,kettlebell biceps curl,,sem exercício correspondente no catálogo,Kettlebell-Biceps-Curl-(female)_Upper-Arms__converted.gif,exercises/kettlebell/biceps/Kettlebell-Biceps-Curl-(female)_Upper-Arms__converted.gif,0653c8102d6891c9856b0998d588c4952cfde134db6758956602a5bcd66018ae
UNMATCHED,kettlebell,biceps,kettlebell biceps curl,,sem exercício correspondente no catálogo,Kettlebell-Biceps-Curl_Upper-Arms__converted.gif,exercises/kettlebell/biceps/Kettlebell-Biceps-Curl_Upper-Arms__converted.gif,c341ee1ef9ed8bdd57562f48c0d00d38fc6c0a397930a53c7df64f456d682829
UNMATCHED,kettlebell,biceps,kettlebell concentration curl,,sem exercício correspondente no catálogo,Kettlebell-Concentration-Curl_Upper-Arms__converted.gif,exercises/kettlebell/biceps/Kettlebell-Concentration-Curl_Upper-Arms__converted.gif,86cd935404adcfb164771b05eb1ad84a84adc5737f8f607ed58e89d64e606291
UNMATCHED,kettlebell,biceps,kettlebell incline alternate curl,,sem exercício correspondente no catálogo,Kettlebell-Incline-Alternate-Curl_Upper-Arms__converted.gif,exercises/kettlebell/biceps/Kettlebell-Incline-Alternate-Curl_Upper-Arms__converted.gif,d1dcf2a815ff687ebbbdfda8ba739b606f241f2bce09aecbcad656fac6c4a5d9
UNMATCHED,kettlebell,biceps,kettlebell incline biceps curl,,sem exercício correspondente no catálogo,Kettlebell-Incline-Biceps-Curl_Upper-Arms__converted.gif,exercises/kettlebell/biceps/Kettlebell-Incline-Biceps-Curl_Upper-Arms__converted.gif,fbf73dcb8e28e155b3ad8489763f9e217f8c933b08c6d1a6261df3a9611f3f1e
UNMATCHED,kettlebell,biceps,kettlebell incline inner biceps curl,,sem exercício correspondente no catálogo,Kettlebell-Incline-Inner-Biceps-Curl_Upper-Arms__converted.gif,exercises/kettlebell/biceps/Kettlebell-Incline-Inner-Biceps-Curl_Upper-Arms__converted.gif,cc709dffe1bcc879c26b9fde2ed2797b9e829fe97461eb7fd2a841d2f2fe3a02
UNMATCHED,kettlebell,biceps,kettlebell prone incline curl,,sem exercício correspondente no catálogo,Kettlebell-Prone-Incline-Curl_Upper-Arms__converted.gif,exercises/kettlebell/biceps/Kettlebell-Prone-Incline-Curl_Upper-Arms__converted.gif,7b8c3033f5d00a9764f9c46ec73df84193d90f308232be1ae948066e6e1a4680
UNMATCHED,kettlebell,biceps,kettlebell standing one arm curl over incline benc,,sem exercício correspondente no catálogo,Kettlebell-Standing-One-Arm-Curl-Over-Incline-Benc_converted.gif,exercises/kettlebell/biceps/Kettlebell-Standing-One-Arm-Curl-Over-Incline-Benc_converted.gif,0fb027ca80d1a03b2d1f468c317bba963fb141add5a2417bd9dc23f74e3f40e3
UNMATCHED,kettlebell,costas,kettlebell alternating renegade row,,sem exercício correspondente no catálogo,Kettlebell-Alternating-Renegade-Row_Back__converted.gif,exercises/kettlebell/costas/Kettlebell-Alternating-Renegade-Row_Back__converted.gif,5dc2394c1f8b181fe4e6910fdb12dc32b81e364f543f604a67851696ab85e008
UNMATCHED,kettlebell,costas,kettlebell alternating row,,sem exercício correspondente no catálogo,Kettlebell-Alternating-Row_Back__converted.gif,exercises/kettlebell/costas/Kettlebell-Alternating-Row_Back__converted.gif,d88b2133d2307f8ecd897d0a7502bdbd740d008e6823a88b3c718d76de822e52
REVIEW,kettlebell,costas,kettlebell bent over alternate twist row,Remada curvada com barra,variação/parente de um exercício do catálogo — confirmar,Kettlebell-Bent-over-Alternate-Twist-Row_Back__converted.gif,exercises/kettlebell/costas/Kettlebell-Bent-over-Alternate-Twist-Row_Back__converted.gif,bae54bb7306549f69f4bf8caafc60b44b5a2eba9ea90b9700382dbe2df134625
REVIEW,kettlebell,costas,kettlebell bent over row,Remada curvada com barra,variação/parente de um exercício do catálogo — confirmar,Kettlebell-Bent-over-Row_Back__converted.gif,exercises/kettlebell/costas/Kettlebell-Bent-over-Row_Back__converted.gif,39717040a99a15ca51bdab4fb8a0acbb4731fb56974a1c9e004b155e7c0e4f7a
UNMATCHED,kettlebell,costas,kettlebell gorilla row,,sem exercício correspondente no catálogo,Kettlebell-Gorilla-Row-(male)_Back__converted.gif,exercises/kettlebell/costas/Kettlebell-Gorilla-Row-(male)_Back__converted.gif,09c1020383de48d19aa49dcef96388f71cd23138d5636396bff2a50849356b4f
UNMATCHED,kettlebell,costas,kettlebell hammer grip incline bench two arm row,,sem exercício correspondente no catálogo,Kettlebell-Hammer-Grip-Incline-Bench-Two-Arm-Row_B_converted.gif,exercises/kettlebell/costas/Kettlebell-Hammer-Grip-Incline-Bench-Two-Arm-Row_B_converted.gif,5a63aafa4f696f88687376e0a17f9236dabf2539e5da5ab31328bdaefae8b25b
UNMATCHED,kettlebell,costas,kettlebell head supported row,,sem exercício correspondente no catálogo,Kettlebell-Head-Supported-Row_Back__converted.gif,exercises/kettlebell/costas/Kettlebell-Head-Supported-Row_Back__converted.gif,5e85a1f1681300235da7d82d43616abd9288c60dd69cf5edb308981cb50f02cd
UNMATCHED,kettlebell,costas,kettlebell incline row,,sem exercício correspondente no catálogo,Kettlebell-Incline-Row_Back__converted.gif,exercises/kettlebell/costas/Kettlebell-Incline-Row_Back__converted.gif,01dd53381f61114cb8a38f4ed6287c3ac17e1042956d13feacd933aa4dcfba8e
UNMATCHED,kettlebell,costas,kettlebell incline y raise,,sem exercício correspondente no catálogo,Kettlebell-Incline-Y-Raise_Shoulders__converted.gif,exercises/kettlebell/costas/Kettlebell-Incline-Y-Raise_Shoulders__converted.gif,4fe27774d99a0f760cb75eeafb0f78fede0ed29fb16dbe65260e554eab30e5ba
UNMATCHED,kettlebell,costas,kettlebell lying on floor rear delt raise,,sem exercício correspondente no catálogo,Kettlebell-Lying-on-Floor-Rear-Delt-Raise_Shoulder_converted.gif,exercises/kettlebell/costas/Kettlebell-Lying-on-Floor-Rear-Delt-Raise_Shoulder_converted.gif,75796e38f8559bfe6268ad78e0b3cfe577ca2097536f44112a0a61dc5f13646d
UNMATCHED,kettlebell,costas,kettlebell lying rear delt row,,sem exercício correspondente no catálogo,Kettlebell-Lying-Rear-Delt-Row_Back__converted.gif,exercises/kettlebell/costas/Kettlebell-Lying-Rear-Delt-Row_Back__converted.gif,7aa748194599ce1193970100309b7dea56714609beff42b81ee29ffe46bfd68a
UNMATCHED,kettlebell,costas,kettlebell one arm row,,sem exercício correspondente no catálogo,Kettlebell-One-Arm-Row_back_converted.gif,exercises/kettlebell/costas/Kettlebell-One-Arm-Row_back_converted.gif,b93fc4b0bd7992210552a66de937eec80dc67c61ac87d892764e32e9a9541370
UNMATCHED,kettlebell,costas,kettlebell prone rear delt swing,,sem exercício correspondente no catálogo,Kettlebell-Prone-Rear-Delt-Swing_Shoulders__converted.gif,exercises/kettlebell/costas/Kettlebell-Prone-Rear-Delt-Swing_Shoulders__converted.gif,34480e212d78239f4dc942927b00dee9f011dede535ba1ac61450532dd8044b2
UNMATCHED,kettlebell,costas,kettlebell rear delt row,,sem exercício correspondente no catálogo,Kettlebell-Rear-Delt-Row-(female)_Back__converted.gif,exercises/kettlebell/costas/Kettlebell-Rear-Delt-Row-(female)_Back__converted.gif,4413c3ca9a3876b3140c22e58e2b32b9e5236ad5884e21cb3d5f25b3164f168b
UNMATCHED,kettlebell,costas,kettlebell rear delt row,,sem exercício correspondente no catálogo,Kettlebell-Rear-Delt-Row_Shoulders__converted.gif,exercises/kettlebell/costas/Kettlebell-Rear-Delt-Row_Shoulders__converted.gif,bd51808443c173d494b552dbfda042611b47ba79086f7068fba3defddd8668fb
UNMATCHED,kettlebell,costas,kettlebell rear fly,,sem exercício correspondente no catálogo,Kettlebell-Rear-Fly_Shoulders__converted.gif,exercises/kettlebell/costas/Kettlebell-Rear-Fly_Shoulders__converted.gif,352cdf967fbaa0bcb289d82766f439ee1cdf496fbb328469a11842b5f84a436f
UNMATCHED,kettlebell,costas,kettlebell reverse fly,,sem exercício correspondente no catálogo,Kettlebell-Reverse-Fly_Shoulders__converted.gif,exercises/kettlebell/costas/Kettlebell-Reverse-Fly_Shoulders__converted.gif,03e7954f056b0dd529c64ffa7ed77b05682b08b2610e424fc117a35e06b2cec6
UNMATCHED,kettlebell,costas,kettlebell two arm row,,sem exercício correspondente no catálogo,Kettlebell-Two-Arm-Row_Back__converted.gif,exercises/kettlebell/costas/Kettlebell-Two-Arm-Row_Back__converted.gif,b0b024761ee5c599983d107458cdbf762c654b43149f6157a62567d501b22c95
UNMATCHED,kettlebell,ombro,kettlebell alternating press,,sem exercício correspondente no catálogo,Kettlebell-Alternating-Press_Shoulders__converted.gif,exercises/kettlebell/ombro/Kettlebell-Alternating-Press_Shoulders__converted.gif,78daf696cd0ee2cba6eec81c35302870d4a11dfa79f534ba3335d3fae83dd4c5
UNMATCHED,kettlebell,ombro,kettlebell angled press,,sem exercício correspondente no catálogo,Kettlebell-Angled-Press-(female)_Back__converted.gif,exercises/kettlebell/ombro/Kettlebell-Angled-Press-(female)_Back__converted.gif,02ad5287eeea3a0eaa505a1deed6e850bf0c353bebe2713ae28019396295943b
UNMATCHED,kettlebell,ombro,kettlebell arnold press,,sem exercício correspondente no catálogo,Kettlebell-Arnold-Press_Shoulder_converted.gif,exercises/kettlebell/ombro/Kettlebell-Arnold-Press_Shoulder_converted.gif,a6a4394d4ff30236fb34af9a0554db06dea1df16126a74e8ddea3a425905dd2f
UNMATCHED,kettlebell,ombro,kettlebell around head rotation,,sem exercício correspondente no catálogo,Kettlebell-Around-Head-Rotation-(female)_Back__converted.gif,exercises/kettlebell/ombro/Kettlebell-Around-Head-Rotation-(female)_Back__converted.gif,76719b832920b8978a5c2c8b3a5de4405f364004bdf18da10ebac66bd404761f
UNMATCHED,kettlebell,ombro,kettlebell around head rotation,,sem exercício correspondente no catálogo,Kettlebell-Around-Head-Rotation_Back_converted.gif,exercises/kettlebell/ombro/Kettlebell-Around-Head-Rotation_Back_converted.gif,5bd39ed26198bbd961cafe3257a8fbd0404b3b3dd118009d80525c8fee2c8484
UNMATCHED,kettlebell,ombro,kettlebell front raise,,sem exercício correspondente no catálogo,Kettlebell-Front-Raise-(female)_Shoulders__converted.gif,exercises/kettlebell/ombro/Kettlebell-Front-Raise-(female)_Shoulders__converted.gif,686fb32737433ac96475d34ff4288af997a904b5313aa8d4db7bbbd88857bf2d
UNMATCHED,kettlebell,ombro,kettlebell front raise,,sem exercício correspondente no catálogo,Kettlebell-Front-Raise_Shoulders__converted.gif,exercises/kettlebell/ombro/Kettlebell-Front-Raise_Shoulders__converted.gif,66bb737b25fcde65efb9cce034f61a4a8384e5be90f67a9d5c0ee001e38deb4a
UNMATCHED,kettlebell,ombro,kettlebell half kneeling halo,,sem exercício correspondente no catálogo,Kettlebell-Half-Kneeling-Halo-(male)_Shoulders__converted.gif,exercises/kettlebell/ombro/Kettlebell-Half-Kneeling-Halo-(male)_Shoulders__converted.gif,c07041c11b830e79f9a33a9e8fa45aae4b3a09bd603bb1b0e1e2a3e2a9fbf95b
UNMATCHED,kettlebell,ombro,kettlebell half kneeling one arm bottoms up press,,sem exercício correspondente no catálogo,Kettlebell-Half-Kneeling-One-Arm-Bottoms-Up-Press__converted.gif,exercises/kettlebell/ombro/Kettlebell-Half-Kneeling-One-Arm-Bottoms-Up-Press__converted.gif,78cda662b1374f5024562821b41bc7e10fc3cd01a4aab76ab1d6bc17a50e645b
REVIEW,kettlebell,ombro,kettlebell half kneeling shoulder press,Desenvolvimento militar,variação/parente de um exercício do catálogo — confirmar,Kettlebell-Half-Kneeling-Shoulder-Press_Shoulders__converted.gif,exercises/kettlebell/ombro/Kettlebell-Half-Kneeling-Shoulder-Press_Shoulders__converted.gif,463939ba58ef5a9b834bfa59379b880140f0be2cb6cb6b270e0154b78f415b41
UNMATCHED,kettlebell,ombro,kettlebell kneeling one arm bottoms up press,,sem exercício correspondente no catálogo,Kettlebell-Kneeling-One-Arm-Bottoms-Up-Press_Shoul_converted.gif,exercises/kettlebell/ombro/Kettlebell-Kneeling-One-Arm-Bottoms-Up-Press_Shoul_converted.gif,37fccbcf6dce5cb6d88c63b1826adac98964945f11ac2ee331943708b55a7bf2
UNMATCHED,kettlebell,ombro,kettlebell kneeling shoulder bottom up hold,,sem exercício correspondente no catálogo,Kettlebell-Kneeling-Shoulder-Bottom-Up-Hold_Should_converted.gif,exercises/kettlebell/ombro/Kettlebell-Kneeling-Shoulder-Bottom-Up-Hold_Should_converted.gif,2e85d6d7137709d9163ec6142afee363c291254e698346047872b446edbdae95
REVIEW,kettlebell,ombro,kettlebell lateral raise,Elevação lateral,variação/parente de um exercício do catálogo — confirmar,Kettlebell-Lateral-Raise_Shoulders__converted.gif,exercises/kettlebell/ombro/Kettlebell-Lateral-Raise_Shoulders__converted.gif,b32ac995da77057cdf0ace4be8fd7d83c9360581e170da54f1cac2964a54fd0b
UNMATCHED,kettlebell,ombro,kettlebell learning front raise,,sem exercício correspondente no catálogo,Kettlebell-Learning-Front-Raise-(male)_Shoulders__converted.gif,exercises/kettlebell/ombro/Kettlebell-Learning-Front-Raise-(male)_Shoulders__converted.gif,d02da3e57eb79000bf022acb6f04d941891d2920e8fb1f7e2fe71efcfdb03ac0
UNMATCHED,kettlebell,ombro,kettlebell low fly,,sem exercício correspondente no catálogo,Kettlebell-Low-Fly-(male)_Chest__converted.gif,exercises/kettlebell/ombro/Kettlebell-Low-Fly-(male)_Chest__converted.gif,2ec995bb3fe384ff597b7ff5d706febfc39fbe9f583dee8f19aabb7a620eef59
UNMATCHED,kettlebell,ombro,kettlebell one arm clean and jerk,,sem exercício correspondente no catálogo,Kettlebell-One-Arm-Clean-and-Jerk-(female)_Shoulde_converted.gif,exercises/kettlebell/ombro/Kettlebell-One-Arm-Clean-and-Jerk-(female)_Shoulde_converted.gif,c39769b375b5f7a37ac341189bbf2bf97144d187767e522d286fdb5758bcea00
REVIEW,kettlebell,ombro,kettlebell one arm military press to the side,Desenvolvimento militar,variação/parente de um exercício do catálogo — confirmar,Kettlebell-One-Arm-Military-Press-To-The-Side_Shoulders_converted.gif,exercises/kettlebell/ombro/Kettlebell-One-Arm-Military-Press-To-The-Side_Shoulders_converted.gif,66cdace6dd9f7a6c8d2c2f93445ccd6f267990c99c008632e39f1fa3956b3c6b
UNMATCHED,kettlebell,ombro,kettlebell overhead carry,,sem exercício correspondente no catálogo,Kettlebell-Overhead-Carry_Thighs__converted.gif,exercises/kettlebell/ombro/Kettlebell-Overhead-Carry_Thighs__converted.gif,57425e6e3507f0bd3a757692abf18918a578edd5ba7d2cd64907551b804f7d4c
UNMATCHED,kettlebell,ombro,kettlebell seated front raise,,sem exercício correspondente no catálogo,Kettlebell-Seated-Front-Raise_Shoulders__converted.gif,exercises/kettlebell/ombro/Kettlebell-Seated-Front-Raise_Shoulders__converted.gif,6403d5e66cccdbe51271bdb3e14fec403a778e40051141879ec11b6ac48b9771
REVIEW,kettlebell,ombro,kettlebell seated lateral raise,Elevação lateral,variação/parente de um exercício do catálogo — confirmar,Kettlebell-Seated-Lateral-Raise_Shoulders__converted.gif,exercises/kettlebell/ombro/Kettlebell-Seated-Lateral-Raise_Shoulders__converted.gif,a50b4f3fbabc76d28a775daa9a4f31983254bfa578773b87f57c0e78f10bad47
UNMATCHED,kettlebell,ombro,kettlebell seated neutral grip shoulders press,,sem exercício correspondente no catálogo,Kettlebell-Seated-Neutral-Grip-Shoulders-Press_Sho_converted.gif,exercises/kettlebell/ombro/Kettlebell-Seated-Neutral-Grip-Shoulders-Press_Sho_converted.gif,7940469ba6c1c63a5962814d1d68f1cad27339338ad6dade209102996a30ba26
REVIEW,kettlebell,ombro,kettlebell seated one arm military press,Desenvolvimento militar,variação/parente de um exercício do catálogo — confirmar,Kettlebell-Seated-One-Arm-Military-Press_Shoulders_converted.gif,exercises/kettlebell/ombro/Kettlebell-Seated-One-Arm-Military-Press_Shoulders_converted.gif,d40cb995ffd888d251a19c57572e786d16551832ee0f4e849b49feaa02966264
UNMATCHED,kettlebell,ombro,kettlebell seated press,,sem exercício correspondente no catálogo,Kettlebell-Seated-Press_Shoulders__converted.gif,exercises/kettlebell/ombro/Kettlebell-Seated-Press_Shoulders__converted.gif,c7e43d8a50499e633f8fea7b16bc68ab69de046a6e81d20db9323e98e712c88d
REVIEW,kettlebell,ombro,kettlebell seated shoulder press,Desenvolvimento militar,variação/parente de um exercício do catálogo — confirmar,Kettlebell-Seated-Shoulder-Press_Shoulders__converted.gif,exercises/kettlebell/ombro/Kettlebell-Seated-Shoulder-Press_Shoulders__converted.gif,cea5dedf74f5228491cae4cf90f787420aa9a47ff1b7a91287f8421d0b7d2e13
REVIEW,kettlebell,ombro,kettlebell seated two arm military press,Desenvolvimento militar,variação/parente de um exercício do catálogo — confirmar,Kettlebell-Seated-Two-Arm-Military-Press_Shoulders_converted.gif,exercises/kettlebell/ombro/Kettlebell-Seated-Two-Arm-Military-Press_Shoulders_converted.gif,f1f10efc95c4153fb91430121bf5d62cbf1e827abec104e118d8a74e3717f647
UNMATCHED,kettlebell,ombro,kettlebell seesaw press,,sem exercício correspondente no catálogo,Kettlebell-Seesaw-Press-(female)_Shoulders__converted.gif,exercises/kettlebell/ombro/Kettlebell-Seesaw-Press-(female)_Shoulders__converted.gif,514e463eb60e7e3d73757b4d92883d5f2aaac3c9c951aec1d91488cfec384a24
UNMATCHED,kettlebell,ombro,kettlebell seesaw press,,sem exercício correspondente no catálogo,Kettlebell-Seesaw-Press_Shoulders_converted.gif,exercises/kettlebell/ombro/Kettlebell-Seesaw-Press_Shoulders_converted.gif,fa70b52102505d0c4ea85a8eaa020312c035b0b817355ef9f16137f976a55849
UNMATCHED,kettlebell,ombro,kettlebell standing bottoms up one arm shoulder pr,,sem exercício correspondente no catálogo,Kettlebell-Standing-Bottoms-Up-One-Arm-Shoulder-Pr_converted.gif,exercises/kettlebell/ombro/Kettlebell-Standing-Bottoms-Up-One-Arm-Shoulder-Pr_converted.gif,bbdc62fcd466929c0833bf732ab72dd161e36b0a749ccd71bdf0e615d986a468
REVIEW,kettlebell,ombro,kettlebell standing prone lateral raise,Elevação lateral,variação/parente de um exercício do catálogo — confirmar,Kettlebell-Standing-Prone-Lateral-Raise-(male)_Sho_converted.gif,exercises/kettlebell/ombro/Kettlebell-Standing-Prone-Lateral-Raise-(male)_Sho_converted.gif,104be7090e7ceb035d5c2b9cca184d01228e1bbd9ae9371f92b60135e4081d28
UNMATCHED,kettlebell,ombro,kettlebell strict press,,sem exercício correspondente no catálogo,Kettlebell-Strict-Press_Shoulders__converted.gif,exercises/kettlebell/ombro/Kettlebell-Strict-Press_Shoulders__converted.gif,b4e1cfdd4e52c976c726ab2ed08d041a20374e97471e17d4d42ee2cce1c21965
REVIEW,kettlebell,ombro,kettlebell two arm military press,Desenvolvimento militar,variação/parente de um exercício do catálogo — confirmar,Kettlebell-Two-Arm-Military-Press_Shoulders__converted.gif,exercises/kettlebell/ombro/Kettlebell-Two-Arm-Military-Press_Shoulders__converted.gif,36cc937b223b22f40ab96d27e27f40a9bbe744186737ff9b3cc4c6118c0c1cd0
UNMATCHED,kettlebell,ombro,kettlebell upright row,,sem exercício correspondente no catálogo,Kettlebell-Upright-Row_Shoulders__converted.gif,exercises/kettlebell/ombro/Kettlebell-Upright-Row_Shoulders__converted.gif,147b52cb85c3e1d5f886d667fad267186de7366abf91d315fa421d7875477d30
UNMATCHED,kettlebell,ombro,kettlebell wide upright row,,sem exercício correspondente no catálogo,Kettlebell-Wide-Upright-Row-(male)_Shoulders__converted.gif,exercises/kettlebell/ombro/Kettlebell-Wide-Upright-Row-(male)_Shoulders__converted.gif,63b3475a98636115bc4b389020c94c9a62f443baf3c3935c0db5be48ac515e0a
REVIEW,kettlebell,panturrilha,kettlebell standing calf raise,Panturrilha em pé,variação/parente de um exercício do catálogo — confirmar,Kettlebell-Standing-Calf-Raise_Calves__converted.gif,exercises/kettlebell/panturrilha/Kettlebell-Standing-Calf-Raise_Calves__converted.gif,f39ab67e029bd658ee51d04554c0ec607731fd855bf1754dc2365aca243d9256
UNMATCHED,kettlebell,peito,kettlebell alternating press on floor,,sem exercício correspondente no catálogo,Kettlebell-Alternating-Press-on-Floor_Chest__converted.gif,exercises/kettlebell/peito/Kettlebell-Alternating-Press-on-Floor_Chest__converted.gif,5f51a86a44d00c57b31ec05eda4dc400b89e5a089cdd028742dc1011944e7530
UNMATCHED,kettlebell,peito,kettlebell bench press,,sem exercício correspondente no catálogo,Kettlebell-Bench-Press-(male)_Chest__converted.gif,exercises/kettlebell/peito/Kettlebell-Bench-Press-(male)_Chest__converted.gif,806e98d7632056f5fa31e1f0d1879d84456e6c6af39edc8e5b0b5da640bf1e47
REVIEW,kettlebell,peito,kettlebell deep push up,Flexão de braço,variação/parente de um exercício do catálogo — confirmar,Kettlebell-Deep-Push-Up_Chest__converted.gif,exercises/kettlebell/peito/Kettlebell-Deep-Push-Up_Chest__converted.gif,cbe2a84bdd579803e48f8f758b2f9706c3cd34701ef9d4742327e65763e6ab66
UNMATCHED,kettlebell,peito,kettlebell floor fly,,sem exercício correspondente no catálogo,Kettlebell-Floor-Fly_Chest__converted.gif,exercises/kettlebell/peito/Kettlebell-Floor-Fly_Chest__converted.gif,2506261b0bc38a1da08b9bffd9793bfc0eda522dfe3544d4dfd9f201426c62e8
UNMATCHED,kettlebell,peito,kettlebell fly,,sem exercício correspondente no catálogo,Kettlebell-Fly-(male)_Chest__converted.gif,exercises/kettlebell/peito/Kettlebell-Fly-(male)_Chest__converted.gif,3520bd65829a8d5f7739f666545e8412def66530a2438f8aeb4ae5f7de6b1a08
UNMATCHED,kettlebell,peito,kettlebell incline bench press,,sem exercício correspondente no catálogo,Kettlebell-Incline-Bench-Press_Chest__converted.gif,exercises/kettlebell/peito/Kettlebell-Incline-Bench-Press_Chest__converted.gif,8f81eeb601154cb4d831bb39cfa24a63dfee8eb48b222d04ec3ae8363d5658f7
UNMATCHED,kettlebell,peito,kettlebell incline fly,,sem exercício correspondente no catálogo,Kettlebell-Incline-Fly_Chest__converted.gif,exercises/kettlebell/peito/Kettlebell-Incline-Fly_Chest__converted.gif,5da30020c5e1c9687eb60cef67fd3152a844a02485cf467ca6c58ce79b90e884
UNMATCHED,kettlebell,peito,kettlebell incline hammer press,,sem exercício correspondente no catálogo,Kettlebell-Incline-Hammer-Press_Chest__converted.gif,exercises/kettlebell/peito/Kettlebell-Incline-Hammer-Press_Chest__converted.gif,9905670239f13e61e063aeeab2f9180692e9b6a34746e46bf5e573a8c240bde9
UNMATCHED,kettlebell,peito,kettlebell incline palm in press,,sem exercício correspondente no catálogo,Kettlebell-Incline-Palm-in-Press_Chest__converted.gif,exercises/kettlebell/peito/Kettlebell-Incline-Palm-in-Press_Chest__converted.gif,176e0a0bba6e08463392f483008c5ec74a47a31b58c0e27e33c80d5d8b03fa6d
UNMATCHED,kettlebell,peito,kettlebell incline pullover,,sem exercício correspondente no catálogo,Kettlebell-Incline-Pullover-(male)_Back__converted.gif,exercises/kettlebell/peito/Kettlebell-Incline-Pullover-(male)_Back__converted.gif,608bccbed389d6586c1ace8ee7a107b1a4f27b63479c4e0a0b77a7034c95f070
UNMATCHED,kettlebell,peito,kettlebell incline twist press,,sem exercício correspondente no catálogo,Kettlebell-Incline-Twist-Press_Chest__converted.gif,exercises/kettlebell/peito/Kettlebell-Incline-Twist-Press_Chest__converted.gif,e5e1e22701e2049cad426422c992b2eaf7ce7a5d7c2d0c2ee57c09fc44e2506a
UNMATCHED,kettlebell,peito,kettlebell incline twisted fly,,sem exercício correspondente no catálogo,Kettlebell-Incline-Twisted-Fly_Chest__converted.gif,exercises/kettlebell/peito/Kettlebell-Incline-Twisted-Fly_Chest__converted.gif,7fea5e4d5e95aab0708960e2db0c6208c9f7913f8fb8f5f33b8dc72416ea92c2
UNMATCHED,kettlebell,peito,kettlebell lying on floor chest press,,sem exercício correspondente no catálogo,Kettlebell-Lying-on-Floor-Chest-Press_Chest__converted.gif,exercises/kettlebell/peito/Kettlebell-Lying-on-Floor-Chest-Press_Chest__converted.gif,2e6b8a5ca123eefea98440198a190321ba8a33503b8b0621c889e20b4fbdb2ad
UNMATCHED,kettlebell,peito,kettlebell neutral grip bench press,,sem exercício correspondente no catálogo,Kettlebell-Neutral-grip-Bench-Press-(male)_Chest__converted.gif,exercises/kettlebell/peito/Kettlebell-Neutral-grip-Bench-Press-(male)_Chest__converted.gif,11b7fedc5ab7b049b2619a5d92c6125a73e046167f39ff6e959d34a94f976158
UNMATCHED,kettlebell,peito,kettlebell one arm floor press,,sem exercício correspondente no catálogo,Kettlebell-One-Arm-Floor-Press_Chest__converted.gif,exercises/kettlebell/peito/Kettlebell-One-Arm-Floor-Press_Chest__converted.gif,619924a9d82f56a15244a1d93e85d695dbd27c68877923cc30b8e2f13510ef3c
UNMATCHED,kettlebell,peito,kettlebell pullover 3 month position,,sem exercício correspondente no catálogo,Kettlebell-Pullover-3-Month-Position_Back__converted.gif,exercises/kettlebell/peito/Kettlebell-Pullover-3-Month-Position_Back__converted.gif,1483088682ef3f95ee29640b67834c1eaf7a93d51c8254c9857df953348c1eaa
UNMATCHED,kettlebell,peito,kettlebell pullover,,sem exercício correspondente no catálogo,Kettlebell-Pullover_Back__converted.gif,exercises/kettlebell/peito/Kettlebell-Pullover_Back__converted.gif,b54c15488022896c7d3a3dd0de1cdaf73ad8cc001d33fe73b7eada395d28322f
UNMATCHED,kettlebell,peito,kettlebell reverse bench press,,sem exercício correspondente no catálogo,Kettlebell-Reverse-Bench-Press_Chest__converted.gif,exercises/kettlebell/peito/Kettlebell-Reverse-Bench-Press_Chest__converted.gif,923511015ddb89389d786f74ec0b5bbe010e4a4f76c6e5d772e7dc0e2b437787
UNMATCHED,kettlebell,peito,kettlebell reverse press on floor,,sem exercício correspondente no catálogo,Kettlebell-Reverse-Press-on-Floor_Chest__converted.gif,exercises/kettlebell/peito/Kettlebell-Reverse-Press-on-Floor_Chest__converted.gif,c499a8fabbc24645d2c27c7b0a1e0a13b44370319db81bc6d9207c4c406454c4
UNMATCHED,kettlebell,peito,kettlebell single leg glute bridge pullover h,,sem exercício correspondente no catálogo,Kettlebell-Single-Leg-Glute-Bridge-Pullover_Back_H_converted.gif,exercises/kettlebell/peito/Kettlebell-Single-Leg-Glute-Bridge-Pullover_Back_H_converted.gif,bb71d07270d948578dfb1661130349fa06e585e61852c9794f0bfce01d739a69
UNMATCHED,kettlebell,peito,kettlebell standing crush curl,,sem exercício correspondente no catálogo,Kettlebell-Standing-Crush-Curl-(male)_Upper-Arms__converted.gif,exercises/kettlebell/peito/Kettlebell-Standing-Crush-Curl-(male)_Upper-Arms__converted.gif,9284947c3e733c8a84b48149684529f7f0838f36bc62f2390809d086778952ec
REVIEW,kettlebell,perna,kettlebell backward lunge,Afundo (passada),variação/parente de um exercício do catálogo — confirmar,Kettlebell-Backward-Lunge_Thighs-FIX__converted.gif,exercises/kettlebell/perna/Kettlebell-Backward-Lunge_Thighs-FIX__converted.gif,4f912423342a00e1f912bf95ad40ecb45cff309ac9230f9fd00602cd488d9f2e
UNMATCHED,kettlebell,perna,kettlebell box squat,,sem exercício correspondente no catálogo,Kettlebell-Box-Squat_Hips__converted.gif,exercises/kettlebell/perna/Kettlebell-Box-Squat_Hips__converted.gif,d92d6f0974dd2f4c12f4f400467a3d8df69cf25f8866f7e6b80abaf6d5f658c9
UNMATCHED,kettlebell,perna,kettlebell burpee,,sem exercício correspondente no catálogo,Kettlebell-Burpee_Plyometrics__converted.gif,exercises/kettlebell/perna/Kettlebell-Burpee_Plyometrics__converted.gif,c8e39ba2caa1cc532dd46f95c0e3f5adc3e3b5cb9db3ee95be9c661ba4371cef
UNMATCHED,kettlebell,perna,kettlebell calf raise and front squat,,sem exercício correspondente no catálogo,Kettlebell-Calf-Raise-and-Front-Squat-(male)_Thigh_converted.gif,exercises/kettlebell/perna/Kettlebell-Calf-Raise-and-Front-Squat-(male)_Thigh_converted.gif,fd8db165afc49547a846c46b30f0c542c062e90ade142c84fbca495550b4665e
UNMATCHED,kettlebell,perna,kettlebell clean and jerk,,sem exercício correspondente no catálogo,Kettlebell-Clean-and-Jerk_Weightlifting__converted.gif,exercises/kettlebell/perna/Kettlebell-Clean-and-Jerk_Weightlifting__converted.gif,937018c0806a1f5c628a5b8d31fd0c9eb3c3c2f26c5c9d34f656076dbd551036
UNMATCHED,kettlebell,perna,kettlebell clean and press,,sem exercício correspondente no catálogo,Kettlebell-Clean-and-Press_Weightlifting__converted.gif,exercises/kettlebell/perna/Kettlebell-Clean-and-Press_Weightlifting__converted.gif,f8878208d608f2b167a297f2afc67a9f983780de4d0fc87420349d4821b14a68
UNMATCHED,kettlebell,perna,kettlebell clean and push press,,sem exercício correspondente no catálogo,Kettlebell-Clean-and-Push-Press-(male)_Weightlifti_converted.gif,exercises/kettlebell/perna/Kettlebell-Clean-and-Push-Press-(male)_Weightlifti_converted.gif,06fa8e615b2a33edba5ffeb7a17f6ebb6c257fdf03f520b10b611696b189a5d6
REVIEW,kettlebell,perna,kettlebell clean grip reverse lunge,Afundo (passada),variação/parente de um exercício do catálogo — confirmar,Kettlebell-Clean-Grip-Reverse-Lunge-(male)_Thighs__converted.gif,exercises/kettlebell/perna/Kettlebell-Clean-Grip-Reverse-Lunge-(male)_Thighs__converted.gif,0689cdaa34e5c5ac232ff3b2c69d41e2d9da2e7407272a472330491035d4615f
REVIEW,kettlebell,perna,kettlebell contralateral reverse lunge,Afundo (passada),variação/parente de um exercício do catálogo — confirmar,Kettlebell-Contralateral-Reverse-Lunge-(male)_Thig_converted.gif,exercises/kettlebell/perna/Kettlebell-Contralateral-Reverse-Lunge-(male)_Thig_converted.gif,003f478cf95a7c1a4a66636af3552174b7fc00de07ae2bd0e4d9bb9725a40bf1
UNMATCHED,kettlebell,perna,kettlebell cossack squat,,sem exercício correspondente no catálogo,Kettlebell-Cossack-Squat-(male)_Thighs__converted.gif,exercises/kettlebell/perna/Kettlebell-Cossack-Squat-(male)_Thighs__converted.gif,3ddce518fd2f37696f7f89bf58b2051d75f286016f68c4117675eeffc93110d7
UNMATCHED,kettlebell,perna,kettlebell deadlift,,sem exercício correspondente no catálogo,Kettlebell-deadlift-(female)_Hips_converted.gif,exercises/kettlebell/perna/Kettlebell-deadlift-(female)_Hips_converted.gif,21c3a63786caa8ff024a60eb3c0ac15445678adcf448da05ddc176eb0828d716
UNMATCHED,kettlebell,perna,kettlebell deadlift,,sem exercício correspondente no catálogo,Kettlebell-deadlift_Hips__converted.gif,exercises/kettlebell/perna/Kettlebell-deadlift_Hips__converted.gif,a1f272a5708df5bc0ca41257a6b75da013d46768d8f9e2503845ec3326c08f01
UNMATCHED,kettlebell,perna,kettlebell double alternating hang clean,,sem exercício correspondente no catálogo,Kettlebell-Double-Alternating-Hang-Clean_Shoulders_converted.gif,exercises/kettlebell/perna/Kettlebell-Double-Alternating-Hang-Clean_Shoulders_converted.gif,baa6558f9e582ecf8ddbf1dd82cd6c812d14e74caa7319662d7c790e92f8a349
UNMATCHED,kettlebell,perna,kettlebell double jerk,,sem exercício correspondente no catálogo,Kettlebell-Double-Jerk_Shoulders__converted.gif,exercises/kettlebell/perna/Kettlebell-Double-Jerk_Shoulders__converted.gif,e3a81dd10d970ecce836005c9bb9af7b59171190336b02681b483350546433e7
UNMATCHED,kettlebell,perna,kettlebell double push press,,sem exercício correspondente no catálogo,Kettlebell-Double-Push-Press_Shoulders__converted.gif,exercises/kettlebell/perna/Kettlebell-Double-Push-Press_Shoulders__converted.gif,d626a632ae104da8d5684c54e822926b7a046a456bae5650c05001b56a6d5eb6
UNMATCHED,kettlebell,perna,kettlebell double snatch,,sem exercício correspondente no catálogo,Kettlebell-Double-Snatch_Shoulders__converted.gif,exercises/kettlebell/perna/Kettlebell-Double-Snatch_Shoulders__converted.gif,4328ddb380a8b7cc08e7e87e31e5cce7f271ef9afeb035c74cabc1d76b9b8651
UNMATCHED,kettlebell,perna,kettlebell farmers carry,,sem exercício correspondente no catálogo,Kettlebell-Farmers-Carry_Weightlifting__converted.gif,exercises/kettlebell/perna/Kettlebell-Farmers-Carry_Weightlifting__converted.gif,5fb9a90a32dedcbe978c47acf12bd1fc2df6e0770870dd9ebee30189f92ff171
UNMATCHED,kettlebell,perna,kettlebell figure 8 swing,,sem exercício correspondente no catálogo,Kettlebell-Figure-8-Swing-(male)_Hips__converted.gif,exercises/kettlebell/perna/Kettlebell-Figure-8-Swing-(male)_Hips__converted.gif,55c96d8b18d3b4d3560f0d77395ff280a560f7234a0aec983fcc3ad20990cecf
UNMATCHED,kettlebell,perna,kettlebell figure 8,,sem exercício correspondente no catálogo,Kettlebell-Figure-8_Waist__converted.gif,exercises/kettlebell/perna/Kettlebell-Figure-8_Waist__converted.gif,ad02ed95707b7d7f5b08193e949e7fa51aab1328dd28adf30ae9f1c276b986ff
REVIEW,kettlebell,perna,kettlebell forward backward lunge,Afundo (passada),variação/parente de um exercício do catálogo — confirmar,Kettlebell-Forward-Backward-Lunge-(male)_Thighs__converted.gif,exercises/kettlebell/perna/Kettlebell-Forward-Backward-Lunge-(male)_Thighs__converted.gif,a07cec4c47110a2da24e67f702e216ff610390f6109139c1577ab21a083243d0
REVIEW,kettlebell,perna,kettlebell forward backward lunge,Afundo (passada),variação/parente de um exercício do catálogo — confirmar,Kettlebell-Forward-Backward-Lunge-(VERSION-2)-(mal_converted.gif,exercises/kettlebell/perna/Kettlebell-Forward-Backward-Lunge-(VERSION-2)-(mal_converted.gif,c095bf5003184ed23bdf1389b6f9cc9fc06a29d2cf38b46d649b839640e74229
REVIEW,kettlebell,perna,kettlebell forward lunge,Afundo (passada),variação/parente de um exercício do catálogo — confirmar,Kettlebell-Forward-Lunge-(VERSION-2)_Thighs__converted.gif,exercises/kettlebell/perna/Kettlebell-Forward-Lunge-(VERSION-2)_Thighs__converted.gif,bda096fe81cdaee4fece5424d689ad191050c54e5ae86eb62012d07a11fce010
REVIEW,kettlebell,perna,kettlebell forward lunge,Afundo (passada),variação/parente de um exercício do catálogo — confirmar,Kettlebell-Forward-Lunge_Thighs__converted.gif,exercises/kettlebell/perna/Kettlebell-Forward-Lunge_Thighs__converted.gif,fdc5bf1878ca7a07e3c2973eba341399fcf46c7d99456d94984123de58f6936e
UNMATCHED,kettlebell,perna,kettlebell front squat,,sem exercício correspondente no catálogo,Kettlebell-Front-Squat-(female)_thighs_converted.gif,exercises/kettlebell/perna/Kettlebell-Front-Squat-(female)_thighs_converted.gif,7e82825a6510aebf537eb6070e0d1411474bea9ea4f04b64814538adf7799ed6
UNMATCHED,kettlebell,perna,kettlebell front squat,,sem exercício correspondente no catálogo,Kettlebell-Front-Squat_Thighs__converted.gif,exercises/kettlebell/perna/Kettlebell-Front-Squat_Thighs__converted.gif,2384f27ff1bd3c98b316c4c41b5faf7ca23717a719111d8a63f1454d4a686bed
REVIEW,kettlebell,perna,kettlebell goblet forward backward lunge,Afundo (passada),variação/parente de um exercício do catálogo — confirmar,Kettlebell-Goblet-Forward-Backward-Lunge-(male)_Th_converted.gif,exercises/kettlebell/perna/Kettlebell-Goblet-Forward-Backward-Lunge-(male)_Th_converted.gif,1a7ab91ea165c116e013e07d1e4c702ced02a8c0ae67a06ddec8b01c7c01ace0
REVIEW,kettlebell,perna,kettlebell goblet forward backward lunge,Afundo (passada),variação/parente de um exercício do catálogo — confirmar,Kettlebell-Goblet-Forward-Backward-Lunge-(VERSION-_converted.gif,exercises/kettlebell/perna/Kettlebell-Goblet-Forward-Backward-Lunge-(VERSION-_converted.gif,b6aea926322e77bb892aa7299921359c982e96f7d2154a633917a7ea4f6d4622
UNMATCHED,kettlebell,perna,kettlebell goblet lateral step up,,sem exercício correspondente no catálogo,Kettlebell-Goblet-Lateral-Step-Up-(male)_Thighs__converted.gif,exercises/kettlebell/perna/Kettlebell-Goblet-Lateral-Step-Up-(male)_Thighs__converted.gif,8b12cbb2b4c276b5b62c210b4ee7da7095d52ed4aef83b9d19f4347ce36d7209
UNMATCHED,kettlebell,perna,kettlebell goblet marching on spot converted 2,,sem exercício correspondente no catálogo,Kettlebell-Goblet-Marching-on-Spot-(female)_Cardio_converted 2.gif,exercises/kettlebell/perna/Kettlebell-Goblet-Marching-on-Spot-(female)_Cardio_converted 2.gif,91f9aa4512a8dfbb80bed482d6f5fee8ecc1505af8f6e9c7bf8aec999e2b4887
UNMATCHED,kettlebell,perna,kettlebell goblet marching on spot,,sem exercício correspondente no catálogo,Kettlebell-Goblet-Marching-on-Spot-(female)_Cardio_converted.gif,exercises/kettlebell/perna/Kettlebell-Goblet-Marching-on-Spot-(female)_Cardio_converted.gif,91f9aa4512a8dfbb80bed482d6f5fee8ecc1505af8f6e9c7bf8aec999e2b4887
UNMATCHED,kettlebell,perna,kettlebell goblet pulse squat,,sem exercício correspondente no catálogo,Kettlebell-Goblet-Pulse-Squat-(male)_Thighs__converted.gif,exercises/kettlebell/perna/Kettlebell-Goblet-Pulse-Squat-(male)_Thighs__converted.gif,55ff446a151f7d75064f0fc4edb0af30598e994e3d534efbcc949b562b7f7871
UNMATCHED,kettlebell,perna,kettlebell goblet squat,,sem exercício correspondente no catálogo,Kettlebell-Goblet-Squat-(female)_Thighs__converted.gif,exercises/kettlebell/perna/Kettlebell-Goblet-Squat-(female)_Thighs__converted.gif,2d71bc839fbee795596918c578b191cafe653217a89c7f1beabfbd68269d23e5
UNMATCHED,kettlebell,perna,kettlebell goblet squat mobility,,sem exercício correspondente no catálogo,Kettlebell-Goblet-Squat-Mobility_Thighs__converted.gif,exercises/kettlebell/perna/Kettlebell-Goblet-Squat-Mobility_Thighs__converted.gif,d9f638460c7d9cfb11132b5bd2a88a37cec10b4588120c6867c9d3dfa1a7351e
UNMATCHED,kettlebell,perna,kettlebell goblet squat,,sem exercício correspondente no catálogo,Kettlebell-Goblet-Squat_thighs_converted.gif,exercises/kettlebell/perna/Kettlebell-Goblet-Squat_thighs_converted.gif,09eca57d1f593341bddaf5bbf084887c2785b013fccfdfb5632c3c8b6b3018a0
UNMATCHED,kettlebell,perna,kettlebell good morning,,sem exercício correspondente no catálogo,Kettlebell-Good-Morning-(male)_Hips__converted.gif,exercises/kettlebell/perna/Kettlebell-Good-Morning-(male)_Hips__converted.gif,e4424b21178ac09efead360e518e94308db0b04d9693a1ab519fab30cc0efd04
UNMATCHED,kettlebell,perna,kettlebell good morning,,sem exercício correspondente no catálogo,Kettlebell-Good-Morning_Hips__converted.gif,exercises/kettlebell/perna/Kettlebell-Good-Morning_Hips__converted.gif,d7347f784d7fe67468427c3998ac013f284ed8fbdbda010253746dac03c36dcc
UNMATCHED,kettlebell,perna,kettlebell hang clean,,sem exercício correspondente no catálogo,Kettlebell-Hang-Clean_thighs_converted.gif,exercises/kettlebell/perna/Kettlebell-Hang-Clean_thighs_converted.gif,7890c137a982b65437fb5e899b8909dca9fb52b76c36e616f058da972e854896
REVIEW,kettlebell,perna,kettlebell ipsilateral reverse lunge,Afundo (passada),variação/parente de um exercício do catálogo — confirmar,Kettlebell-Ipsilateral-Reverse-Lunge-(male)_Thighs_converted.gif,exercises/kettlebell/perna/Kettlebell-Ipsilateral-Reverse-Lunge-(male)_Thighs_converted.gif,5a86367ec16b559323927e75625cc841a250df17d13a97484a4b5be124cca5d7
UNMATCHED,kettlebell,perna,kettlebell kickstand one leg deadlift,,sem exercício correspondente no catálogo,Kettlebell-Kickstand-One-Leg-Deadlift_Hips__converted.gif,exercises/kettlebell/perna/Kettlebell-Kickstand-One-Leg-Deadlift_Hips__converted.gif,cee40ea44e1e1f798f78fa08513534d890306e24f24ca0a97912cff999464bd9
UNMATCHED,kettlebell,perna,kettlebell kneeling hold to stand clean grip,,sem exercício correspondente no catálogo,Kettlebell-Kneeling-Hold-to-Stand-Clean-grip_Thighs__converted.gif,exercises/kettlebell/perna/Kettlebell-Kneeling-Hold-to-Stand-Clean-grip_Thighs__converted.gif,f33fd3c745b63983512daf82ac8a45ca8496bea231ec0ba9a90f513f26feb3f9
UNMATCHED,kettlebell,perna,kettlebell kneeling hold to stand,,sem exercício correspondente no catálogo,Kettlebell-Kneeling-Hold-to-Stand_Thighs__converted.gif,exercises/kettlebell/perna/Kettlebell-Kneeling-Hold-to-Stand_Thighs__converted.gif,0e52c58b727d63824f1e5cef3985d0a8477100022b96a9e0c187826ac3fe93e6
REVIEW,kettlebell,perna,kettlebell lateral lunge,Afundo (passada),variação/parente de um exercício do catálogo — confirmar,Kettlebell-Lateral-Lunge_Thighs__converted.gif,exercises/kettlebell/perna/Kettlebell-Lateral-Lunge_Thighs__converted.gif,830fc892fb22578cb8ab9378ac811f1b0fe4d132c4d64415d1f62bb559814193
UNMATCHED,kettlebell,perna,kettlebell lateral step up,,sem exercício correspondente no catálogo,Kettlebell-Lateral-Step-up-(male)_Thighs_ 1_converted.gif,exercises/kettlebell/perna/Kettlebell-Lateral-Step-up-(male)_Thighs_ 1_converted.gif,cd9a6d85b290dd84ae60e689a3b8bf389b253b9811d7fbe62b1c59661b6d7334
UNMATCHED,kettlebell,perna,kettlebell lateral step up,,sem exercício correspondente no catálogo,Kettlebell-Lateral-Step-Up-(male)_Thighs__converted.gif,exercises/kettlebell/perna/Kettlebell-Lateral-Step-Up-(male)_Thighs__converted.gif,b13473974be98f49768867700db2dda539666f455b43c454581e2efb009e426b
REVIEW,kettlebell,perna,kettlebell lunge pass through,Afundo (passada),variação/parente de um exercício do catálogo — confirmar,Kettlebell-Lunge-Pass-Through_Thighs__converted.gif,exercises/kettlebell/perna/Kettlebell-Lunge-Pass-Through_Thighs__converted.gif,5b4000037e97d91b81f6fc8fcadcd9ef41e40136e1387bdcecfa965265b35c4b
REVIEW,kettlebell,perna,kettlebell lunge with twist waist,Afundo (passada),variação/parente de um exercício do catálogo — confirmar,Kettlebell-Lunge-with-Twist_Thighs_Waist__converted.gif,exercises/kettlebell/perna/Kettlebell-Lunge-with-Twist_Thighs_Waist__converted.gif,b58cc728e640b0bff4bde00cde9c48ffb79dd69e99e928187a04f5920974ee75
UNMATCHED,kettlebell,perna,kettlebell one arm clean and jerk,,sem exercício correspondente no catálogo,Kettlebell-One-Arm-Clean-and-Jerk_Shoulders__converted.gif,exercises/kettlebell/perna/Kettlebell-One-Arm-Clean-and-Jerk_Shoulders__converted.gif,1c4ab83732319c4e3896b2b2bbe21962a96fd88bc3822b30e2f25572bf948bdc
UNMATCHED,kettlebell,perna,kettlebell one arm jerk,,sem exercício correspondente no catálogo,Kettlebell-One-Arm-Jerk_Shoulders_converted.gif,exercises/kettlebell/perna/Kettlebell-One-Arm-Jerk_Shoulders_converted.gif,2b80c3b3d9c68e19eb03e40a2982c3f915611fd5c5270b7837cd438be7ceb7e9
UNMATCHED,kettlebell,perna,kettlebell one arm overhead squat shoulders,,sem exercício correspondente no catálogo,Kettlebell-One-Arm-Overhead-Squat_Thighs_Shoulders_converted.gif,exercises/kettlebell/perna/Kettlebell-One-Arm-Overhead-Squat_Thighs_Shoulders_converted.gif,3d1b5f68e9b7caddb36f980b7c8f5f97ef013b8325962cc2f58906d694954b31
UNMATCHED,kettlebell,perna,kettlebell one arm snatch,,sem exercício correspondente no catálogo,Kettlebell-One-Arm-Snatch_Shoulders__converted.gif,exercises/kettlebell/perna/Kettlebell-One-Arm-Snatch_Shoulders__converted.gif,b8552d42592e791b05493c5f31282ffc15452cce724ada50d36a79ea0839fc5a
UNMATCHED,kettlebell,perna,kettlebell one arm swing,,sem exercício correspondente no catálogo,Kettlebell-One-Arm-Swing_Weightlifts__converted.gif,exercises/kettlebell/perna/Kettlebell-One-Arm-Swing_Weightlifts__converted.gif,9173b1d7f82cb47b289b4106e261b85cca18ed16e2828eafb94c170517c670bd
UNMATCHED,kettlebell,perna,kettlebell one legged deadlift,,sem exercício correspondente no catálogo,Kettlebell-One-Legged-Deadlift_Hips_converted.gif,exercises/kettlebell/perna/Kettlebell-One-Legged-Deadlift_Hips_converted.gif,6a757436ea5c8810d7df0baa7d935dd97afbe4a215208536dee944fc553e5b94
UNMATCHED,kettlebell,perna,kettlebell overhand grip swing,,sem exercício correspondente no catálogo,Kettlebell-Overhand-Grip-Swing-(female)_Hips_converted.gif,exercises/kettlebell/perna/Kettlebell-Overhand-Grip-Swing-(female)_Hips_converted.gif,b868c4f3c2684d7605c04f44d2a77faa7ca6fdae4bb7a636dba22fc851a78a3f
REVIEW,kettlebell,perna,kettlebell overhead lunge,Afundo (passada),variação/parente de um exercício do catálogo — confirmar,Kettlebell-Overhead-Lunge_Thighs__converted.gif,exercises/kettlebell/perna/Kettlebell-Overhead-Lunge_Thighs__converted.gif,ec3a5edcc5d6168d0e43d7d6a1c7989dbbfb854f486783ce73ff77ab435d5d67
UNMATCHED,kettlebell,perna,kettlebell pistol squat,,sem exercício correspondente no catálogo,Kettlebell-Pistol-Squat-(male)_Thighs-FIX__converted.gif,exercises/kettlebell/perna/Kettlebell-Pistol-Squat-(male)_Thighs-FIX__converted.gif,02c91bbdb512bc8ca7ee655b5c1a7e8ea9592bc561b253967b88b47f660365ca
UNMATCHED,kettlebell,perna,kettlebell pistol squat,,sem exercício correspondente no catálogo,Kettlebell-Pistol-Squat_thighs_converted.gif,exercises/kettlebell/perna/Kettlebell-Pistol-Squat_thighs_converted.gif,8309a757677bf78f7f083063eb7957d81a20ba2ce47f77970dcc67f17a7e2e1e
REVIEW,kettlebell,perna,kettlebell rear lunge,Afundo (passada),variação/parente de um exercício do catálogo — confirmar,Kettlebell-Rear-Lunge_Thighs-FIX__converted.gif,exercises/kettlebell/perna/Kettlebell-Rear-Lunge_Thighs-FIX__converted.gif,f96d1890b7c61659a03422fd344ae17a07e46c392c0138a1dab6f8b7c733cb3a
REVIEW,kettlebell,perna,kettlebell rear lunge,Afundo (passada),variação/parente de um exercício do catálogo — confirmar,Kettlebell-Rear-Lunge_Thighs__converted.gif,exercises/kettlebell/perna/Kettlebell-Rear-Lunge_Thighs__converted.gif,881bdc508c1358e2700837d6b0728bb2e839e6faccc937991145d4d5f55b6739
UNMATCHED,kettlebell,perna,kettlebell romanian deadlift,,sem exercício correspondente no catálogo,Kettlebell-Romanian-Deadlift-(female)_Hips__converted.gif,exercises/kettlebell/perna/Kettlebell-Romanian-Deadlift-(female)_Hips__converted.gif,2ddb1bcab9cf248284b57197c8f364aeab75535b2fca684808592acb5e4dc35e
UNMATCHED,kettlebell,perna,kettlebell romanian deadlift to squat,,sem exercício correspondente no catálogo,Kettlebell-Romanian-Deadlift-to-Squat-(male)_Thigh_converted.gif,exercises/kettlebell/perna/Kettlebell-Romanian-Deadlift-to-Squat-(male)_Thigh_converted.gif,8f420d4e5d5056ec49b51c26228a666f096878bd34f76f3dd7e0276a53b0713e
UNMATCHED,kettlebell,perna,kettlebell romanian deadlift,,sem exercício correspondente no catálogo,Kettlebell-Romanian-Deadlift_Hips__converted.gif,exercises/kettlebell/perna/Kettlebell-Romanian-Deadlift_Hips__converted.gif,9d96d3fa79363fc76d33353c52b93ed73ae0e57b200478d287f15c926342431d
UNMATCHED,kettlebell,perna,kettlebell rotational deadlift,,sem exercício correspondente no catálogo,Kettlebell-Rotational-Deadlift-(male)_Hips__converted.gif,exercises/kettlebell/perna/Kettlebell-Rotational-Deadlift-(male)_Hips__converted.gif,3315fce240c0a3fa44e5cd3fae9c0ba6fc3d6f55a75c2745f69a596bb727ae6a
REVIEW,kettlebell,perna,kettlebell side lunge,Afundo (passada),variação/parente de um exercício do catálogo — confirmar,Kettlebell-Side-Lunge-(male)_Thighs__converted.gif,exercises/kettlebell/perna/Kettlebell-Side-Lunge-(male)_Thighs__converted.gif,c4a990bd6a56d40678fd4ddea22f143a0fe940236139266dec34020a40226277
UNMATCHED,kettlebell,perna,kettlebell side squat step,,sem exercício correspondente no catálogo,Kettlebell-Side-Squat-Step-(female)_Thighs__converted.gif,exercises/kettlebell/perna/Kettlebell-Side-Squat-Step-(female)_Thighs__converted.gif,a550b7158b3655cec5d96f3e4a6e1b6deda4e59a143ffa332bacae0353cd2fd0
UNMATCHED,kettlebell,perna,kettlebell single arm clean,,sem exercício correspondente no catálogo,Kettlebell-Single-Arm-Clean-(female)_Weightlifts__converted.gif,exercises/kettlebell/perna/Kettlebell-Single-Arm-Clean-(female)_Weightlifts__converted.gif,4eadf729cfa17031a63f6679812d7dc2d8b61ecab11feb6acb87c797605b2c06
UNMATCHED,kettlebell,perna,kettlebell single arm clean and press,,sem exercício correspondente no catálogo,Kettlebell-Single-Arm-Clean-and-Press-(male)_Weigh_converted.gif,exercises/kettlebell/perna/Kettlebell-Single-Arm-Clean-and-Press-(male)_Weigh_converted.gif,fddac86c7991b10deea2eda6c88352b8b36b6fb085a9257451f9da95785413a6
UNMATCHED,kettlebell,perna,kettlebell single arm clean and push press,,sem exercício correspondente no catálogo,Kettlebell-Single-arm-Clean-and-Push-Press-(male)__converted.gif,exercises/kettlebell/perna/Kettlebell-Single-arm-Clean-and-Push-Press-(male)__converted.gif,94ae9cbfc35a01774c44ecea31cd8bad4c3fb3a6637caf8dcfbf4abb45a31a86
REVIEW,kettlebell,perna,kettlebell single arm overhead lunge,Afundo (passada),variação/parente de um exercício do catálogo — confirmar,Kettlebell-Single-Arm-Overhead-Lunge_Thighs__converted.gif,exercises/kettlebell/perna/Kettlebell-Single-Arm-Overhead-Lunge_Thighs__converted.gif,e5c9018fc82b071fd3837be8d6a3c58cea27ae95cc2182daf87229cf78d8960e
UNMATCHED,kettlebell,perna,kettlebell single arm swing,,sem exercício correspondente no catálogo,Kettlebell-Single-Arm-Swing-(female)_Weightlifts__converted.gif,exercises/kettlebell/perna/Kettlebell-Single-Arm-Swing-(female)_Weightlifts__converted.gif,b8c99acacff2ae05a13b3f2d5f92bcfd353f67d6333bba399a94b4413eb7c4f4
UNMATCHED,kettlebell,perna,kettlebell single leg deadlift,,sem exercício correspondente no catálogo,Kettlebell-Single-Leg-Deadlift_Hips__converted.gif,exercises/kettlebell/perna/Kettlebell-Single-Leg-Deadlift_Hips__converted.gif,677a39511da6ca2877ff0e23d2fff90868c458212fd0e515df2e63dddbbe154c
UNMATCHED,kettlebell,perna,kettlebell single leg split squat with low box,,sem exercício correspondente no catálogo,Kettlebell-Single-Leg-Split-Squat-with-Low-Box_Thighs__converted.gif,exercises/kettlebell/perna/Kettlebell-Single-Leg-Split-Squat-with-Low-Box_Thighs__converted.gif,b9dc8046f0172f76b25ab7b7d55f9cf07c6e234b7edecf236295c6c73ff0d71c
UNMATCHED,kettlebell,perna,kettlebell single leg split squat,,sem exercício correspondente no catálogo,Kettlebell-Single-Leg-Split-Squat_Thighs__converted.gif,exercises/kettlebell/perna/Kettlebell-Single-Leg-Split-Squat_Thighs__converted.gif,ab9e3cae14b1e9974f7cc02758b5b70ee508ce38b0a2a3bf311fd33ae2f38a86
UNMATCHED,kettlebell,perna,kettlebell snatch and swing,,sem exercício correspondente no catálogo,Kettlebell-Snatch-and-Swing-(male)_Hips__converted.gif,exercises/kettlebell/perna/Kettlebell-Snatch-and-Swing-(male)_Hips__converted.gif,187702c7154227cc8433855048b19eddd404e40224a7af2439a7d82c5f137fc4
UNMATCHED,kettlebell,perna,kettlebell split squat,,sem exercício correspondente no catálogo,Kettlebell-Split-Squat-(female)_Thighs__converted.gif,exercises/kettlebell/perna/Kettlebell-Split-Squat-(female)_Thighs__converted.gif,f5dad775bf9eca9e33adc269d366ed3f71612a3e5f3f5a446b289fecefc3945a
UNMATCHED,kettlebell,perna,kettlebell split squat,,sem exercício correspondente no catálogo,Kettlebell-Split-Squat_Thighs__converted.gif,exercises/kettlebell/perna/Kettlebell-Split-Squat_Thighs__converted.gif,3690059c761382b438658ae89af579a30b0f526b9a49c231be1bb6f70933f4f9
UNMATCHED,kettlebell,perna,kettlebell staggered stance deadlift,,sem exercício correspondente no catálogo,Kettlebell-Staggered-Stance-Deadlift-(female)_Hips_converted.gif,exercises/kettlebell/perna/Kettlebell-Staggered-Stance-Deadlift-(female)_Hips_converted.gif,924df492304b81cbce1efb46621296bf5a264e47550b90be336b061a5176404f
REVIEW,kettlebell,perna,kettlebell standing calf raise,Panturrilha em pé,variação/parente de um exercício do catálogo — confirmar,Kettlebell-Standing-Calf-Raise-(female)_Calves__converted.gif,exercises/kettlebell/perna/Kettlebell-Standing-Calf-Raise-(female)_Calves__converted.gif,0ef7ab38b722f93366ff7ec60e7013c4ee9eb2af7d61d6f2debc08ba694c08f4
UNMATCHED,kettlebell,perna,kettlebell step up,,sem exercício correspondente no catálogo,Kettlebell-Step-up-(VERSION-2)_Thighs__converted.gif,exercises/kettlebell/perna/Kettlebell-Step-up-(VERSION-2)_Thighs__converted.gif,b758e0c123e2c50c5f2d928e1a5f67fee98e1a626716a6bba3e9e4037e3b3063
UNMATCHED,kettlebell,perna,kettlebell straight leg deadlift,,sem exercício correspondente no catálogo,Kettlebell-Straight-leg-Deadlift_Hips__converted.gif,exercises/kettlebell/perna/Kettlebell-Straight-leg-Deadlift_Hips__converted.gif,2ee4ca390708c65f1d231268c99a45a9a84467426c5030e023aa9ab1d25fe00d
UNMATCHED,kettlebell,perna,kettlebell suitcase deadlift,,sem exercício correspondente no catálogo,Kettlebell-Suitcase-Deadlift-(male)_Hips__converted.gif,exercises/kettlebell/perna/Kettlebell-Suitcase-Deadlift-(male)_Hips__converted.gif,49a29928ca495bf45b35d79c609f67cf546ba5b80107367eacab0599dd8dfde4
UNMATCHED,kettlebell,perna,kettlebell sumo deadlift with high pull,,sem exercício correspondente no catálogo,Kettlebell-Sumo-Deadlift-with-High-Pull-(male)_Hip_converted.gif,exercises/kettlebell/perna/Kettlebell-Sumo-Deadlift-with-High-Pull-(male)_Hip_converted.gif,b187a1583484146f6f7289382f48a5c328ddb2d9faaffa2ec429c58e39caa65a
UNMATCHED,kettlebell,perna,kettlebell sumo deadlift,,sem exercício correspondente no catálogo,Kettlebell-Sumo-Deadlift_Hips__converted.gif,exercises/kettlebell/perna/Kettlebell-Sumo-Deadlift_Hips__converted.gif,6970fdf753e795fa2039902a8e6c7134719a0868a784beb0cb0122b0f9a3b7da
UNMATCHED,kettlebell,perna,kettlebell sumo high pull,,sem exercício correspondente no catálogo,Kettlebell-Sumo-High-Pull_Back__converted.gif,exercises/kettlebell/perna/Kettlebell-Sumo-High-Pull_Back__converted.gif,890440cbe27a19c0b2aad15763fbab786d4509881a7cff75c1ecf36ee144b9d7
UNMATCHED,kettlebell,perna,kettlebell sumo squat,,sem exercício correspondente no catálogo,Kettlebell-Sumo-Squat-(male)_Hips__converted.gif,exercises/kettlebell/perna/Kettlebell-Sumo-Squat-(male)_Hips__converted.gif,deb256f191ab0dd0ee765cbfefbf629161263825f0ab189be4d51b1ec2269e57
UNMATCHED,kettlebell,perna,kettlebell sumo squat,,sem exercício correspondente no catálogo,Kettlebell-Sumo-Squat-(VERSION-2)_Hips__converted.gif,exercises/kettlebell/perna/Kettlebell-Sumo-Squat-(VERSION-2)_Hips__converted.gif,b48a0e35349149437ab582c47a31bafa929fef1d981c639e19cc3f44469b95bb
UNMATCHED,kettlebell,perna,kettlebell sumo squat off stepbox,,sem exercício correspondente no catálogo,Kettlebell-Sumo-Squat-off-Stepbox-(male)_Hips__converted.gif,exercises/kettlebell/perna/Kettlebell-Sumo-Squat-off-Stepbox-(male)_Hips__converted.gif,687fe5ac69ab8981af5e629046a90a1b986da9893ad3841ccb705a13c86aedac
UNMATCHED,kettlebell,perna,kettlebell swing,,sem exercício correspondente no catálogo,Kettlebell-Swing-(female)_Hips-FIX__converted.gif,exercises/kettlebell/perna/Kettlebell-Swing-(female)_Hips-FIX__converted.gif,90d8a859541e7b1623f04c60d1710f5581adbee7cd2ae74f547952f44150b3c5
UNMATCHED,kettlebell,perna,kettlebell swing clean grip front squat,,sem exercício correspondente no catálogo,Kettlebell-Swing-Clean-grip-Front-Squat-(female)_Hips__converted.gif,exercises/kettlebell/perna/Kettlebell-Swing-Clean-grip-Front-Squat-(female)_Hips__converted.gif,968774426ecda1f99baf24c75c3b85048e8e56cd19067a457d56b73701dc88f9
UNMATCHED,kettlebell,perna,kettlebell swing clean grip front squat overhead p,,sem exercício correspondente no catálogo,Kettlebell-Swing-Clean-grip-Front-Squat-Overhead-P_converted.gif,exercises/kettlebell/perna/Kettlebell-Swing-Clean-grip-Front-Squat-Overhead-P_converted.gif,b4e7bbb099ae319e549b84367dd6bfdd49cdb2ac7daa15c8d435ce44cb8d3ae5
UNMATCHED,kettlebell,perna,kettlebell swing to goblet squat,,sem exercício correspondente no catálogo,Kettlebell-Swing-to-Goblet-Squat_Thighs__converted.gif,exercises/kettlebell/perna/Kettlebell-Swing-to-Goblet-Squat_Thighs__converted.gif,9bdb45c5b0da9675bf18808af000b99d09909d116da99ce6918299629c72ef4b
UNMATCHED,kettlebell,perna,kettlebell swing,,sem exercício correspondente no catálogo,Kettlebell-Swing_Hips-FIX2__converted.gif,exercises/kettlebell/perna/Kettlebell-Swing_Hips-FIX2__converted.gif,94a8ab581c6fae4aa944c736f4d266da9883841ebc9eb19749f7225697fc196f
UNMATCHED,kettlebell,perna,kettlebell thruster,,sem exercício correspondente no catálogo,Kettlebell-Thruster_Shoulders__converted.gif,exercises/kettlebell/perna/Kettlebell-Thruster_Shoulders__converted.gif,ba2590241d2f8f4e0ed2199489763990926d7695908a51f1054d5616ea19d256
UNMATCHED,kettlebell,perna,kettlebell two arm clean,,sem exercício correspondente no catálogo,Kettlebell-Two-Arm-Clean_Shoulders__converted.gif,exercises/kettlebell/perna/Kettlebell-Two-Arm-Clean_Shoulders__converted.gif,f11766b5770b07ae585c540e6fc8256aa63eee39e1b13c5466f1647d763d0f3c
UNMATCHED,kettlebell,perna,kettlebell unilateral farmers walk,,sem exercício correspondente no catálogo,Kettlebell-Unilateral-Farmers-Walk-(male)_Weightli_converted.gif,exercises/kettlebell/perna/Kettlebell-Unilateral-Farmers-Walk-(male)_Weightli_converted.gif,beabba27f8fe5120ef02e1473dcd5b2393f6b022cf2631238e87a7d0d9ab26ab
UNMATCHED,kettlebell,perna,weighted kettlebell glute single leg bridge from b,,sem exercício correspondente no catálogo,Weighted-Kettlebell-Glute-Single-Leg-Bridge-from-B_converted.gif,exercises/kettlebell/perna/Weighted-Kettlebell-Glute-Single-Leg-Bridge-from-B_converted.gif,252b65cb77272260377fa3b7e3cc5d3b49b9f275fb0e9773fb5dc11e45867b7a
UNMATCHED,kettlebell,trapezio,kettlebell angled press,,sem exercício correspondente no catálogo,Kettlebell-Angled-Press_Back_converted.gif,exercises/kettlebell/trapezio/Kettlebell-Angled-Press_Back_converted.gif,50e8b9f35663ab2d7d092c438f34509df24f2f47fe4cfd3651be02aac3931cd1
UNMATCHED,kettlebell,trapezio,kettlebell decline shrug,,sem exercício correspondente no catálogo,Kettlebell-Decline-Shrug_Back__converted.gif,exercises/kettlebell/trapezio/Kettlebell-Decline-Shrug_Back__converted.gif,6bab6d9ad1badec0e906c1ac75aaca866139c0d010ba4243d825ad7e2ee1a427
UNMATCHED,kettlebell,trapezio,kettlebell incline shrug,,sem exercício correspondente no catálogo,Kettlebell-Incline-Shrug_Back__converted.gif,exercises/kettlebell/trapezio/Kettlebell-Incline-Shrug_Back__converted.gif,4dad54ccb18e09c6d4e8d11cf77e46845cafa8cc9650f246efc8f617f69dbf55
UNMATCHED,kettlebell,trapezio,kettlebell shrug,,sem exercício correspondente no catálogo,Kettlebell-Shrug_Back__converted.gif,exercises/kettlebell/trapezio/Kettlebell-Shrug_Back__converted.gif,f2e7359be54f320804a4c7662fb4817fedb61ef016d48a87103d3763478a2962
UNMATCHED,kettlebell,trapezio,kettlebell upright row,,sem exercício correspondente no catálogo,Kettlebell-Upright-Row-(male)_Shoulders__converted.gif,exercises/kettlebell/trapezio/Kettlebell-Upright-Row-(male)_Shoulders__converted.gif,4cfe12a5e18cbb1cfe81354bd6f56040e7c6e5cfddad87a680e014aa162e462c
UNMATCHED,kettlebell,triceps,kettlebell incline triceps extension,,sem exercício correspondente no catálogo,Kettlebell-Incline-Triceps-Extension_Upper-Arms__converted.gif,exercises/kettlebell/triceps/Kettlebell-Incline-Triceps-Extension_Upper-Arms__converted.gif,c4d58404110ae409477ff61591692dc30b63884d6c78346f01496970915c2e54
UNMATCHED,kettlebell,triceps,kettlebell lying triceps extension skull crusher,,sem exercício correspondente no catálogo,Kettlebell-Lying-Triceps-Extension-Skull-Crusher_Upper-Arms__converted.gif,exercises/kettlebell/triceps/Kettlebell-Lying-Triceps-Extension-Skull-Crusher_Upper-Arms__converted.gif,b5b1477d14c9eadc85e334a739748d344cde5ffc2786a4b3b2ad36d449e6615c
UNMATCHED,kettlebell,triceps,kettlebell overhead triceps extension,,sem exercício correspondente no catálogo,Kettlebell-Overhead-Triceps-Extension_Upper-Arms__converted.gif,exercises/kettlebell/triceps/Kettlebell-Overhead-Triceps-Extension_Upper-Arms__converted.gif,d771a6881cb9bc12e601b82e4753ab9923d2b7dc220fef4813f34a64d14fd5d0
UNMATCHED,kettlebell,triceps,kettlebell standing one arm extension,,sem exercício correspondente no catálogo,Kettlebell-Standing-One-Arm-Extension_Upper-Arms__converted.gif,exercises/kettlebell/triceps/Kettlebell-Standing-One-Arm-Extension_Upper-Arms__converted.gif,bd991ee85e37519373d3cf4a604e3086bf3cc9264d8193c8b07a1c0aa7921c63
